product_id,date,sales,knn_avg_distance,knn_flag,z_score,z_flag,modified_z,mz_flag
P001,2023-01-01,56,0.0,False,-0.0168528873759112,False,1.1241666666666668,False
P001,2023-01-02,35,0.0,False,-0.07371884568268319,False,-1.2365833333333334,False
P001,2023-01-03,44,0.0,False,-0.04934772069406663,False,-0.22483333333333333,False
P001,2023-01-04,45,0.0,False,-0.04663981791755367,False,-0.11241666666666666,False
P001,2023-01-05,30,1.8,True,-0.08725835956524795,False,-1.7986666666666666,False
P001,2023-01-06,34,0.0,False,-0.07642674845919616,False,-1.349,False
P001,2023-01-07,55,0.0,False,-0.019560790152424148,False,1.01175,False
P001,2023-01-08,52,0.0,False,-0.027684498481963006,False,0.6745,False
P001,2023-01-09,40,0.0,False,-0.06017933180011843,False,-0.6745,False
P001,2023-01-10,36,0.0,False,-0.07101094290617024,False,-1.1241666666666668,False
P001,2023-01-11,44,0.0,False,-0.04934772069406663,False,-0.22483333333333333,False
P001,2023-01-12,44,0.0,False,-0.04934772069406663,False,-0.22483333333333333,False
P001,2023-01-13,40,0.0,False,-0.06017933180011843,False,-0.6745,False
P001,2023-01-14,60,0.0,False,-0.006021276269859387,False,1.5738333333333332,False
P001,2023-01-15,56,0.0,False,-0.0168528873759112,False,1.1241666666666668,False
P001,2023-01-16,36,0.0,False,-0.07101094290617024,False,-1.1241666666666668,False
P001,2023-01-17,42,0.0,False,-0.054763526247092534,False,-0.44966666666666666,False
P001,2023-01-18,35,0.0,False,-0.07371884568268319,False,-1.2365833333333334,False
P001,2023-01-19,45,0.0,False,-0.04663981791755367,False,-0.11241666666666666,False
P001,2023-01-20,40,0.0,False,-0.06017933180011843,False,-0.6745,False
P001,2023-01-21,53,0.0,False,-0.024976595705450053,False,0.7869166666666666,False
P001,2023-01-22,51,0.0,False,-0.03039240125847596,False,0.5620833333333334,False
P001,2023-01-23,46,0.0,False,-0.04393191514104072,False,0.0,False
P001,2023-01-24,39,0.0,False,-0.06288723457663138,False,-0.7869166666666666,False
P001,2023-01-25,38,0.0,False,-0.06559513735314434,False,-0.8993333333333333,False
P001,2023-01-26,38,0.0,False,-0.06559513735314434,False,-0.8993333333333333,False
P001,2023-01-27,43,0.0,False,-0.05205562347057958,False,-0.33725,False
P001,2023-01-28,56,0.0,False,-0.0168528873759112,False,1.1241666666666668,False
P001,2023-01-29,56,0.0,False,-0.0168528873759112,False,1.1241666666666668,False
P001,2023-01-30,42,0.0,False,-0.054763526247092534,False,-0.44966666666666666,False
P001,2023-01-31,51,0.0,False,-0.03039240125847596,False,0.5620833333333334,False
P001,2023-02-01,38,0.0,False,-0.06559513735314434,False,-0.8993333333333333,False
P001,2023-02-02,38,0.0,False,-0.06559513735314434,False,-0.8993333333333333,False
P001,2023-02-03,36,0.0,False,-0.07101094290617024,False,-1.1241666666666668,False
P001,2023-02-04,57,0.0,False,-0.014144984599398244,False,1.2365833333333334,False
P001,2023-02-05,60,0.0,False,-0.006021276269859387,False,1.5738333333333332,False
P001,2023-02-06,40,0.0,False,-0.06017933180011843,False,-0.6745,False
P001,2023-02-07,36,0.0,False,-0.07101094290617024,False,-1.1241666666666668,False
P001,2023-02-08,36,0.0,False,-0.07101094290617024,False,-1.1241666666666668,False
P001,2023-02-09,44,0.0,False,-0.04934772069406663,False,-0.22483333333333333,False
P001,2023-02-10,44,0.0,False,-0.04934772069406663,False,-0.22483333333333333,False
P001,2023-02-11,57,0.0,False,-0.014144984599398244,False,1.2365833333333334,False
P001,2023-02-12,51,0.0,False,-0.03039240125847596,False,0.5620833333333334,False
P001,2023-02-13,42,0.0,False,-0.054763526247092534,False,-0.44966666666666666,False
P001,2023-02-14,41,0.0,False,-0.05747142902360548,False,-0.5620833333333334,False
P001,2023-02-15,42,0.0,False,-0.054763526247092534,False,-0.44966666666666666,False
P001,2023-02-16,45,0.0,False,-0.04663981791755367,False,-0.11241666666666666,False
P001,2023-02-17,42,0.0,False,-0.054763526247092534,False,-0.44966666666666666,False
P001,2023-02-18,58,0.0,False,-0.011437081822885293,False,1.349,False
P001,2023-02-19,55,0.0,False,-0.019560790152424148,False,1.01175,False
P001,2023-02-20,42,0.0,False,-0.054763526247092534,False,-0.44966666666666666,False
P001,2023-02-21,44,0.0,False,-0.04934772069406663,False,-0.22483333333333333,False
P001,2023-02-22,33,0.4,True,-0.0791346512357091,False,-1.4614166666666666,False
P001,2023-02-23,39,0.0,False,-0.06288723457663138,False,-0.7869166666666666,False
P001,2023-02-24,38,0.0,False,-0.06559513735314434,False,-0.8993333333333333,False
P001,2023-02-25,51,0.0,False,-0.03039240125847596,False,0.5620833333333334,False
P001,2023-02-26,53,0.0,False,-0.024976595705450053,False,0.7869166666666666,False
P001,2023-02-27,48,0.0,False,-0.03851610958801482,False,0.22483333333333333,False
P001,2023-02-28,36,0.0,False,-0.07101094290617024,False,-1.1241666666666668,False
P001,2023-03-01,45,0.0,False,-0.04663981791755367,False,-0.11241666666666666,False
P001,2023-03-02,32,0.0,False,-0.08184255401222205,False,-1.5738333333333332,False
P001,2023-03-03,39,0.0,False,-0.06288723457663138,False,-0.7869166666666666,False
P001,2023-03-04,55,0.0,False,-0.019560790152424148,False,1.01175,False
P001,2023-03-05,58,0.0,False,-0.011437081822885293,False,1.349,False
P001,2023-03-06,44,0.0,False,-0.04934772069406663,False,-0.22483333333333333,False
P001,2023-03-07,45,0.0,False,-0.04663981791755367,False,-0.11241666666666666,False
P001,2023-03-08,39,0.0,False,-0.06288723457663138,False,-0.7869166666666666,False
P001,2023-03-09,38,0.0,False,-0.06559513735314434,False,-0.8993333333333333,False
P001,2023-03-10,45,0.0,False,-0.04663981791755367,False,-0.11241666666666666,False
P001,2023-03-11,54,0.0,False,-0.0222686929289371,False,0.8993333333333333,False
P001,2023-03-12,48,0.0,False,-0.03851610958801482,False,0.22483333333333333,False
P001,2023-03-13,35,0.0,False,-0.07371884568268319,False,-1.2365833333333334,False
P001,2023-03-14,432,296.2,True,1.0013185565929588,False,43.39283333333333,True
P001,2023-03-15,43,0.0,False,-0.05205562347057958,False,-0.33725,False
P001,2023-03-16,41,0.0,False,-0.05747142902360548,False,-0.5620833333333334,False
P001,2023-03-17,44,0.0,False,-0.04934772069406663,False,-0.22483333333333333,False
P001,2023-03-18,53,0.0,False,-0.024976595705450053,False,0.7869166666666666,False
P001,2023-03-19,56,0.0,False,-0.0168528873759112,False,1.1241666666666668,False
P001,2023-03-20,44,0.0,False,-0.04934772069406663,False,-0.22483333333333333,False
P001,2023-03-21,39,0.0,False,-0.06288723457663138,False,-0.7869166666666666,False
P001,2023-03-22,43,0.0,False,-0.05205562347057958,False,-0.33725,False
P001,2023-03-23,38,0.0,False,-0.06559513735314434,False,-0.8993333333333333,False
P001,2023-03-24,39,0.0,False,-0.06288723457663138,False,-0.7869166666666666,False
P001,2023-03-25,53,0.0,False,-0.024976595705450053,False,0.7869166666666666,False
P001,2023-03-26,49,0.0,False,-0.03580820681150186,False,0.33725,False
P001,2023-03-27,43,0.0,False,-0.05205562347057958,False,-0.33725,False
P001,2023-03-28,39,0.0,False,-0.06288723457663138,False,-0.7869166666666666,False
P001,2023-03-29,41,0.0,False,-0.05747142902360548,False,-0.5620833333333334,False
P001,2023-03-30,43,0.0,False,-0.05205562347057958,False,-0.33725,False
P001,2023-03-31,43,0.0,False,-0.05205562347057958,False,-0.33725,False
P001,2023-04-01,58,0.0,False,-0.011437081822885293,False,1.349,False
P001,2023-04-02,54,0.0,False,-0.0222686929289371,False,0.8993333333333333,False
P001,2023-04-03,39,0.0,False,-0.06288723457663138,False,-0.7869166666666666,False
P001,2023-04-04,41,0.0,False,-0.05747142902360548,False,-0.5620833333333334,False
P001,2023-04-05,33,0.4,True,-0.0791346512357091,False,-1.4614166666666666,False
P001,2023-04-06,34,0.0,False,-0.07642674845919616,False,-1.349,False
P001,2023-04-07,34,0.0,False,-0.07642674845919616,False,-1.349,False
P001,2023-04-08,50,0.0,False,-0.03310030403498891,False,0.44966666666666666,False
P001,2023-04-09,57,0.0,False,-0.014144984599398244,False,1.2365833333333334,False
P001,2023-04-10,36,0.0,False,-0.07101094290617024,False,-1.1241666666666668,False
P001,2023-04-11,39,0.0,False,-0.06288723457663138,False,-0.7869166666666666,False
P001,2023-04-12,48,0.0,False,-0.03851610958801482,False,0.22483333333333333,False
P001,2023-04-13,39,0.0,False,-0.06288723457663138,False,-0.7869166666666666,False
P001,2023-04-14,45,0.0,False,-0.04663981791755367,False,-0.11241666666666666,False
P001,2023-04-15,50,0.0,False,-0.03310030403498891,False,0.44966666666666666,False
P001,2023-04-16,54,0.0,False,-0.0222686929289371,False,0.8993333333333333,False
P001,2023-04-17,36,0.0,False,-0.07101094290617024,False,-1.1241666666666668,False
P001,2023-04-18,39,0.0,False,-0.06288723457663138,False,-0.7869166666666666,False
P001,2023-04-19,45,0.0,False,-0.04663981791755367,False,-0.11241666666666666,False
P001,2023-04-20,32,0.0,False,-0.08184255401222205,False,-1.5738333333333332,False
P001,2023-04-21,43,0.0,False,-0.05205562347057958,False,-0.33725,False
P001,2023-04-22,56,0.0,False,-0.0168528873759112,False,1.1241666666666668,False
P001,2023-04-23,52,0.0,False,-0.027684498481963006,False,0.6745,False
P001,2023-04-24,34,0.0,False,-0.07642674845919616,False,-1.349,False
P001,2023-04-25,42,0.0,False,-0.054763526247092534,False,-0.44966666666666666,False
P001,2023-04-26,39,0.0,False,-0.06288723457663138,False,-0.7869166666666666,False
P001,2023-04-27,42,0.0,False,-0.054763526247092534,False,-0.44966666666666666,False
P001,2023-04-28,41,0.0,False,-0.05747142902360548,False,-0.5620833333333334,False
P001,2023-04-29,63,0.0,False,0.00210243205967947,False,1.9110833333333332,False
P001,2023-04-30,54,0.0,False,-0.0222686929289371,False,0.8993333333333333,False
P001,2023-05-01,36,0.0,False,-0.07101094290617024,False,-1.1241666666666668,False
P001,2023-05-02,42,0.0,False,-0.054763526247092534,False,-0.44966666666666666,False
P001,2023-05-03,42,0.0,False,-0.054763526247092534,False,-0.44966666666666666,False
P001,2023-05-04,48,0.0,False,-0.03851610958801482,False,0.22483333333333333,False
P001,2023-05-05,45,0.0,False,-0.04663981791755367,False,-0.11241666666666666,False
P001,2023-05-06,57,0.0,False,-0.014144984599398244,False,1.2365833333333334,False
P001,2023-05-07,63,0.0,False,0.00210243205967947,False,1.9110833333333332,False
P001,2023-05-08,35,0.0,False,-0.07371884568268319,False,-1.2365833333333334,False
P001,2023-05-09,38,0.0,False,-0.06559513735314434,False,-0.8993333333333333,False
P001,2023-05-10,37,0.0,False,-0.0683030401296573,False,-1.01175,False
P001,2023-05-11,39,0.0,False,-0.06288723457663138,False,-0.7869166666666666,False
P001,2023-05-12,34,0.0,False,-0.07642674845919616,False,-1.349,False
P001,2023-05-13,58,0.0,False,-0.011437081822885293,False,1.349,False
P001,2023-05-14,54,0.0,False,-0.0222686929289371,False,0.8993333333333333,False
P001,2023-05-15,34,0.0,False,-0.07642674845919616,False,-1.349,False
P001,2023-05-16,36,0.0,False,-0.07101094290617024,False,-1.1241666666666668,False
P001,2023-05-17,43,0.0,False,-0.05205562347057958,False,-0.33725,False
P001,2023-05-18,46,0.0,False,-0.04393191514104072,False,0.0,False
P001,2023-05-19,51,0.0,False,-0.03039240125847596,False,0.5620833333333334,False
P001,2023-05-20,70,0.8,True,0.021057751495270137,False,2.698,False
P001,2023-05-21,57,0.0,False,-0.014144984599398244,False,1.2365833333333334,False
P001,2023-05-22,36,0.0,False,-0.07101094290617024,False,-1.1241666666666668,False
P001,2023-05-23,31,1.0,True,-0.084550456788735,False,-1.68625,False
P001,2023-05-24,43,0.0,False,-0.05205562347057958,False,-0.33725,False
P001,2023-05-25,37,0.0,False,-0.0683030401296573,False,-1.01175,False
P001,2023-05-26,39,0.0,False,-0.06288723457663138,False,-0.7869166666666666,False
P001,2023-05-27,52,0.0,False,-0.027684498481963006,False,0.6745,False
P001,2023-05-28,55,0.0,False,-0.019560790152424148,False,1.01175,False
P001,2023-05-29,47,0.0,False,-0.041224012364527766,False,0.11241666666666666,False
P001,2023-05-30,42,0.0,False,-0.054763526247092534,False,-0.44966666666666666,False
P001,2023-05-31,41,0.0,False,-0.05747142902360548,False,-0.5620833333333334,False
P001,2023-06-01,36,0.0,False,-0.07101094290617024,False,-1.1241666666666668,False
P001,2023-06-02,33,0.4,False,-0.0791346512357091,False,-1.4614166666666666,False
P001,2023-06-03,53,0.0,False,-0.024976595705450053,False,0.7869166666666666,False
P001,2023-06-04,55,0.0,False,-0.019560790152424148,False,1.01175,False
P001,2023-06-05,0,12.2,True,-0.16849544286063653,False,-5.171166666666667,True
P001,2023-06-06,0,12.2,True,-0.16849544286063653,False,-5.171166666666667,True
P001,2023-06-07,0,12.2,True,-0.16849544286063653,False,-5.171166666666667,True
P001,2023-06-08,0,12.2,True,-0.16849544286063653,False,-5.171166666666667,True
P001,2023-06-09,36,0.0,False,-0.07101094290617024,False,-1.1241666666666668,False
P001,2023-06-10,51,0.0,False,-0.03039240125847596,False,0.5620833333333334,False
P001,2023-06-11,52,0.0,False,-0.027684498481963006,False,0.6745,False
P001,2023-06-12,52,0.0,False,-0.027684498481963006,False,0.6745,False
P001,2023-06-13,38,0.0,False,-0.06559513735314434,False,-0.8993333333333333,False
P001,2023-06-14,46,0.0,False,-0.04393191514104072,False,0.0,False
P001,2023-06-15,37,0.0,False,-0.0683030401296573,False,-1.01175,False
P001,2023-06-16,46,0.0,False,-0.04393191514104072,False,0.0,False
P001,2023-06-17,58,0.0,False,-0.011437081822885293,False,1.349,False
P001,2023-06-18,55,0.0,False,-0.019560790152424148,False,1.01175,False
P001,2023-06-19,41,0.0,False,-0.05747142902360548,False,-0.5620833333333334,False
P001,2023-06-20,38,0.0,False,-0.06559513735314434,False,-0.8993333333333333,False
P001,2023-06-21,44,0.0,False,-0.04934772069406663,False,-0.22483333333333333,False
P001,2023-06-22,39,0.0,False,-0.06288723457663138,False,-0.7869166666666666,False
P001,2023-06-23,36,0.0,False,-0.07101094290617024,False,-1.1241666666666668,False
P001,2023-06-24,49,0.0,False,-0.03580820681150186,False,0.33725,False
P001,2023-06-25,57,0.0,False,-0.014144984599398244,False,1.2365833333333334,False
P001,2023-06-26,50,0.0,False,-0.03310030403498891,False,0.44966666666666666,False
P001,2023-06-27,43,0.0,False,-0.05205562347057958,False,-0.33725,False
P001,2023-06-28,41,0.0,False,-0.05747142902360548,False,-0.5620833333333334,False
P001,2023-06-29,43,0.0,False,-0.05205562347057958,False,-0.33725,False
P001,2023-06-30,48,0.0,False,-0.03851610958801482,False,0.22483333333333333,False
P001,2023-07-01,57,0.0,False,-0.014144984599398244,False,1.2365833333333334,False
P001,2023-07-02,54,0.0,False,-0.0222686929289371,False,0.8993333333333333,False
P001,2023-07-03,47,0.0,False,-0.041224012364527766,False,0.11241666666666666,False
P001,2023-07-04,44,0.0,False,-0.04934772069406663,False,-0.22483333333333333,False
P001,2023-07-05,50,0.0,False,-0.03310030403498891,False,0.44966666666666666,False
P001,2023-07-06,43,0.0,False,-0.05205562347057958,False,-0.33725,False
P001,2023-07-07,36,0.0,False,-0.07101094290617024,False,-1.1241666666666668,False
P001,2023-07-08,49,0.0,False,-0.03580820681150186,False,0.33725,False
P001,2023-07-09,64,0.0,False,0.004810334836192422,False,2.0235,False
P001,2023-07-10,51,0.0,False,-0.03039240125847596,False,0.5620833333333334,False
P001,2023-07-11,41,0.0,False,-0.05747142902360548,False,-0.5620833333333334,False
P001,2023-07-12,40,0.0,False,-0.06017933180011843,False,-0.6745,False
P001,2023-07-13,49,0.0,False,-0.03580820681150186,False,0.33725,False
P001,2023-07-14,36,0.0,False,-0.07101094290617024,False,-1.1241666666666668,False
P001,2023-07-15,51,0.0,False,-0.03039240125847596,False,0.5620833333333334,False
P001,2023-07-16,59,0.0,False,-0.00872917904637234,False,1.4614166666666666,False
P001,2023-07-17,40,0.0,False,-0.06017933180011843,False,-0.6745,False
P001,2023-07-18,42,0.0,False,-0.054763526247092534,False,-0.44966666666666666,False
P001,2023-07-19,41,0.0,False,-0.05747142902360548,False,-0.5620833333333334,False
P001,2023-07-20,44,0.0,False,-0.04934772069406663,False,-0.22483333333333333,False
P001,2023-07-21,49,0.0,False,-0.03580820681150186,False,0.33725,False
P001,2023-07-22,56,0.0,False,-0.0168528873759112,False,1.1241666666666668,False
P001,2023-07-23,59,0.0,False,-0.00872917904637234,False,1.4614166666666666,False
P001,2023-07-24,32,0.0,False,-0.08184255401222205,False,-1.5738333333333332,False
P001,2023-07-25,42,0.0,False,-0.054763526247092534,False,-0.44966666666666666,False
P001,2023-07-26,38,0.0,False,-0.06559513735314434,False,-0.8993333333333333,False
P001,2023-07-27,36,0.0,False,-0.07101094290617024,False,-1.1241666666666668,False
P001,2023-07-28,38,0.0,False,-0.06559513735314434,False,-0.8993333333333333,False
P001,2023-07-29,54,0.0,False,-0.0222686929289371,False,0.8993333333333333,False
P001,2023-07-30,61,0.0,False,-0.003313373493346435,False,1.68625,False
P001,2023-07-31,35,0.0,False,-0.07371884568268319,False,-1.2365833333333334,False
P001,2023-08-01,42,0.0,False,-0.054763526247092534,False,-0.44966666666666666,False
P001,2023-08-02,40,0.0,False,-0.06017933180011843,False,-0.6745,False
P001,2023-08-03,41,0.0,False,-0.05747142902360548,False,-0.5620833333333334,False
P001,2023-08-04,47,0.0,False,-0.041224012364527766,False,0.11241666666666666,False
P001,2023-08-05,59,0.0,False,-0.00872917904637234,False,1.4614166666666666,False
P001,2023-08-06,63,0.0,False,0.00210243205967947,False,1.9110833333333332,False
P001,2023-08-07,41,0.0,False,-0.05747142902360548,False,-0.5620833333333334,False
P001,2023-08-08,9999,9768.0,True,26.907824419492375,True,1118.8830833333334,True
P001,2023-08-09,41,0.0,False,-0.05747142902360548,False,-0.5620833333333334,False
P001,2023-08-10,43,0.0,False,-0.05205562347057958,False,-0.33725,False
P001,2023-08-11,43,0.0,False,-0.05205562347057958,False,-0.33725,False
P001,2023-08-12,51,0.0,False,-0.03039240125847596,False,0.5620833333333334,False
P001,2023-08-13,57,0.0,False,-0.014144984599398244,False,1.2365833333333334,False
P001,2023-08-14,43,0.0,False,-0.05205562347057958,False,-0.33725,False
P001,2023-08-15,55,0.0,False,-0.019560790152424148,False,1.01175,False
P001,2023-08-16,52,0.0,False,-0.027684498481963006,False,0.6745,False
P001,2023-08-17,38,0.0,False,-0.06559513735314434,False,-0.8993333333333333,False
P001,2023-08-18,41,0.0,False,-0.05747142902360548,False,-0.5620833333333334,False
P001,2023-08-19,49,0.0,False,-0.03580820681150186,False,0.33725,False
P001,2023-08-20,53,0.0,False,-0.024976595705450053,False,0.7869166666666666,False
P001,2023-08-21,44,0.0,False,-0.04934772069406663,False,-0.22483333333333333,False
P001,2023-08-22,48,0.0,False,-0.03851610958801482,False,0.22483333333333333,False
P001,2023-08-23,39,0.0,False,-0.06288723457663138,False,-0.7869166666666666,False
P001,2023-08-24,39,0.0,False,-0.06288723457663138,False,-0.7869166666666666,False
P001,2023-08-25,32,0.0,False,-0.08184255401222205,False,-1.5738333333333332,False
P001,2023-08-26,56,0.0,False,-0.0168528873759112,False,1.1241666666666668,False
P001,2023-08-27,51,0.0,False,-0.03039240125847596,False,0.5620833333333334,False
P001,2023-08-28,40,0.0,False,-0.06017933180011843,False,-0.6745,False
P001,2023-08-29,38,0.0,False,-0.06559513735314434,False,-0.8993333333333333,False
P001,2023-08-30,42,0.0,False,-0.054763526247092534,False,-0.44966666666666666,False
P001,2023-08-31,34,0.0,False,-0.07642674845919616,False,-1.349,False
P001,2023-09-01,35,0.0,False,-0.07371884568268319,False,-1.2365833333333334,False
P001,2023-09-02,67,0.0,False,0.01293404316573128,False,2.36075,False
P001,2023-09-03,50,0.0,False,-0.03310030403498891,False,0.44966666666666666,False
P001,2023-09-04,37,0.0,False,-0.0683030401296573,False,-1.01175,False
P001,2023-09-05,52,0.0,False,-0.027684498481963006,False,0.6745,False
P001,2023-09-06,57,0.0,False,-0.014144984599398244,False,1.2365833333333334,False
P001,2023-09-07,37,0.0,False,-0.0683030401296573,False,-1.01175,False
P001,2023-09-08,41,0.0,False,-0.05747142902360548,False,-0.5620833333333334,False
P001,2023-09-09,58,0.0,False,-0.011437081822885293,False,1.349,False
P001,2023-09-10,65,0.2,False,0.007518237612705375,False,2.1359166666666667,False
P001,2023-09-11,38,0.0,False,-0.06559513735314434,False,-0.8993333333333333,False
P001,2023-09-12,41,0.0,False,-0.05747142902360548,False,-0.5620833333333334,False
P001,2023-09-13,46,0.0,False,-0.04393191514104072,False,0.0,False
P001,2023-09-14,45,0.0,False,-0.04663981791755367,False,-0.11241666666666666,False
P001,2023-09-15,41,0.0,False,-0.05747142902360548,False,-0.5620833333333334,False
P001,2023-09-16,56,0.0,False,-0.0168528873759112,False,1.1241666666666668,False
P001,2023-09-17,50,0.0,False,-0.03310030403498891,False,0.44966666666666666,False
P001,2023-09-18,41,0.0,False,-0.05747142902360548,False,-0.5620833333333334,False
P001,2023-09-19,41,0.0,False,-0.05747142902360548,False,-0.5620833333333334,False
P001,2023-09-20,44,0.0,False,-0.04934772069406663,False,-0.22483333333333333,False
P001,2023-09-21,40,0.0,False,-0.06017933180011843,False,-0.6745,False
P001,2023-09-22,45,0.0,False,-0.04663981791755367,False,-0.11241666666666666,False
P001,2023-09-23,62,0.0,False,-0.0006054707168334824,False,1.7986666666666666,False
P001,2023-09-24,57,0.0,False,-0.014144984599398244,False,1.2365833333333334,False
P001,2023-09-25,44,0.0,False,-0.04934772069406663,False,-0.22483333333333333,False
P001,2023-09-26,43,0.0,False,-0.05205562347057958,False,-0.33725,False
P001,2023-09-27,43,0.0,False,-0.05205562347057958,False,-0.33725,False
P001,2023-09-28,39,0.0,False,-0.06288723457663138,False,-0.7869166666666666,False
P001,2023-09-29,44,0.0,False,-0.04934772069406663,False,-0.22483333333333333,False
P001,2023-09-30,56,0.0,False,-0.0168528873759112,False,1.1241666666666668,False
P001,2023-10-01,67,0.0,False,0.01293404316573128,False,2.36075,False
P001,2023-10-02,51,0.0,False,-0.03039240125847596,False,0.5620833333333334,False
P001,2023-10-03,45,0.0,False,-0.04663981791755367,False,-0.11241666666666666,False
P001,2023-10-04,39,0.0,False,-0.06288723457663138,False,-0.7869166666666666,False
P001,2023-10-05,37,0.0,False,-0.0683030401296573,False,-1.01175,False
P001,2023-10-06,49,0.0,False,-0.03580820681150186,False,0.33725,False
P001,2023-10-07,58,0.0,False,-0.011437081822885293,False,1.349,False
P001,2023-10-08,59,0.0,False,-0.00872917904637234,False,1.4614166666666666,False
P001,2023-10-09,34,0.0,False,-0.07642674845919616,False,-1.349,False
P001,2023-10-10,47,0.0,False,-0.041224012364527766,False,0.11241666666666666,False
P001,2023-10-11,45,0.0,False,-0.04663981791755367,False,-0.11241666666666666,False
P001,2023-10-12,37,0.0,False,-0.0683030401296573,False,-1.01175,False
P001,2023-10-13,40,0.0,False,-0.06017933180011843,False,-0.6745,False
P001,2023-10-14,58,0.0,False,-0.011437081822885293,False,1.349,False
P001,2023-10-15,57,0.0,False,-0.014144984599398244,False,1.2365833333333334,False
P001,2023-10-16,41,0.0,False,-0.05747142902360548,False,-0.5620833333333334,False
P001,2023-10-17,42,0.0,False,-0.054763526247092534,False,-0.44966666666666666,False
P001,2023-10-18,42,0.0,False,-0.054763526247092534,False,-0.44966666666666666,False
P001,2023-10-19,44,0.0,False,-0.04934772069406663,False,-0.22483333333333333,False
P001,2023-10-20,50,0.0,False,-0.03310030403498891,False,0.44966666666666666,False
P001,2023-10-21,44,0.0,False,-0.04934772069406663,False,-0.22483333333333333,False
P001,2023-10-22,56,0.0,False,-0.0168528873759112,False,1.1241666666666668,False
P001,2023-10-23,44,0.0,False,-0.04934772069406663,False,-0.22483333333333333,False
P001,2023-10-24,44,0.0,False,-0.04934772069406663,False,-0.22483333333333333,False
P001,2023-10-25,41,0.0,False,-0.05747142902360548,False,-0.5620833333333334,False
P001,2023-10-26,34,0.0,False,-0.07642674845919616,False,-1.349,False
P001,2023-10-27,45,0.0,False,-0.04663981791755367,False,-0.11241666666666666,False
P001,2023-10-28,66,0.0,False,0.010226140389218328,False,2.2483333333333335,False
P001,2023-10-29,49,0.0,False,-0.03580820681150186,False,0.33725,False
P001,2023-10-30,47,0.0,False,-0.041224012364527766,False,0.11241666666666666,False
P001,2023-10-31,41,0.0,False,-0.05747142902360548,False,-0.5620833333333334,False
P001,2023-11-01,43,0.0,False,-0.05205562347057958,False,-0.33725,False
P001,2023-11-02,38,0.0,False,-0.06559513735314434,False,-0.8993333333333333,False
P001,2023-11-03,41,0.0,False,-0.05747142902360548,False,-0.5620833333333334,False
P001,2023-11-04,64,0.0,False,0.004810334836192422,False,2.0235,False
P001,2023-11-05,60,0.0,False,-0.006021276269859387,False,1.5738333333333332,False
P001,2023-11-06,52,0.0,False,-0.027684498481963006,False,0.6745,False
P001,2023-11-07,49,0.0,False,-0.03580820681150186,False,0.33725,False
P001,2023-11-08,45,0.0,False,-0.04663981791755367,False,-0.11241666666666666,False
P001,2023-11-09,52,0.0,False,-0.027684498481963006,False,0.6745,False
P001,2023-11-10,45,0.0,False,-0.04663981791755367,False,-0.11241666666666666,False
P001,2023-11-11,61,0.0,False,-0.003313373493346435,False,1.68625,False
P001,2023-11-12,56,0.0,False,-0.0168528873759112,False,1.1241666666666668,False
P001,2023-11-13,43,0.0,False,-0.05205562347057958,False,-0.33725,False
P001,2023-11-14,40,0.0,False,-0.06017933180011843,False,-0.6745,False
P001,2023-11-15,48,0.0,False,-0.03851610958801482,False,0.22483333333333333,False
P001,2023-11-16,37,0.0,False,-0.0683030401296573,False,-1.01175,False
P001,2023-11-17,47,0.0,False,-0.041224012364527766,False,0.11241666666666666,False
P001,2023-11-18,56,0.0,False,-0.0168528873759112,False,1.1241666666666668,False
P001,2023-11-19,63,0.0,False,0.00210243205967947,False,1.9110833333333332,False
P001,2023-11-20,47,0.0,False,-0.041224012364527766,False,0.11241666666666666,False
P001,2023-11-21,52,0.0,False,-0.027684498481963006,False,0.6745,False
P001,2023-11-22,47,0.0,False,-0.041224012364527766,False,0.11241666666666666,False
P001,2023-11-23,35,0.0,False,-0.07371884568268319,False,-1.2365833333333334,False
P001,2023-11-24,43,0.0,False,-0.05205562347057958,False,-0.33725,False
P001,2023-11-25,51,0.0,False,-0.03039240125847596,False,0.5620833333333334,False
P001,2023-11-26,55,0.0,False,-0.019560790152424148,False,1.01175,False
P001,2023-11-27,51,0.0,False,-0.03039240125847596,False,0.5620833333333334,False
P001,2023-11-28,46,0.0,False,-0.04393191514104072,False,0.0,False
P001,2023-11-29,40,0.0,False,-0.06017933180011843,False,-0.6745,False
P001,2023-11-30,38,0.0,False,-0.06559513735314434,False,-0.8993333333333333,False
P001,2023-12-01,44,0.0,False,-0.04934772069406663,False,-0.22483333333333333,False
P001,2023-12-02,51,0.0,False,-0.03039240125847596,False,0.5620833333333334,False
P001,2023-12-03,54,0.0,False,-0.0222686929289371,False,0.8993333333333333,False
P001,2023-12-04,45,0.0,False,-0.04663981791755367,False,-0.11241666666666666,False
P001,2023-12-05,49,0.0,False,-0.03580820681150186,False,0.33725,False
P001,2023-12-06,46,0.0,False,-0.04393191514104072,False,0.0,False
P001,2023-12-07,32,0.0,False,-0.08184255401222205,False,-1.5738333333333332,False
P001,2023-12-08,45,0.0,False,-0.04663981791755367,False,-0.11241666666666666,False
P001,2023-12-09,58,0.0,False,-0.011437081822885293,False,1.349,False
P001,2023-12-10,59,0.0,False,-0.00872917904637234,False,1.4614166666666666,False
P001,2023-12-11,52,0.0,False,-0.027684498481963006,False,0.6745,False
P001,2023-12-12,33,0.4,False,-0.0791346512357091,False,-1.4614166666666666,False
P001,2023-12-13,41,0.0,False,-0.05747142902360548,False,-0.5620833333333334,False
P001,2023-12-14,46,0.0,False,-0.04393191514104072,False,0.0,False
P001,2023-12-15,36,0.0,False,-0.07101094290617024,False,-1.1241666666666668,False
P001,2023-12-16,65,0.2,False,0.007518237612705375,False,2.1359166666666667,False
P001,2023-12-17,59,0.0,False,-0.00872917904637234,False,1.4614166666666666,False
P001,2023-12-18,48,0.0,False,-0.03851610958801482,False,0.22483333333333333,False
P001,2023-12-19,41,0.0,False,-0.05747142902360548,False,-0.5620833333333334,False
P001,2023-12-20,48,0.0,False,-0.03851610958801482,False,0.22483333333333333,False
P001,2023-12-21,49,0.0,False,-0.03580820681150186,False,0.33725,False
P001,2023-12-22,45,0.0,False,-0.04663981791755367,False,-0.11241666666666666,False
P001,2023-12-23,59,0.0,False,-0.00872917904637234,False,1.4614166666666666,False
P001,2023-12-24,59,0.0,False,-0.00872917904637234,False,1.4614166666666666,False
P001,2023-12-25,39,0.0,False,-0.06288723457663138,False,-0.7869166666666666,False
P001,2023-12-26,43,0.0,False,-0.05205562347057958,False,-0.33725,False
P001,2023-12-27,43,0.0,False,-0.05205562347057958,False,-0.33725,False
P001,2023-12-28,46,0.0,False,-0.04393191514104072,False,0.0,False
P001,2023-12-29,49,0.0,False,-0.03580820681150186,False,0.33725,False
P001,2023-12-30,52,0.0,False,-0.027684498481963006,False,0.6745,False
P001,2023-12-31,57,0.0,False,-0.014144984599398244,False,1.2365833333333334,False
P001,2024-01-01,51,0.0,False,-0.03039240125847596,False,0.5620833333333334,False
P001,2024-01-02,40,0.0,False,-0.06017933180011843,False,-0.6745,False
P001,2024-01-03,40,0.0,False,-0.06017933180011843,False,-0.6745,False
P001,2024-01-04,45,0.0,False,-0.04663981791755367,False,-0.11241666666666666,False
P001,2024-01-05,48,0.0,False,-0.03851610958801482,False,0.22483333333333333,False
P001,2024-01-06,58,0.0,False,-0.011437081822885293,False,1.349,False
P001,2024-01-07,64,0.0,False,0.004810334836192422,False,2.0235,False
P001,2024-01-08,48,0.0,False,-0.03851610958801482,False,0.22483333333333333,False
P001,2024-01-09,48,0.0,False,-0.03851610958801482,False,0.22483333333333333,False
P001,2024-01-10,47,0.0,False,-0.041224012364527766,False,0.11241666666666666,False
P001,2024-01-11,55,0.0,False,-0.019560790152424148,False,1.01175,False
P001,2024-01-12,43,0.0,False,-0.05205562347057958,False,-0.33725,False
P001,2024-01-13,48,0.0,False,-0.03851610958801482,False,0.22483333333333333,False
P001,2024-01-14,66,0.0,False,0.010226140389218328,False,2.2483333333333335,False
P001,2024-01-15,42,0.0,False,-0.054763526247092534,False,-0.44966666666666666,False
P001,2024-01-16,44,0.0,False,-0.04934772069406663,False,-0.22483333333333333,False
P001,2024-01-17,50,0.0,False,-0.03310030403498891,False,0.44966666666666666,False
P001,2024-01-18,36,0.0,False,-0.07101094290617024,False,-1.1241666666666668,False
P001,2024-01-19,38,0.0,False,-0.06559513735314434,False,-0.8993333333333333,False
P001,2024-01-20,50,0.0,False,-0.03310030403498891,False,0.44966666666666666,False
P001,2024-01-21,54,0.0,False,-0.0222686929289371,False,0.8993333333333333,False
P001,2024-01-22,46,0.0,False,-0.04393191514104072,False,0.0,False
P001,2024-01-23,46,0.0,False,-0.04393191514104072,False,0.0,False
P001,2024-01-24,45,0.0,False,-0.04663981791755367,False,-0.11241666666666666,False
P001,2024-01-25,37,0.0,False,-0.0683030401296573,False,-1.01175,False
P001,2024-01-26,32,0.0,False,-0.08184255401222205,False,-1.5738333333333332,False
P001,2024-01-27,58,0.0,False,-0.011437081822885293,False,1.349,False
P001,2024-01-28,56,0.0,False,-0.0168528873759112,False,1.1241666666666668,False
P001,2024-01-29,46,0.0,False,-0.04393191514104072,False,0.0,False
P001,2024-01-30,47,0.0,False,-0.041224012364527766,False,0.11241666666666666,False
P001,2024-01-31,45,0.0,False,-0.04663981791755367,False,-0.11241666666666666,False
P001,2024-02-01,48,0.0,False,-0.03851610958801482,False,0.22483333333333333,False
P001,2024-02-02,45,0.0,False,-0.04663981791755367,False,-0.11241666666666666,False
P001,2024-02-03,61,0.0,False,-0.003313373493346435,False,1.68625,False
P001,2024-02-04,54,0.0,False,-0.0222686929289371,False,0.8993333333333333,False
P001,2024-02-05,43,0.0,False,-0.05205562347057958,False,-0.33725,False
P001,2024-02-06,45,0.0,False,-0.04663981791755367,False,-0.11241666666666666,False
P001,2024-02-07,48,0.0,False,-0.03851610958801482,False,0.22483333333333333,False
P001,2024-02-08,42,0.0,False,-0.054763526247092534,False,-0.44966666666666666,False
P001,2024-02-09,47,0.0,False,-0.041224012364527766,False,0.11241666666666666,False
P001,2024-02-10,57,0.0,False,-0.014144984599398244,False,1.2365833333333334,False
P001,2024-02-11,57,0.0,False,-0.014144984599398244,False,1.2365833333333334,False
P001,2024-02-12,48,0.0,False,-0.03851610958801482,False,0.22483333333333333,False
P001,2024-02-13,34,0.0,False,-0.07642674845919616,False,-1.349,False
P001,2024-02-14,38,0.0,False,-0.06559513735314434,False,-0.8993333333333333,False
P001,2024-02-15,37,0.0,False,-0.0683030401296573,False,-1.01175,False
P001,2024-02-16,32,0.0,False,-0.08184255401222205,False,-1.5738333333333332,False
P001,2024-02-17,55,0.0,False,-0.019560790152424148,False,1.01175,False
P001,2024-02-18,62,0.0,False,-0.0006054707168334824,False,1.7986666666666666,False
P001,2024-02-19,43,0.0,False,-0.05205562347057958,False,-0.33725,False
P001,2024-02-20,45,0.0,False,-0.04663981791755367,False,-0.11241666666666666,False
P001,2024-02-21,50,0.0,False,-0.03310030403498891,False,0.44966666666666666,False
P001,2024-02-22,51,0.0,False,-0.03039240125847596,False,0.5620833333333334,False
P001,2024-02-23,44,0.0,False,-0.04934772069406663,False,-0.22483333333333333,False
P001,2024-02-24,65,0.2,False,0.007518237612705375,False,2.1359166666666667,False
P001,2024-02-25,59,0.0,False,-0.00872917904637234,False,1.4614166666666666,False
P001,2024-02-26,40,0.0,False,-0.06017933180011843,False,-0.6745,False
P001,2024-02-27,41,0.0,False,-0.05747142902360548,False,-0.5620833333333334,False
P001,2024-02-28,37,0.0,False,-0.0683030401296573,False,-1.01175,False
P001,2024-02-29,40,0.0,False,-0.06017933180011843,False,-0.6745,False
P001,2024-03-01,42,0.0,False,-0.054763526247092534,False,-0.44966666666666666,False
P001,2024-03-02,62,0.0,False,-0.0006054707168334824,False,1.7986666666666666,False
P001,2024-03-03,67,0.0,False,0.01293404316573128,False,2.36075,False
P001,2024-03-04,37,0.0,False,-0.0683030401296573,False,-1.01175,False
P001,2024-03-05,46,0.0,False,-0.04393191514104072,False,0.0,False
P001,2024-03-06,39,0.0,False,-0.06288723457663138,False,-0.7869166666666666,False
P001,2024-03-07,47,0.0,False,-0.041224012364527766,False,0.11241666666666666,False
P001,2024-03-08,44,0.0,False,-0.04934772069406663,False,-0.22483333333333333,False
P001,2024-03-09,49,0.0,False,-0.03580820681150186,False,0.33725,False
P001,2024-03-10,63,0.0,False,0.00210243205967947,False,1.9110833333333332,False
P001,2024-03-11,41,0.0,False,-0.05747142902360548,False,-0.5620833333333334,False
P001,2024-03-12,42,0.0,False,-0.054763526247092534,False,-0.44966666666666666,False
P001,2024-03-13,39,0.0,False,-0.06288723457663138,False,-0.7869166666666666,False
P001,2024-03-14,41,0.0,False,-0.05747142902360548,False,-0.5620833333333334,False
P001,2024-03-15,47,0.0,False,-0.041224012364527766,False,0.11241666666666666,False
P001,2024-03-16,57,0.0,False,-0.014144984599398244,False,1.2365833333333334,False
P001,2024-03-17,60,0.0,False,-0.006021276269859387,False,1.5738333333333332,False
P001,2024-03-18,46,0.0,False,-0.04393191514104072,False,0.0,False
P001,2024-03-19,51,0.0,False,-0.03039240125847596,False,0.5620833333333334,False
P001,2024-03-20,43,0.0,False,-0.05205562347057958,False,-0.33725,False
P001,2024-03-21,37,0.0,False,-0.0683030401296573,False,-1.01175,False
P001,2024-03-22,50,0.0,False,-0.03310030403498891,False,0.44966666666666666,False
P001,2024-03-23,57,0.0,False,-0.014144984599398244,False,1.2365833333333334,False
P001,2024-03-24,64,0.0,False,0.004810334836192422,False,2.0235,False
P001,2024-03-25,46,0.0,False,-0.04393191514104072,False,0.0,False
P001,2024-03-26,44,0.0,False,-0.04934772069406663,False,-0.22483333333333333,False
P001,2024-03-27,46,0.0,False,-0.04393191514104072,False,0.0,False
P001,2024-03-28,54,0.0,False,-0.0222686929289371,False,0.8993333333333333,False
P001,2024-03-29,55,0.0,False,-0.019560790152424148,False,1.01175,False
P001,2024-03-30,59,0.0,False,-0.00872917904637234,False,1.4614166666666666,False
P001,2024-03-31,59,0.0,False,-0.00872917904637234,False,1.4614166666666666,False
P001,2024-04-01,50,0.0,False,-0.03310030403498891,False,0.44966666666666666,False
P001,2024-04-02,40,0.0,False,-0.06017933180011843,False,-0.6745,False
P001,2024-04-03,46,0.0,False,-0.04393191514104072,False,0.0,False
P001,2024-04-04,44,0.0,False,-0.04934772069406663,False,-0.22483333333333333,False
P001,2024-04-05,46,0.0,False,-0.04393191514104072,False,0.0,False
P001,2024-04-06,54,0.0,False,-0.0222686929289371,False,0.8993333333333333,False
P001,2024-04-07,51,0.0,False,-0.03039240125847596,False,0.5620833333333334,False
P001,2024-04-08,34,0.0,False,-0.07642674845919616,False,-1.349,False
P001,2024-04-09,39,0.0,False,-0.06288723457663138,False,-0.7869166666666666,False
P001,2024-04-10,42,0.0,False,-0.054763526247092534,False,-0.44966666666666666,False
P001,2024-04-11,43,0.0,False,-0.05205562347057958,False,-0.33725,False
P001,2024-04-12,54,0.0,False,-0.0222686929289371,False,0.8993333333333333,False
P001,2024-04-13,64,0.0,False,0.004810334836192422,False,2.0235,False
P001,2024-04-14,54,0.0,False,-0.0222686929289371,False,0.8993333333333333,False
P001,2024-04-15,46,0.0,False,-0.04393191514104072,False,0.0,False
P001,2024-04-16,43,0.0,False,-0.05205562347057958,False,-0.33725,False
P001,2024-04-17,43,0.0,False,-0.05205562347057958,False,-0.33725,False
P001,2024-04-18,46,0.0,False,-0.04393191514104072,False,0.0,False
P001,2024-04-19,48,0.0,False,-0.03851610958801482,False,0.22483333333333333,False
P001,2024-04-20,57,0.0,False,-0.014144984599398244,False,1.2365833333333334,False
P001,2024-04-21,64,0.0,False,0.004810334836192422,False,2.0235,False
P001,2024-04-22,39,0.0,False,-0.06288723457663138,False,-0.7869166666666666,False
P001,2024-04-23,45,0.0,False,-0.04663981791755367,False,-0.11241666666666666,False
P001,2024-04-24,58,0.0,False,-0.011437081822885293,False,1.349,False
P001,2024-04-25,46,0.0,False,-0.04393191514104072,False,0.0,False
P001,2024-04-26,52,0.0,False,-0.027684498481963006,False,0.6745,False
P001,2024-04-27,59,0.0,False,-0.00872917904637234,False,1.4614166666666666,False
P001,2024-04-28,62,0.0,False,-0.0006054707168334824,False,1.7986666666666666,False
P001,2024-04-29,45,0.0,False,-0.04663981791755367,False,-0.11241666666666666,False
P001,2024-04-30,44,0.0,False,-0.04934772069406663,False,-0.22483333333333333,False
P001,2024-05-01,41,0.0,False,-0.05747142902360548,False,-0.5620833333333334,False
P001,2024-05-02,47,0.0,False,-0.041224012364527766,False,0.11241666666666666,False
P001,2024-05-03,41,0.0,False,-0.05747142902360548,False,-0.5620833333333334,False
P001,2024-05-04,62,0.0,False,-0.0006054707168334824,False,1.7986666666666666,False
P001,2024-05-05,64,0.0,False,0.004810334836192422,False,2.0235,False
P001,2024-05-06,47,0.0,False,-0.041224012364527766,False,0.11241666666666666,False
P001,2024-05-07,43,0.0,False,-0.05205562347057958,False,-0.33725,False
P001,2024-05-08,47,0.0,False,-0.041224012364527766,False,0.11241666666666666,False
P001,2024-05-09,43,0.0,False,-0.05205562347057958,False,-0.33725,False
P001,2024-05-10,50,0.0,False,-0.03310030403498891,False,0.44966666666666666,False
P001,2024-05-11,50,0.0,False,-0.03310030403498891,False,0.44966666666666666,False
P001,2024-05-12,57,0.0,False,-0.014144984599398244,False,1.2365833333333334,False
P001,2024-05-13,35,0.0,False,-0.07371884568268319,False,-1.2365833333333334,False
P001,2024-05-14,38,0.0,False,-0.06559513735314434,False,-0.8993333333333333,False
P001,2024-05-15,52,0.0,False,-0.027684498481963006,False,0.6745,False
P001,2024-05-16,49,0.0,False,-0.03580820681150186,False,0.33725,False
P001,2024-05-17,41,0.0,False,-0.05747142902360548,False,-0.5620833333333334,False
P001,2024-05-18,52,0.0,False,-0.027684498481963006,False,0.6745,False
P001,2024-05-19,44,0.0,False,-0.04934772069406663,False,-0.22483333333333333,False
P001,2024-05-20,42,0.0,False,-0.054763526247092534,False,-0.44966666666666666,False
P001,2024-05-21,57,0.0,False,-0.014144984599398244,False,1.2365833333333334,False
P001,2024-05-22,47,0.0,False,-0.041224012364527766,False,0.11241666666666666,False
P001,2024-05-23,42,0.0,False,-0.054763526247092534,False,-0.44966666666666666,False
P001,2024-05-24,47,0.0,False,-0.041224012364527766,False,0.11241666666666666,False
P001,2024-05-25,51,0.0,False,-0.03039240125847596,False,0.5620833333333334,False
P001,2024-05-26,58,0.0,False,-0.011437081822885293,False,1.349,False
P001,2024-05-27,46,0.0,False,-0.04393191514104072,False,0.0,False
P001,2024-05-28,45,0.0,False,-0.04663981791755367,False,-0.11241666666666666,False
P001,2024-05-29,49,0.0,False,-0.03580820681150186,False,0.33725,False
P001,2024-05-30,47,0.0,False,-0.041224012364527766,False,0.11241666666666666,False
P001,2024-05-31,49,0.0,False,-0.03580820681150186,False,0.33725,False
P001,2024-06-01,56,0.0,False,-0.0168528873759112,False,1.1241666666666668,False
P001,2024-06-02,64,0.0,False,0.004810334836192422,False,2.0235,False
P001,2024-06-03,53,0.0,False,-0.024976595705450053,False,0.7869166666666666,False
P001,2024-06-04,40,0.0,False,-0.06017933180011843,False,-0.6745,False
P001,2024-06-05,41,0.0,False,-0.05747142902360548,False,-0.5620833333333334,False
P001,2024-06-06,52,0.0,False,-0.027684498481963006,False,0.6745,False
P001,2024-06-07,44,0.0,False,-0.04934772069406663,False,-0.22483333333333333,False
P001,2024-06-08,66,0.0,False,0.010226140389218328,False,2.2483333333333335,False
P001,2024-06-09,57,0.0,False,-0.014144984599398244,False,1.2365833333333334,False
P001,2024-06-10,53,0.0,False,-0.024976595705450053,False,0.7869166666666666,False
P001,2024-06-11,46,0.0,False,-0.04393191514104072,False,0.0,False
P001,2024-06-12,47,0.0,False,-0.041224012364527766,False,0.11241666666666666,False
P001,2024-06-13,53,0.0,False,-0.024976595705450053,False,0.7869166666666666,False
P001,2024-06-14,43,0.0,False,-0.05205562347057958,False,-0.33725,False
P001,2024-06-15,55,0.0,False,-0.019560790152424148,False,1.01175,False
P001,2024-06-16,57,0.0,False,-0.014144984599398244,False,1.2365833333333334,False
P001,2024-06-17,48,0.0,False,-0.03851610958801482,False,0.22483333333333333,False
P001,2024-06-18,38,0.0,False,-0.06559513735314434,False,-0.8993333333333333,False
P001,2024-06-19,49,0.0,False,-0.03580820681150186,False,0.33725,False
P001,2024-06-20,43,0.0,False,-0.05205562347057958,False,-0.33725,False
P001,2024-06-21,51,0.0,False,-0.03039240125847596,False,0.5620833333333334,False
P001,2024-06-22,47,0.0,False,-0.041224012364527766,False,0.11241666666666666,False
P001,2024-06-23,55,0.0,False,-0.019560790152424148,False,1.01175,False
P001,2024-06-24,37,0.0,False,-0.0683030401296573,False,-1.01175,False
P001,2024-06-25,41,0.0,False,-0.05747142902360548,False,-0.5620833333333334,False
P001,2024-06-26,47,0.0,False,-0.041224012364527766,False,0.11241666666666666,False
P001,2024-06-27,45,0.0,False,-0.04663981791755367,False,-0.11241666666666666,False
P001,2024-06-28,44,0.0,False,-0.04934772069406663,False,-0.22483333333333333,False
P001,2024-06-29,59,0.0,False,-0.00872917904637234,False,1.4614166666666666,False
P001,2024-06-30,60,0.0,False,-0.006021276269859387,False,1.5738333333333332,False
P001,2024-07-01,40,0.0,False,-0.06017933180011843,False,-0.6745,False
P001,2024-07-02,490,342.6,True,1.1583769176307102,False,49.913000000000004,True
P001,2024-07-03,49,0.0,False,-0.03580820681150186,False,0.33725,False
P001,2024-07-04,47,0.0,False,-0.041224012364527766,False,0.11241666666666666,False
P001,2024-07-05,48,0.0,False,-0.03851610958801482,False,0.22483333333333333,False
P001,2024-07-06,61,0.0,False,-0.003313373493346435,False,1.68625,False
P001,2024-07-07,70,0.8,True,0.021057751495270137,False,2.698,False
P001,2024-07-08,45,0.0,False,-0.04663981791755367,False,-0.11241666666666666,False
P001,2024-07-09,44,0.0,False,-0.04934772069406663,False,-0.22483333333333333,False
P001,2024-07-10,42,0.0,False,-0.054763526247092534,False,-0.44966666666666666,False
P001,2024-07-11,40,0.0,False,-0.06017933180011843,False,-0.6745,False
P001,2024-07-12,39,0.0,False,-0.06288723457663138,False,-0.7869166666666666,False
P001,2024-07-13,55,0.0,False,-0.019560790152424148,False,1.01175,False
P001,2024-07-14,59,0.0,False,-0.00872917904637234,False,1.4614166666666666,False
P001,2024-07-15,47,0.0,False,-0.041224012364527766,False,0.11241666666666666,False
P001,2024-07-16,46,0.0,False,-0.04393191514104072,False,0.0,False
P001,2024-07-17,42,0.0,False,-0.054763526247092534,False,-0.44966666666666666,False
P001,2024-07-18,50,0.0,False,-0.03310030403498891,False,0.44966666666666666,False
P001,2024-07-19,49,0.0,False,-0.03580820681150186,False,0.33725,False
P001,2024-07-20,59,0.0,False,-0.00872917904637234,False,1.4614166666666666,False
P001,2024-07-21,56,0.0,False,-0.0168528873759112,False,1.1241666666666668,False
P001,2024-07-22,48,0.0,False,-0.03851610958801482,False,0.22483333333333333,False
P001,2024-07-23,47,0.0,False,-0.041224012364527766,False,0.11241666666666666,False
P001,2024-07-24,38,0.0,False,-0.06559513735314434,False,-0.8993333333333333,False
P001,2024-07-25,45,0.0,False,-0.04663981791755367,False,-0.11241666666666666,False
P001,2024-07-26,47,0.0,False,-0.041224012364527766,False,0.11241666666666666,False
P001,2024-07-27,55,0.0,False,-0.019560790152424148,False,1.01175,False
P001,2024-07-28,61,0.0,False,-0.003313373493346435,False,1.68625,False
P001,2024-07-29,38,0.0,False,-0.06559513735314434,False,-0.8993333333333333,False
P001,2024-07-30,52,0.0,False,-0.027684498481963006,False,0.6745,False
P001,2024-07-31,52,0.0,False,-0.027684498481963006,False,0.6745,False
P001,2024-08-01,45,0.0,False,-0.04663981791755367,False,-0.11241666666666666,False
P001,2024-08-02,48,0.0,False,-0.03851610958801482,False,0.22483333333333333,False
P001,2024-08-03,48,0.0,False,-0.03851610958801482,False,0.22483333333333333,False
P001,2024-08-04,54,0.0,False,-0.0222686929289371,False,0.8993333333333333,False
P001,2024-08-05,44,0.0,False,-0.04934772069406663,False,-0.22483333333333333,False
P001,2024-08-06,40,0.0,False,-0.06017933180011843,False,-0.6745,False
P001,2024-08-07,49,0.0,False,-0.03580820681150186,False,0.33725,False
P001,2024-08-08,56,0.0,False,-0.0168528873759112,False,1.1241666666666668,False
P001,2024-08-09,40,0.0,False,-0.06017933180011843,False,-0.6745,False
P001,2024-08-10,56,0.0,False,-0.0168528873759112,False,1.1241666666666668,False
P001,2024-08-11,61,0.0,False,-0.003313373493346435,False,1.68625,False
P001,2024-08-12,54,0.0,False,-0.0222686929289371,False,0.8993333333333333,False
P001,2024-08-13,40,0.0,False,-0.06017933180011843,False,-0.6745,False
P001,2024-08-14,47,0.0,False,-0.041224012364527766,False,0.11241666666666666,False
P001,2024-08-15,55,0.0,False,-0.019560790152424148,False,1.01175,False
P001,2024-08-16,38,0.0,False,-0.06559513735314434,False,-0.8993333333333333,False
P001,2024-08-17,54,0.0,False,-0.0222686929289371,False,0.8993333333333333,False
P001,2024-08-18,58,0.0,False,-0.011437081822885293,False,1.349,False
P001,2024-08-19,43,0.0,False,-0.05205562347057958,False,-0.33725,False
P001,2024-08-20,50,0.0,False,-0.03310030403498891,False,0.44966666666666666,False
P001,2024-08-21,47,0.0,False,-0.041224012364527766,False,0.11241666666666666,False
P001,2024-08-22,37,0.0,False,-0.0683030401296573,False,-1.01175,False
P001,2024-08-23,49,0.0,False,-0.03580820681150186,False,0.33725,False
P001,2024-08-24,57,0.0,False,-0.014144984599398244,False,1.2365833333333334,False
P001,2024-08-25,66,0.0,False,0.010226140389218328,False,2.2483333333333335,False
P001,2024-08-26,43,0.0,False,-0.05205562347057958,False,-0.33725,False
P001,2024-08-27,43,0.0,False,-0.05205562347057958,False,-0.33725,False
P001,2024-08-28,49,0.0,False,-0.03580820681150186,False,0.33725,False
P001,2024-08-29,50,0.0,False,-0.03310030403498891,False,0.44966666666666666,False
P001,2024-08-30,48,0.0,False,-0.03851610958801482,False,0.22483333333333333,False
P001,2024-08-31,52,0.0,False,-0.027684498481963006,False,0.6745,False
P001,2024-09-03,47,0.0,False,-0.041224012364527766,False,0.11241666666666666,False
P001,2024-09-04,39,0.0,False,-0.06288723457663138,False,-0.7869166666666666,False
P001,2024-09-05,48,0.0,False,-0.03851610958801482,False,0.22483333333333333,False
P001,2024-09-06,42,0.0,False,-0.054763526247092534,False,-0.44966666666666666,False
P001,2024-09-07,54,0.0,False,-0.0222686929289371,False,0.8993333333333333,False
P001,2024-09-08,64,0.0,False,0.004810334836192422,False,2.0235,False
P001,2024-09-09,47,0.0,False,-0.041224012364527766,False,0.11241666666666666,False
P001,2024-09-10,43,0.0,False,-0.05205562347057958,False,-0.33725,False
P001,2024-09-11,53,0.0,False,-0.024976595705450053,False,0.7869166666666666,False
P001,2024-09-12,44,0.0,False,-0.04934772069406663,False,-0.22483333333333333,False
P001,2024-09-13,46,0.0,False,-0.04393191514104072,False,0.0,False
P001,2024-09-14,62,0.0,False,-0.0006054707168334824,False,1.7986666666666666,False
P001,2024-09-15,57,0.0,False,-0.014144984599398244,False,1.2365833333333334,False
P001,2024-09-16,49,0.0,False,-0.03580820681150186,False,0.33725,False
P001,2024-09-17,44,0.0,False,-0.04934772069406663,False,-0.22483333333333333,False
P001,2024-09-18,44,0.0,False,-0.04934772069406663,False,-0.22483333333333333,False
P001,2024-09-19,53,0.0,False,-0.024976595705450053,False,0.7869166666666666,False
P001,2024-09-20,41,0.0,False,-0.05747142902360548,False,-0.5620833333333334,False
P001,2024-09-21,48,0.0,False,-0.03851610958801482,False,0.22483333333333333,False
P001,2024-09-22,68,1.0,True,0.01564194594224423,False,2.4731666666666667,False
P001,2024-09-23,59,0.0,False,-0.00872917904637234,False,1.4614166666666666,False
P001,2024-09-24,44,0.0,False,-0.04934772069406663,False,-0.22483333333333333,False
P001,2024-09-25,37,0.0,False,-0.0683030401296573,False,-1.01175,False
P001,2024-09-26,45,0.0,False,-0.04663981791755367,False,-0.11241666666666666,False
P001,2024-09-27,45,0.0,False,-0.04663981791755367,False,-0.11241666666666666,False
P001,2024-09-28,59,0.0,False,-0.00872917904637234,False,1.4614166666666666,False
P001,2024-09-29,55,0.0,False,-0.019560790152424148,False,1.01175,False
P001,2024-09-30,49,0.0,False,-0.03580820681150186,False,0.33725,False
P001,2024-10-01,49,0.0,False,-0.03580820681150186,False,0.33725,False
P001,2024-10-02,39,0.0,False,-0.06288723457663138,False,-0.7869166666666666,False
P001,2024-10-03,50,0.0,False,-0.03310030403498891,False,0.44966666666666666,False
P001,2024-10-04,57,0.0,False,-0.014144984599398244,False,1.2365833333333334,False
P001,2024-10-05,61,0.0,False,-0.003313373493346435,False,1.68625,False
P001,2024-10-06,59,0.0,False,-0.00872917904637234,False,1.4614166666666666,False
P001,2024-10-07,46,0.0,False,-0.04393191514104072,False,0.0,False
P001,2024-10-08,50,0.0,False,-0.03310030403498891,False,0.44966666666666666,False
P001,2024-10-09,38,0.0,False,-0.06559513735314434,False,-0.8993333333333333,False
P001,2024-10-10,47,0.0,False,-0.041224012364527766,False,0.11241666666666666,False
P001,2024-10-11,45,0.0,False,-0.04663981791755367,False,-0.11241666666666666,False
P001,2024-10-12,70,0.8,True,0.021057751495270137,False,2.698,False
P001,2024-10-13,60,0.0,False,-0.006021276269859387,False,1.5738333333333332,False
P001,2024-10-14,55,0.0,False,-0.019560790152424148,False,1.01175,False
P001,2024-10-15,41,0.0,False,-0.05747142902360548,False,-0.5620833333333334,False
P001,2024-10-16,49,0.0,False,-0.03580820681150186,False,0.33725,False
P001,2024-10-17,48,0.0,False,-0.03851610958801482,False,0.22483333333333333,False
P001,2024-10-18,42,0.0,False,-0.054763526247092534,False,-0.44966666666666666,False
P001,2024-10-19,61,0.0,False,-0.003313373493346435,False,1.68625,False
P001,2024-10-20,67,0.0,False,0.01293404316573128,False,2.36075,False
P001,2024-10-21,45,0.0,False,-0.04663981791755367,False,-0.11241666666666666,False
P001,2024-10-22,38,0.0,False,-0.06559513735314434,False,-0.8993333333333333,False
P001,2024-10-23,47,0.0,False,-0.041224012364527766,False,0.11241666666666666,False
P001,2024-10-24,42,0.0,False,-0.054763526247092534,False,-0.44966666666666666,False
P001,2024-10-25,45,0.0,False,-0.04663981791755367,False,-0.11241666666666666,False
P001,2024-10-26,60,0.0,False,-0.006021276269859387,False,1.5738333333333332,False
P001,2024-10-27,52,0.0,False,-0.027684498481963006,False,0.6745,False
P001,2024-10-28,39,0.0,False,-0.06288723457663138,False,-0.7869166666666666,False
P001,2024-10-29,49,0.0,False,-0.03580820681150186,False,0.33725,False
P001,2024-10-30,44,0.0,False,-0.04934772069406663,False,-0.22483333333333333,False
P001,2024-10-31,34,0.0,False,-0.07642674845919616,False,-1.349,False
P001,2024-11-01,53,0.0,False,-0.024976595705450053,False,0.7869166666666666,False
P001,2024-11-02,66,0.0,False,0.010226140389218328,False,2.2483333333333335,False
P001,2024-11-03,62,0.0,False,-0.0006054707168334824,False,1.7986666666666666,False
P001,2024-11-04,47,0.0,False,-0.041224012364527766,False,0.11241666666666666,False
P001,2024-11-05,60,0.0,False,-0.006021276269859387,False,1.5738333333333332,False
P001,2024-11-06,59,0.0,False,-0.00872917904637234,False,1.4614166666666666,False
P001,2024-11-07,72,1.4,True,0.026473557048296043,False,2.922833333333333,False
P001,2024-11-08,63,0.0,False,0.00210243205967947,False,1.9110833333333332,False
P001,2024-11-09,79,5.2,True,0.04542887648388671,False,3.7097499999999997,True
P001,2024-11-10,78,4.4,True,0.04272097370737376,False,3.5973333333333333,True
P001,2024-11-11,71,1.0,True,0.02376565427178309,False,2.810416666666667,False
P001,2024-11-12,72,1.4,True,0.026473557048296043,False,2.922833333333333,False
P001,2024-11-13,76,3.6,True,0.037305168154347854,False,3.3725,False
P001,2024-11-14,69,1.2,True,0.018349848718757184,False,2.5855833333333336,False
P001,2024-11-15,45,0.0,False,-0.04663981791755367,False,-0.11241666666666666,False
P001,2024-11-16,58,0.0,False,-0.011437081822885293,False,1.349,False
P001,2024-11-17,65,0.2,False,0.007518237612705375,False,2.1359166666666667,False
P001,2024-11-18,54,0.0,False,-0.0222686929289371,False,0.8993333333333333,False
P001,2024-11-19,45,0.0,False,-0.04663981791755367,False,-0.11241666666666666,False
P001,2024-11-20,45,0.0,False,-0.04663981791755367,False,-0.11241666666666666,False
P001,2024-11-21,48,0.0,False,-0.03851610958801482,False,0.22483333333333333,False
P001,2024-11-22,46,0.0,False,-0.04393191514104072,False,0.0,False
P001,2024-11-23,66,0.0,False,0.010226140389218328,False,2.2483333333333335,False
P001,2024-11-24,50,0.0,False,-0.03310030403498891,False,0.44966666666666666,False
P001,2024-11-25,43,0.0,False,-0.05205562347057958,False,-0.33725,False
P001,2024-11-26,43,0.0,False,-0.05205562347057958,False,-0.33725,False
P001,2024-11-27,35,0.0,False,-0.07371884568268319,False,-1.2365833333333334,False
P001,2024-11-28,42,0.0,False,-0.054763526247092534,False,-0.44966666666666666,False
P001,2024-11-29,42,0.0,False,-0.054763526247092534,False,-0.44966666666666666,False
P001,2024-11-30,60,0.0,False,-0.006021276269859387,False,1.5738333333333332,False
P001,2024-12-01,67,0.0,False,0.01293404316573128,False,2.36075,False
P001,2024-12-02,46,0.0,False,-0.04393191514104072,False,0.0,False
P001,2024-12-03,42,0.0,False,-0.054763526247092534,False,-0.44966666666666666,False
P001,2024-12-04,47,0.0,False,-0.041224012364527766,False,0.11241666666666666,False
P001,2024-12-05,52,0.0,False,-0.027684498481963006,False,0.6745,False
P001,2024-12-06,42,0.0,False,-0.054763526247092534,False,-0.44966666666666666,False
P001,2024-12-07,57,0.0,False,-0.014144984599398244,False,1.2365833333333334,False
P001,2024-12-08,64,0.0,False,0.004810334836192422,False,2.0235,False
P001,2024-12-09,46,0.0,False,-0.04393191514104072,False,0.0,False
P001,2024-12-10,50,0.0,False,-0.03310030403498891,False,0.44966666666666666,False
P001,2024-12-11,47,0.0,False,-0.041224012364527766,False,0.11241666666666666,False
P001,2024-12-12,51,0.0,False,-0.03039240125847596,False,0.5620833333333334,False
P001,2024-12-13,42,0.0,False,-0.054763526247092534,False,-0.44966666666666666,False
P001,2024-12-14,61,0.0,False,-0.003313373493346435,False,1.68625,False
P001,2024-12-15,60,0.0,False,-0.006021276269859387,False,1.5738333333333332,False
P001,2024-12-16,41,0.0,False,-0.05747142902360548,False,-0.5620833333333334,False
P001,2024-12-17,39,0.0,False,-0.06288723457663138,False,-0.7869166666666666,False
P001,2024-12-18,51,0.0,False,-0.03039240125847596,False,0.5620833333333334,False
P001,2024-12-19,45,0.0,False,-0.04663981791755367,False,-0.11241666666666666,False
P001,2024-12-20,42,0.0,False,-0.054763526247092534,False,-0.44966666666666666,False
P001,2024-12-21,61,0.0,False,-0.003313373493346435,False,1.68625,False
P001,2024-12-22,67,0.0,False,0.01293404316573128,False,2.36075,False
P001,2024-12-23,36,0.0,False,-0.07101094290617024,False,-1.1241666666666668,False
P001,2024-12-24,40,0.0,False,-0.06017933180011843,False,-0.6745,False
P001,2024-12-25,43,0.0,False,-0.05205562347057958,False,-0.33725,False
P001,2024-12-26,55,0.0,False,-0.019560790152424148,False,1.01175,False
P001,2024-12-27,49,0.0,False,-0.03580820681150186,False,0.33725,False
P001,2024-12-28,65,0.2,False,0.007518237612705375,False,2.1359166666666667,False
P001,2024-12-29,56,0.0,False,-0.0168528873759112,False,1.1241666666666668,False
P001,2024-12-30,42,0.0,False,-0.054763526247092534,False,-0.44966666666666666,False
P001,2024-12-31,50,0.0,False,-0.03310030403498891,False,0.44966666666666666,False
P002,2023-01-01,34,0.0,False,-0.041125065330490186,False,-0.33725,False
P002,2023-01-02,27,0.0,False,-0.04325678582935143,False,-0.7307083333333333,False
P002,2023-01-03,24,0.0,False,-0.04417038032886339,False,-0.8993333333333333,False
P002,2023-01-04,26,0.0,False,-0.04356131732918875,False,-0.7869166666666666,False
P002,2023-01-05,26,0.0,False,-0.04356131732918875,False,-0.7869166666666666,False
P002,2023-01-06,28,0.0,False,-0.042952254329514106,False,-0.6745,False
P002,2023-01-07,37,0.0,False,-0.04021147083097822,False,-0.168625,False
P002,2023-01-08,27,0.0,False,-0.04325678582935143,False,-0.7307083333333333,False
P002,2023-01-09,16,2.0,True,-0.04660663232756195,False,-1.349,False
P002,2023-01-10,29,0.0,False,-0.042647722829676785,False,-0.6182916666666667,False
P002,2023-01-11,30,0.0,False,-0.042343191329839464,False,-0.5620833333333334,False
P002,2023-01-12,21,0.4,False,-0.04508397482837535,False,-1.0679583333333333,False
P002,2023-01-13,18,1.0,False,-0.04599756932788731,False,-1.2365833333333334,False
P002,2023-01-14,34,0.0,False,-0.041125065330490186,False,-0.33725,False
P002,2023-01-15,38,0.0,False,-0.0399069393311409,False,-0.11241666666666666,False
P002,2023-01-16,32,0.0,False,-0.04173412833016482,False,-0.44966666666666666,False
P002,2023-01-17,27,0.0,False,-0.04325678582935143,False,-0.7307083333333333,False
P002,2023-01-18,24,0.0,False,-0.04417038032886339,False,-0.8993333333333333,False
P002,2023-01-19,22,0.0,False,-0.04477944332853803,False,-1.01175,False
P002,2023-01-20,25,0.0,False,-0.04386584882902607,False,-0.843125,False
P002,2023-01-21,33,0.0,False,-0.0414295968303275,False,-0.3934583333333333,False
P002,2023-01-22,30,0.0,False,-0.042343191329839464,False,-0.5620833333333334,False
P002,2023-01-23,34,0.0,False,-0.041125065330490186,False,-0.33725,False
P002,2023-01-24,33,0.0,False,-0.0414295968303275,False,-0.3934583333333333,False
P002,2023-01-25,30,0.0,False,-0.042343191329839464,False,-0.5620833333333334,False
P002,2023-01-26,22,0.0,False,-0.04477944332853803,False,-1.01175,False
P002,2023-01-27,29,0.0,False,-0.042647722829676785,False,-0.6182916666666667,False
P002,2023-01-28,37,0.0,False,-0.04021147083097822,False,-0.168625,False
P002,2023-01-29,36,0.0,False,-0.040516002330815544,False,-0.22483333333333333,False
P002,2023-01-30,31,0.0,False,-0.04203865983000214,False,-0.505875,False
P002,2023-01-31,28,0.0,False,-0.042952254329514106,False,-0.6745,False
P002,2023-02-01,29,0.0,False,-0.042647722829676785,False,-0.6182916666666667,False
P002,2023-02-02,28,0.0,False,-0.042952254329514106,False,-0.6745,False
P002,2023-02-03,27,0.0,False,-0.04325678582935143,False,-0.7307083333333333,False
P002,2023-02-04,27,0.0,False,-0.04325678582935143,False,-0.7307083333333333,False
P002,2023-02-05,35,0.0,False,-0.040820533830652865,False,-0.2810416666666667,False
P002,2023-02-06,23,0.2,False,-0.04447491182870071,False,-0.9555416666666666,False
P002,2023-02-07,21,0.4,False,-0.04508397482837535,False,-1.0679583333333333,False
P002,2023-02-08,32,0.0,False,-0.04173412833016482,False,-0.44966666666666666,False
P002,2023-02-09,33,0.0,False,-0.0414295968303275,False,-0.3934583333333333,False
P002,2023-02-10,31,0.0,False,-0.04203865983000214,False,-0.505875,False
P002,2023-02-11,36,0.0,False,-0.040516002330815544,False,-0.22483333333333333,False
P002,2023-02-12,40,0.0,False,-0.03929787633146626,False,0.0,False
P002,2023-02-13,26,0.0,False,-0.04356131732918875,False,-0.7869166666666666,False
P002,2023-02-14,27,0.0,False,-0.04325678582935143,False,-0.7307083333333333,False
P002,2023-02-15,22,0.0,False,-0.04477944332853803,False,-1.01175,False
P002,2023-02-16,28,0.0,False,-0.042952254329514106,False,-0.6745,False
P002,2023-02-17,26,0.0,False,-0.04356131732918875,False,-0.7869166666666666,False
P002,2023-02-18,29,0.0,False,-0.042647722829676785,False,-0.6182916666666667,False
P002,2023-02-19,35,0.0,False,-0.040820533830652865,False,-0.2810416666666667,False
P002,2023-02-20,26,0.0,False,-0.04356131732918875,False,-0.7869166666666666,False
P002,2023-02-21,33,0.0,False,-0.0414295968303275,False,-0.3934583333333333,False
P002,2023-02-22,30,0.0,False,-0.042343191329839464,False,-0.5620833333333334,False
P002,2023-02-23,26,0.0,False,-0.04356131732918875,False,-0.7869166666666666,False
P002,2023-02-24,27,0.0,False,-0.04325678582935143,False,-0.7307083333333333,False
P002,2023-02-25,35,0.0,False,-0.040820533830652865,False,-0.2810416666666667,False
P002,2023-02-26,34,0.0,False,-0.041125065330490186,False,-0.33725,False
P002,2023-02-27,22,0.0,False,-0.04477944332853803,False,-1.01175,False
P002,2023-02-28,26,0.0,False,-0.04356131732918875,False,-0.7869166666666666,False
P002,2023-03-01,23,0.2,False,-0.04447491182870071,False,-0.9555416666666666,False
P002,2023-03-02,21,0.4,False,-0.04508397482837535,False,-1.0679583333333333,False
P002,2023-03-03,28,0.0,False,-0.042952254329514106,False,-0.6745,False
P002,2023-03-04,37,0.0,False,-0.04021147083097822,False,-0.168625,False
P002,2023-03-05,28,0.0,False,-0.042952254329514106,False,-0.6745,False
P002,2023-03-06,26,0.0,False,-0.04356131732918875,False,-0.7869166666666666,False
P002,2023-03-07,30,0.0,False,-0.042343191329839464,False,-0.5620833333333334,False
P002,2023-03-08,31,0.0,False,-0.04203865983000214,False,-0.505875,False
P002,2023-03-09,30,0.0,False,-0.042343191329839464,False,-0.5620833333333334,False
P002,2023-03-10,27,0.0,False,-0.04325678582935143,False,-0.7307083333333333,False
P002,2023-03-11,32,0.0,False,-0.04173412833016482,False,-0.44966666666666666,False
P002,2023-03-12,31,0.0,False,-0.04203865983000214,False,-0.505875,False
P002,2023-03-13,28,0.0,False,-0.042952254329514106,False,-0.6745,False
P002,2023-03-14,28,0.0,False,-0.042952254329514106,False,-0.6745,False
P002,2023-03-15,32,0.0,False,-0.04173412833016482,False,-0.44966666666666666,False
P002,2023-03-16,31,0.0,False,-0.04203865983000214,False,-0.505875,False
P002,2023-03-17,26,0.0,False,-0.04356131732918875,False,-0.7869166666666666,False
P002,2023-03-18,30,0.0,False,-0.042343191329839464,False,-0.5620833333333334,False
P002,2023-03-19,34,0.0,False,-0.041125065330490186,False,-0.33725,False
P002,2023-03-20,27,0.0,False,-0.04325678582935143,False,-0.7307083333333333,False
P002,2023-03-21,26,0.0,False,-0.04356131732918875,False,-0.7869166666666666,False
P002,2023-03-22,24,0.0,False,-0.04417038032886339,False,-0.8993333333333333,False
P002,2023-03-23,28,0.0,False,-0.042952254329514106,False,-0.6745,False
P002,2023-03-24,25,0.0,False,-0.04386584882902607,False,-0.843125,False
P002,2023-03-25,33,0.0,False,-0.0414295968303275,False,-0.3934583333333333,False
P002,2023-03-26,37,0.0,False,-0.04021147083097822,False,-0.168625,False
P002,2023-03-27,25,0.0,False,-0.04386584882902607,False,-0.843125,False
P002,2023-03-28,28,0.0,False,-0.042952254329514106,False,-0.6745,False
P002,2023-03-29,28,0.0,False,-0.042952254329514106,False,-0.6745,False
P002,2023-03-30,22,0.0,False,-0.04477944332853803,False,-1.01175,False
P002,2023-03-31,25,0.0,False,-0.04386584882902607,False,-0.843125,False
P002,2023-04-01,41,0.0,False,-0.03899334483162894,False,0.05620833333333333,False
P002,2023-04-02,31,0.0,False,-0.04203865983000214,False,-0.505875,False
P002,2023-04-03,18,1.0,False,-0.04599756932788731,False,-1.2365833333333334,False
P002,2023-04-04,19,1.0,False,-0.045693037828049995,False,-1.180375,False
P002,2023-04-05,27,0.0,False,-0.04325678582935143,False,-0.7307083333333333,False
P002,2023-04-06,27,0.0,False,-0.04325678582935143,False,-0.7307083333333333,False
P002,2023-04-07,26,0.0,False,-0.04356131732918875,False,-0.7869166666666666,False
P002,2023-04-08,41,0.0,False,-0.03899334483162894,False,0.05620833333333333,False
P002,2023-04-09,25,0.0,False,-0.04386584882902607,False,-0.843125,False
P002,2023-04-10,29,0.0,False,-0.042647722829676785,False,-0.6182916666666667,False
P002,2023-04-11,33,0.0,False,-0.0414295968303275,False,-0.3934583333333333,False
P002,2023-04-12,23,0.2,False,-0.04447491182870071,False,-0.9555416666666666,False
P002,2023-04-13,26,0.0,False,-0.04356131732918875,False,-0.7869166666666666,False
P002,2023-04-14,24,0.0,False,-0.04417038032886339,False,-0.8993333333333333,False
P002,2023-04-15,32,0.0,False,-0.04173412833016482,False,-0.44966666666666666,False
P002,2023-04-16,35,0.0,False,-0.040820533830652865,False,-0.2810416666666667,False
P002,2023-04-17,33,0.0,False,-0.0414295968303275,False,-0.3934583333333333,False
P002,2023-04-18,34,0.0,False,-0.041125065330490186,False,-0.33725,False
P002,2023-04-19,26,0.0,False,-0.04356131732918875,False,-0.7869166666666666,False
P002,2023-04-20,35,0.0,False,-0.040820533830652865,False,-0.2810416666666667,False
P002,2023-04-21,27,0.0,False,-0.04325678582935143,False,-0.7307083333333333,False
P002,2023-04-22,43,0.0,False,-0.038384281831954296,False,0.168625,False
P002,2023-04-23,36,0.0,False,-0.040516002330815544,False,-0.22483333333333333,False
P002,2023-04-24,28,0.0,False,-0.042952254329514106,False,-0.6745,False
P002,2023-04-25,29,0.0,False,-0.042647722829676785,False,-0.6182916666666667,False
P002,2023-04-26,40,0.0,False,-0.03929787633146626,False,0.0,False
P002,2023-04-27,31,0.0,False,-0.04203865983000214,False,-0.505875,False
P002,2023-04-28,25,0.0,False,-0.04386584882902607,False,-0.843125,False
P002,2023-04-29,40,0.0,False,-0.03929787633146626,False,0.0,False
P002,2023-04-30,35,0.0,False,-0.040820533830652865,False,-0.2810416666666667,False
P002,2023-05-01,25,0.0,False,-0.04386584882902607,False,-0.843125,False
P002,2023-05-02,31,0.0,False,-0.04203865983000214,False,-0.505875,False
P002,2023-05-03,28,0.0,False,-0.042952254329514106,False,-0.6745,False
P002,2023-05-04,29,0.0,False,-0.042647722829676785,False,-0.6182916666666667,False
P002,2023-05-05,28,0.0,False,-0.042952254329514106,False,-0.6745,False
P002,2023-05-06,38,0.0,False,-0.0399069393311409,False,-0.11241666666666666,False
P002,2023-05-07,38,0.0,False,-0.0399069393311409,False,-0.11241666666666666,False
P002,2023-05-08,20,0.6,False,-0.045388506328212674,False,-1.1241666666666668,False
P002,2023-05-09,30,0.0,False,-0.042343191329839464,False,-0.5620833333333334,False
P002,2023-05-10,24,0.0,False,-0.04417038032886339,False,-0.8993333333333333,False
P002,2023-05-11,22,0.0,False,-0.04477944332853803,False,-1.01175,False
P002,2023-05-12,27,0.0,False,-0.04325678582935143,False,-0.7307083333333333,False
P002,2023-05-13,37,0.0,False,-0.04021147083097822,False,-0.168625,False
P002,2023-05-14,34,0.0,False,-0.041125065330490186,False,-0.33725,False
P002,2023-05-15,31,0.0,False,-0.04203865983000214,False,-0.505875,False
P002,2023-05-16,22,0.0,False,-0.04477944332853803,False,-1.01175,False
P002,2023-05-17,26,0.0,False,-0.04356131732918875,False,-0.7869166666666666,False
P002,2023-05-18,25,0.0,False,-0.04386584882902607,False,-0.843125,False
P002,2023-05-19,28,0.0,False,-0.042952254329514106,False,-0.6745,False
P002,2023-05-20,38,0.0,False,-0.0399069393311409,False,-0.11241666666666666,False
P002,2023-05-21,33,0.0,False,-0.0414295968303275,False,-0.3934583333333333,False
P002,2023-05-22,31,0.0,False,-0.04203865983000214,False,-0.505875,False
P002,2023-05-23,28,0.0,False,-0.042952254329514106,False,-0.6745,False
P002,2023-05-24,20,0.6,False,-0.045388506328212674,False,-1.1241666666666668,False
P002,2023-05-25,20,0.6,False,-0.045388506328212674,False,-1.1241666666666668,False
P002,2023-05-26,28,0.0,False,-0.042952254329514106,False,-0.6745,False
P002,2023-05-27,36,0.0,False,-0.040516002330815544,False,-0.22483333333333333,False
P002,2023-05-28,36,0.0,False,-0.040516002330815544,False,-0.22483333333333333,False
P002,2023-05-29,28,0.0,False,-0.042952254329514106,False,-0.6745,False
P002,2023-05-30,29,0.0,False,-0.042647722829676785,False,-0.6182916666666667,False
P002,2023-05-31,32,0.0,False,-0.04173412833016482,False,-0.44966666666666666,False
P002,2023-06-01,24,0.0,False,-0.04417038032886339,False,-0.8993333333333333,False
P002,2023-06-02,23,0.2,False,-0.04447491182870071,False,-0.9555416666666666,False
P002,2023-06-03,32,0.0,False,-0.04173412833016482,False,-0.44966666666666666,False
P002,2023-06-04,38,0.0,False,-0.0399069393311409,False,-0.11241666666666666,False
P002,2023-06-05,33,0.0,False,-0.0414295968303275,False,-0.3934583333333333,False
P002,2023-06-06,26,0.0,False,-0.04356131732918875,False,-0.7869166666666666,False
P002,2023-06-07,18,1.0,False,-0.04599756932788731,False,-1.2365833333333334,False
P002,2023-06-08,21,0.4,False,-0.04508397482837535,False,-1.0679583333333333,False
P002,2023-06-09,25,0.0,False,-0.04386584882902607,False,-0.843125,False
P002,2023-06-10,35,0.0,False,-0.040820533830652865,False,-0.2810416666666667,False
P002,2023-06-11,35,0.0,False,-0.040820533830652865,False,-0.2810416666666667,False
P002,2023-06-12,28,0.0,False,-0.042952254329514106,False,-0.6745,False
P002,2023-06-13,27,0.0,False,-0.04325678582935143,False,-0.7307083333333333,False
P002,2023-06-14,32,0.0,False,-0.04173412833016482,False,-0.44966666666666666,False
P002,2023-06-15,26,0.0,False,-0.04356131732918875,False,-0.7869166666666666,False
P002,2023-06-16,25,0.0,False,-0.04386584882902607,False,-0.843125,False
P002,2023-06-17,39,0.0,False,-0.03960240783130358,False,-0.05620833333333333,False
P002,2023-06-18,31,0.0,False,-0.04203865983000214,False,-0.505875,False
P002,2023-06-19,30,0.0,False,-0.042343191329839464,False,-0.5620833333333334,False
P002,2023-06-20,29,0.0,False,-0.042647722829676785,False,-0.6182916666666667,False
P002,2023-06-21,28,0.0,False,-0.042952254329514106,False,-0.6745,False
P002,2023-06-22,35,0.0,False,-0.040820533830652865,False,-0.2810416666666667,False
P002,2023-06-23,26,0.0,False,-0.04356131732918875,False,-0.7869166666666666,False
P002,2023-06-24,45,0.0,False,-0.037775218832279654,False,0.2810416666666667,False
P002,2023-06-25,36,0.0,False,-0.040516002330815544,False,-0.22483333333333333,False
P002,2023-06-26,23,0.2,False,-0.04447491182870071,False,-0.9555416666666666,False
P002,2023-06-27,29,0.0,False,-0.042647722829676785,False,-0.6182916666666667,False
P002,2023-06-28,24,0.0,False,-0.04417038032886339,False,-0.8993333333333333,False
P002,2023-06-29,26,0.0,False,-0.04356131732918875,False,-0.7869166666666666,False
P002,2023-06-30,30,0.0,False,-0.042343191329839464,False,-0.5620833333333334,False
P002,2023-07-01,40,0.0,False,-0.03929787633146626,False,0.0,False
P002,2023-07-02,35,0.0,False,-0.040820533830652865,False,-0.2810416666666667,False
P002,2023-07-03,33,0.0,False,-0.0414295968303275,False,-0.3934583333333333,False
P002,2023-07-04,33,0.0,False,-0.0414295968303275,False,-0.3934583333333333,False
P002,2023-07-05,34,0.0,False,-0.041125065330490186,False,-0.33725,False
P002,2023-07-06,31,0.0,False,-0.04203865983000214,False,-0.505875,False
P002,2023-07-07,34,0.0,False,-0.041125065330490186,False,-0.33725,False
P002,2023-07-08,30,0.0,False,-0.042343191329839464,False,-0.5620833333333334,False
P002,2023-07-09,36,0.0,False,-0.040516002330815544,False,-0.22483333333333333,False
P002,2023-07-10,25,0.0,False,-0.04386584882902607,False,-0.843125,False
P002,2023-07-11,29,0.0,False,-0.042647722829676785,False,-0.6182916666666667,False
P002,2023-07-12,27,0.0,False,-0.04325678582935143,False,-0.7307083333333333,False
P002,2023-07-13,28,0.0,False,-0.042952254329514106,False,-0.6745,False
P002,2023-07-14,36,0.0,False,-0.040516002330815544,False,-0.22483333333333333,False
P002,2023-07-15,37,0.0,False,-0.04021147083097822,False,-0.168625,False
P002,2023-07-16,39,0.0,False,-0.03960240783130358,False,-0.05620833333333333,False
P002,2023-07-17,28,0.0,False,-0.042952254329514106,False,-0.6745,False
P002,2023-07-18,29,0.0,False,-0.042647722829676785,False,-0.6182916666666667,False
P002,2023-07-19,29,0.0,False,-0.042647722829676785,False,-0.6182916666666667,False
P002,2023-07-20,31,0.0,False,-0.04203865983000214,False,-0.505875,False
P002,2023-07-21,34,0.0,False,-0.041125065330490186,False,-0.33725,False
P002,2023-07-22,44,0.0,False,-0.038079750332116975,False,0.22483333333333333,False
P002,2023-07-23,39,0.0,False,-0.03960240783130358,False,-0.05620833333333333,False
P002,2023-07-24,31,0.0,False,-0.04203865983000214,False,-0.505875,False
P002,2023-07-25,24,0.0,False,-0.04417038032886339,False,-0.8993333333333333,False
P002,2023-07-26,29,0.0,False,-0.042647722829676785,False,-0.6182916666666667,False
P002,2023-07-27,33,0.0,False,-0.0414295968303275,False,-0.3934583333333333,False
P002,2023-07-28,33,0.0,False,-0.0414295968303275,False,-0.3934583333333333,False
P002,2023-07-29,39,0.0,False,-0.03960240783130358,False,-0.05620833333333333,False
P002,2023-07-30,41,0.0,False,-0.03899334483162894,False,0.05620833333333333,False
P002,2023-07-31,31,0.0,False,-0.04203865983000214,False,-0.505875,False
P002,2023-08-01,34,0.0,False,-0.041125065330490186,False,-0.33725,False
P002,2023-08-02,30,0.0,False,-0.042343191329839464,False,-0.5620833333333334,False
P002,2023-08-03,28,0.0,False,-0.042952254329514106,False,-0.6745,False
P002,2023-08-04,31,0.0,False,-0.04203865983000214,False,-0.505875,False
P002,2023-08-05,26,0.0,False,-0.04356131732918875,False,-0.7869166666666666,False
P002,2023-08-06,40,0.0,False,-0.03929787633146626,False,0.0,False
P002,2023-08-07,15,2.8,True,-0.04691116382739927,False,-1.4052083333333334,False
P002,2023-08-08,22,0.0,False,-0.04477944332853803,False,-1.01175,False
P002,2023-08-09,31,0.0,False,-0.04203865983000214,False,-0.505875,False
P002,2023-08-10,31,0.0,False,-0.04203865983000214,False,-0.505875,False
P002,2023-08-11,25,0.0,False,-0.04386584882902607,False,-0.843125,False
P002,2023-08-12,35,0.0,False,-0.040820533830652865,False,-0.2810416666666667,False
P002,2023-08-13,44,0.0,False,-0.038079750332116975,False,0.22483333333333333,False
P002,2023-08-14,28,0.0,False,-0.042952254329514106,False,-0.6745,False
P002,2023-08-15,38,0.0,False,-0.0399069393311409,False,-0.11241666666666666,False
P002,2023-08-16,30,0.0,False,-0.042343191329839464,False,-0.5620833333333334,False
P002,2023-08-17,31,0.0,False,-0.04203865983000214,False,-0.505875,False
P002,2023-08-18,36,0.0,False,-0.040516002330815544,False,-0.22483333333333333,False
P002,2023-08-19,39,0.0,False,-0.03960240783130358,False,-0.05620833333333333,False
P002,2023-08-20,34,0.0,False,-0.041125065330490186,False,-0.33725,False
P002,2023-08-21,29,0.0,False,-0.042647722829676785,False,-0.6182916666666667,False
P002,2023-08-22,30,0.0,False,-0.042343191329839464,False,-0.5620833333333334,False
P002,2023-08-23,24,0.0,False,-0.04417038032886339,False,-0.8993333333333333,False
P002,2023-08-24,29,0.0,False,-0.042647722829676785,False,-0.6182916666666667,False
P002,2023-08-25,27,0.0,False,-0.04325678582935143,False,-0.7307083333333333,False
P002,2023-08-26,42,0.0,False,-0.03868881333179162,False,0.11241666666666666,False
P002,2023-08-27,39,0.0,False,-0.03960240783130358,False,-0.05620833333333333,False
P002,2023-08-28,29,0.0,False,-0.042647722829676785,False,-0.6182916666666667,False
P002,2023-08-29,29,0.0,False,-0.042647722829676785,False,-0.6182916666666667,False
P002,2023-08-30,31,0.0,False,-0.04203865983000214,False,-0.505875,False
P002,2023-08-31,32,0.0,False,-0.04173412833016482,False,-0.44966666666666666,False
P002,2023-09-01,26,0.0,False,-0.04356131732918875,False,-0.7869166666666666,False
P002,2023-09-02,34,0.0,False,-0.041125065330490186,False,-0.33725,False
P002,2023-09-03,43,0.0,False,-0.038384281831954296,False,0.168625,False
P002,2023-09-04,28,0.0,False,-0.042952254329514106,False,-0.6745,False
P002,2023-09-05,24,0.0,False,-0.04417038032886339,False,-0.8993333333333333,False
P002,2023-09-06,32,0.0,False,-0.04173412833016482,False,-0.44966666666666666,False
P002,2023-09-07,32,0.0,False,-0.04173412833016482,False,-0.44966666666666666,False
P002,2023-09-08,24,0.0,False,-0.04417038032886339,False,-0.8993333333333333,False
P002,2023-09-09,40,0.0,False,-0.03929787633146626,False,0.0,False
P002,2023-09-10,42,0.0,False,-0.03868881333179162,False,0.11241666666666666,False
P002,2023-09-11,32,0.0,False,-0.04173412833016482,False,-0.44966666666666666,False
P002,2023-09-12,33,0.0,False,-0.0414295968303275,False,-0.3934583333333333,False
P002,2023-09-13,25,0.0,False,-0.04386584882902607,False,-0.843125,False
P002,2023-09-14,32,0.0,False,-0.04173412833016482,False,-0.44966666666666666,False
P002,2023-09-15,29,0.0,False,-0.042647722829676785,False,-0.6182916666666667,False
P002,2023-09-16,37,0.0,False,-0.04021147083097822,False,-0.168625,False
P002,2023-09-17,43,0.0,False,-0.038384281831954296,False,0.168625,False
P002,2023-09-18,36,0.0,False,-0.040516002330815544,False,-0.22483333333333333,False
P002,2023-09-19,342,210.2,True,0.05267063661940456,False,16.974916666666665,True
P002,2023-09-20,36,0.0,False,-0.040516002330815544,False,-0.22483333333333333,False
P002,2023-09-21,30,0.0,False,-0.042343191329839464,False,-0.5620833333333334,False
P002,2023-09-22,32,0.0,False,-0.04173412833016482,False,-0.44966666666666666,False
P002,2023-09-23,42,0.0,False,-0.03868881333179162,False,0.11241666666666666,False
P002,2023-09-24,40,0.0,False,-0.03929787633146626,False,0.0,False
P002,2023-09-25,31,0.0,False,-0.04203865983000214,False,-0.505875,False
P002,2023-09-26,34,0.0,False,-0.041125065330490186,False,-0.33725,False
P002,2023-09-27,31,0.0,False,-0.04203865983000214,False,-0.505875,False
P002,2023-09-28,28,0.0,False,-0.042952254329514106,False,-0.6745,False
P002,2023-09-29,29,0.0,False,-0.042647722829676785,False,-0.6182916666666667,False
P002,2023-09-30,43,0.0,False,-0.038384281831954296,False,0.168625,False
P002,2023-10-01,40,0.0,False,-0.03929787633146626,False,0.0,False
P002,2023-10-02,33,0.0,False,-0.0414295968303275,False,-0.3934583333333333,False
P002,2023-10-03,34,0.0,False,-0.041125065330490186,False,-0.33725,False
P002,2023-10-04,30,0.0,False,-0.042343191329839464,False,-0.5620833333333334,False
P002,2023-10-05,35,0.0,False,-0.040820533830652865,False,-0.2810416666666667,False
P002,2023-10-06,34,0.0,False,-0.041125065330490186,False,-0.33725,False
P002,2023-10-07,36,0.0,False,-0.040516002330815544,False,-0.22483333333333333,False
P002,2023-10-08,47,0.8,False,-0.03716615583260501,False,0.3934583333333333,False
P002,2023-10-09,31,0.0,False,-0.04203865983000214,False,-0.505875,False
P002,2023-10-10,27,0.0,False,-0.04325678582935143,False,-0.7307083333333333,False
P002,2023-10-11,30,0.0,False,-0.042343191329839464,False,-0.5620833333333334,False
P002,2023-10-12,30,0.0,False,-0.042343191329839464,False,-0.5620833333333334,False
P002,2023-10-13,35,0.0,False,-0.040820533830652865,False,-0.2810416666666667,False
P002,2023-10-14,43,0.0,False,-0.038384281831954296,False,0.168625,False
P002,2023-10-15,43,0.0,False,-0.038384281831954296,False,0.168625,False
P002,2023-10-16,39,0.0,False,-0.03960240783130358,False,-0.05620833333333333,False
P002,2023-10-17,38,0.0,False,-0.0399069393311409,False,-0.11241666666666666,False
P002,2023-10-18,39,0.0,False,-0.03960240783130358,False,-0.05620833333333333,False
P002,2023-10-19,40,0.0,False,-0.03929787633146626,False,0.0,False
P002,2023-10-20,41,0.0,False,-0.03899334483162894,False,0.05620833333333333,False
P002,2023-10-21,40,0.0,False,-0.03929787633146626,False,0.0,False
P002,2023-10-22,48,0.0,False,-0.0368616243327677,False,0.44966666666666666,False
P002,2023-10-23,33,0.0,False,-0.0414295968303275,False,-0.3934583333333333,False
P002,2023-10-24,43,0.0,False,-0.038384281831954296,False,0.168625,False
P002,2023-10-25,43,0.0,False,-0.038384281831954296,False,0.168625,False
P002,2023-10-26,49,0.0,False,-0.03655709283293038,False,0.505875,False
P002,2023-10-27,50,0.0,False,-0.036252561333093056,False,0.5620833333333334,False
P002,2023-10-28,56,0.0,False,-0.03442537233406913,False,0.8993333333333333,False
P002,2023-10-29,55,0.0,False,-0.03472990383390645,False,0.843125,False
P002,2023-10-30,51,0.8,False,-0.035948029833255735,False,0.6182916666666667,False
P002,2023-10-31,48,0.0,False,-0.0368616243327677,False,0.44966666666666666,False
P002,2023-11-01,52,0.0,False,-0.035643498333418414,False,0.6745,False
P002,2023-11-02,57,0.0,False,-0.03412084083423181,False,0.9555416666666666,False
P002,2023-11-03,52,0.0,False,-0.035643498333418414,False,0.6745,False
P002,2023-11-04,68,0.8,False,-0.030770994336021283,False,1.5738333333333332,False
P002,2023-11-05,69,0.0,False,-0.030466462836183962,False,1.6300416666666668,False
P002,2023-11-06,55,0.0,False,-0.03472990383390645,False,0.843125,False
P002,2023-11-07,64,0.0,False,-0.03198912033537057,False,1.349,False
P002,2023-11-08,64,0.0,False,-0.03198912033537057,False,1.349,False
P002,2023-11-09,63,0.0,False,-0.03229365183520789,False,1.2927916666666668,False
P002,2023-11-10,61,1.0,False,-0.032902714834882524,False,1.180375,False
P002,2023-11-11,71,0.0,False,-0.02985739983650932,False,1.7424583333333334,False
P002,2023-11-12,73,0.0,False,-0.02924833683683468,False,1.8548749999999998,False
P002,2023-11-13,70,0.0,False,-0.03016193133634664,False,1.68625,False
P002,2023-11-14,65,1.0,False,-0.031684588835533246,False,1.4052083333333334,False
P002,2023-11-15,72,0.6,False,-0.029552868336672002,False,1.7986666666666666,False
P002,2023-11-16,66,0.0,False,-0.031380057335695925,False,1.4614166666666666,False
P002,2023-11-17,71,0.0,False,-0.02985739983650932,False,1.7424583333333334,False
P002,2023-11-18,82,0.8,False,-0.026507553338298795,False,2.36075,False
P002,2023-11-19,92,1.2,False,-0.023462238339925588,False,2.922833333333333,False
P002,2023-11-20,69,0.0,False,-0.030466462836183962,False,1.6300416666666668,False
P002,2023-11-21,81,1.2,False,-0.026812084838136116,False,2.3045416666666667,False
P002,2023-11-22,76,0.4,False,-0.028334742337322718,False,2.0235,False
P002,2023-11-23,78,0.8,False,-0.027725679337648076,False,2.1359166666666667,False
P002,2023-11-24,77,0.6,False,-0.028030210837485397,False,2.079708333333333,False
P002,2023-11-25,87,1.2,False,-0.024984895839112193,False,2.6417916666666668,False
P002,2023-11-26,85,0.6,False,-0.02559395883878683,False,2.529375,False
P002,2023-11-27,82,0.8,False,-0.026507553338298795,False,2.36075,False
P002,2023-11-28,75,0.6,False,-0.02863927383716004,False,1.9672916666666664,False
P002,2023-11-29,81,1.2,False,-0.026812084838136116,False,2.3045416666666667,False
P002,2023-11-30,73,0.0,False,-0.02924833683683468,False,1.8548749999999998,False
P002,2023-12-01,75,0.6,False,-0.02863927383716004,False,1.9672916666666664,False
P002,2023-12-02,79,1.2,False,-0.027421147837810758,False,2.192125,False
P002,2023-12-03,85,0.6,False,-0.02559395883878683,False,2.529375,False
P002,2023-12-04,79,1.2,False,-0.027421147837810758,False,2.192125,False
P002,2023-12-05,72,0.6,False,-0.029552868336672002,False,1.7986666666666666,False
P002,2023-12-06,71,0.0,False,-0.02985739983650932,False,1.7424583333333334,False
P002,2023-12-07,66,0.0,False,-0.031380057335695925,False,1.4614166666666666,False
P002,2023-12-08,68,0.8,False,-0.030770994336021283,False,1.5738333333333332,False
P002,2023-12-09,71,0.0,False,-0.02985739983650932,False,1.7424583333333334,False
P002,2023-12-10,72,0.6,False,-0.029552868336672002,False,1.7986666666666666,False
P002,2023-12-11,67,0.0,False,-0.031075525835858604,False,1.517625,False
P002,2023-12-12,70,0.0,False,-0.03016193133634664,False,1.68625,False
P002,2023-12-13,75,0.6,False,-0.02863927383716004,False,1.9672916666666664,False
P002,2023-12-14,60,0.0,False,-0.033207246334719845,False,1.1241666666666668,False
P002,2023-12-15,66,0.0,False,-0.031380057335695925,False,1.4614166666666666,False
P002,2023-12-16,69,0.0,False,-0.030466462836183962,False,1.6300416666666668,False
P002,2023-12-17,66,0.0,False,-0.031380057335695925,False,1.4614166666666666,False
P002,2023-12-18,58,1.0,False,-0.03381630933439449,False,1.01175,False
P002,2023-12-19,56,0.0,False,-0.03442537233406913,False,0.8993333333333333,False
P002,2023-12-20,54,1.0,False,-0.03503443533374377,False,0.7869166666666666,False
P002,2023-12-21,51,0.8,False,-0.035948029833255735,False,0.6182916666666667,False
P002,2023-12-22,46,0.0,False,-0.03747068733244233,False,0.33725,False
P002,2023-12-23,53,0.0,False,-0.03533896683358109,False,0.7307083333333333,False
P002,2023-12-24,60,0.0,False,-0.033207246334719845,False,1.1241666666666668,False
P002,2023-12-25,88888,88713.0,True,27.01771682121479,True,4993.9980000000005,True
P002,2023-12-26,44,0.0,False,-0.038079750332116975,False,0.22483333333333333,False
P002,2023-12-27,46,0.0,False,-0.03747068733244233,False,0.33725,False
P002,2023-12-28,48,0.0,False,-0.0368616243327677,False,0.44966666666666666,False
P002,2023-12-29,44,0.0,False,-0.038079750332116975,False,0.22483333333333333,False
P002,2023-12-30,49,0.0,False,-0.03655709283293038,False,0.505875,False
P002,2023-12-31,56,0.0,False,-0.03442537233406913,False,0.8993333333333333,False
P002,2024-01-01,39,0.0,False,-0.03960240783130358,False,-0.05620833333333333,False
P002,2024-01-02,34,0.0,False,-0.041125065330490186,False,-0.33725,False
P002,2024-01-03,36,0.0,False,-0.040516002330815544,False,-0.22483333333333333,False
P002,2024-01-04,37,0.0,False,-0.04021147083097822,False,-0.168625,False
P002,2024-01-05,37,0.0,False,-0.04021147083097822,False,-0.168625,False
P002,2024-01-06,44,0.0,False,-0.038079750332116975,False,0.22483333333333333,False
P002,2024-01-07,44,0.0,False,-0.038079750332116975,False,0.22483333333333333,False
P002,2024-01-08,35,0.0,False,-0.040820533830652865,False,-0.2810416666666667,False
P002,2024-01-09,28,0.0,False,-0.042952254329514106,False,-0.6745,False
P002,2024-01-10,0,9.8,True,-0.05147913632495908,False,-2.2483333333333335,False
P002,2024-01-11,0,9.8,True,-0.05147913632495908,False,-2.2483333333333335,False
P002,2024-01-12,0,9.8,True,-0.05147913632495908,False,-2.2483333333333335,False
P002,2024-01-13,47,0.8,False,-0.03716615583260501,False,0.3934583333333333,False
P002,2024-01-14,45,0.0,False,-0.037775218832279654,False,0.2810416666666667,False
P002,2024-01-15,39,0.0,False,-0.03960240783130358,False,-0.05620833333333333,False
P002,2024-01-16,32,0.0,False,-0.04173412833016482,False,-0.44966666666666666,False
P002,2024-01-17,28,0.0,False,-0.042952254329514106,False,-0.6745,False
P002,2024-01-18,32,0.0,False,-0.04173412833016482,False,-0.44966666666666666,False
P002,2024-01-19,33,0.0,False,-0.0414295968303275,False,-0.3934583333333333,False
P002,2024-01-20,42,0.0,False,-0.03868881333179162,False,0.11241666666666666,False
P002,2024-01-21,46,0.0,False,-0.03747068733244233,False,0.33725,False
P002,2024-01-22,31,0.0,False,-0.04203865983000214,False,-0.505875,False
P002,2024-01-23,34,0.0,False,-0.041125065330490186,False,-0.33725,False
P002,2024-01-24,29,0.0,False,-0.042647722829676785,False,-0.6182916666666667,False
P002,2024-01-25,35,0.0,False,-0.040820533830652865,False,-0.2810416666666667,False
P002,2024-01-26,33,0.0,False,-0.0414295968303275,False,-0.3934583333333333,False
P002,2024-01-27,39,0.0,False,-0.03960240783130358,False,-0.05620833333333333,False
P002,2024-01-28,41,0.0,False,-0.03899334483162894,False,0.05620833333333333,False
P002,2024-01-29,32,0.0,False,-0.04173412833016482,False,-0.44966666666666666,False
P002,2024-01-30,32,0.0,False,-0.04173412833016482,False,-0.44966666666666666,False
P002,2024-01-31,40,0.0,False,-0.03929787633146626,False,0.0,False
P002,2024-02-01,33,0.0,False,-0.0414295968303275,False,-0.3934583333333333,False
P002,2024-02-02,32,0.0,False,-0.04173412833016482,False,-0.44966666666666666,False
P002,2024-02-03,33,0.0,False,-0.0414295968303275,False,-0.3934583333333333,False
P002,2024-02-04,38,0.0,False,-0.0399069393311409,False,-0.11241666666666666,False
P002,2024-02-05,32,0.0,False,-0.04173412833016482,False,-0.44966666666666666,False
P002,2024-02-06,30,0.0,False,-0.042343191329839464,False,-0.5620833333333334,False
P002,2024-02-07,39,0.0,False,-0.03960240783130358,False,-0.05620833333333333,False
P002,2024-02-08,32,0.0,False,-0.04173412833016482,False,-0.44966666666666666,False
P002,2024-02-09,38,0.0,False,-0.0399069393311409,False,-0.11241666666666666,False
P002,2024-02-10,42,0.0,False,-0.03868881333179162,False,0.11241666666666666,False
P002,2024-02-11,42,0.0,False,-0.03868881333179162,False,0.11241666666666666,False
P002,2024-02-12,33,0.0,False,-0.0414295968303275,False,-0.3934583333333333,False
P002,2024-02-13,33,0.0,False,-0.0414295968303275,False,-0.3934583333333333,False
P002,2024-02-14,40,0.0,False,-0.03929787633146626,False,0.0,False
P002,2024-02-15,24,0.0,False,-0.04417038032886339,False,-0.8993333333333333,False
P002,2024-02-16,25,0.0,False,-0.04386584882902607,False,-0.843125,False
P002,2024-02-17,40,0.0,False,-0.03929787633146626,False,0.0,False
P002,2024-02-18,42,0.0,False,-0.03868881333179162,False,0.11241666666666666,False
P002,2024-02-19,36,0.0,False,-0.040516002330815544,False,-0.22483333333333333,False
P002,2024-02-20,35,0.0,False,-0.040820533830652865,False,-0.2810416666666667,False
P002,2024-02-21,32,0.0,False,-0.04173412833016482,False,-0.44966666666666666,False
P002,2024-02-22,37,0.0,False,-0.04021147083097822,False,-0.168625,False
P002,2024-02-23,37,0.0,False,-0.04021147083097822,False,-0.168625,False
P002,2024-02-24,43,0.0,False,-0.038384281831954296,False,0.168625,False
P002,2024-02-25,46,0.0,False,-0.03747068733244233,False,0.33725,False
P002,2024-02-26,35,0.0,False,-0.040820533830652865,False,-0.2810416666666667,False
P002,2024-02-27,31,0.0,False,-0.04203865983000214,False,-0.505875,False
P002,2024-02-28,36,0.0,False,-0.040516002330815544,False,-0.22483333333333333,False
P002,2024-02-29,34,0.0,False,-0.041125065330490186,False,-0.33725,False
P002,2024-03-01,34,0.0,False,-0.041125065330490186,False,-0.33725,False
P002,2024-03-02,48,0.0,False,-0.0368616243327677,False,0.44966666666666666,False
P002,2024-03-03,32,0.0,False,-0.04173412833016482,False,-0.44966666666666666,False
P002,2024-03-04,28,0.0,False,-0.042952254329514106,False,-0.6745,False
P002,2024-03-05,29,0.0,False,-0.042647722829676785,False,-0.6182916666666667,False
P002,2024-03-06,32,0.0,False,-0.04173412833016482,False,-0.44966666666666666,False
P002,2024-03-07,33,0.0,False,-0.0414295968303275,False,-0.3934583333333333,False
P002,2024-03-08,28,0.0,False,-0.042952254329514106,False,-0.6745,False
P002,2024-03-09,38,0.0,False,-0.0399069393311409,False,-0.11241666666666666,False
P002,2024-03-10,39,0.0,False,-0.03960240783130358,False,-0.05620833333333333,False
P002,2024-03-11,44,0.0,False,-0.038079750332116975,False,0.22483333333333333,False
P002,2024-03-12,41,0.0,False,-0.03899334483162894,False,0.05620833333333333,False
P002,2024-03-13,32,0.0,False,-0.04173412833016482,False,-0.44966666666666666,False
P002,2024-03-14,32,0.0,False,-0.04173412833016482,False,-0.44966666666666666,False
P002,2024-03-15,29,0.0,False,-0.042647722829676785,False,-0.6182916666666667,False
P002,2024-03-16,35,0.0,False,-0.040820533830652865,False,-0.2810416666666667,False
P002,2024-03-17,42,0.0,False,-0.03868881333179162,False,0.11241666666666666,False
P002,2024-03-18,30,0.0,False,-0.042343191329839464,False,-0.5620833333333334,False
P002,2024-03-19,34,0.0,False,-0.041125065330490186,False,-0.33725,False
P002,2024-03-20,27,0.0,False,-0.04325678582935143,False,-0.7307083333333333,False
P002,2024-03-21,31,0.0,False,-0.04203865983000214,False,-0.505875,False
P002,2024-03-22,35,0.0,False,-0.040820533830652865,False,-0.2810416666666667,False
P002,2024-03-23,44,0.0,False,-0.038079750332116975,False,0.22483333333333333,False
P002,2024-03-24,44,0.0,False,-0.038079750332116975,False,0.22483333333333333,False
P002,2024-03-25,29,0.0,False,-0.042647722829676785,False,-0.6182916666666667,False
P002,2024-03-26,37,0.0,False,-0.04021147083097822,False,-0.168625,False
P002,2024-03-27,31,0.0,False,-0.04203865983000214,False,-0.505875,False
P002,2024-03-28,37,0.0,False,-0.04021147083097822,False,-0.168625,False
P002,2024-03-29,34,0.0,False,-0.041125065330490186,False,-0.33725,False
P002,2024-03-30,37,0.0,False,-0.04021147083097822,False,-0.168625,False
P002,2024-03-31,42,0.0,False,-0.03868881333179162,False,0.11241666666666666,False
P002,2024-04-01,36,0.0,False,-0.040516002330815544,False,-0.22483333333333333,False
P002,2024-04-02,37,0.0,False,-0.04021147083097822,False,-0.168625,False
P002,2024-04-03,34,0.0,False,-0.041125065330490186,False,-0.33725,False
P002,2024-04-04,40,0.0,False,-0.03929787633146626,False,0.0,False
P002,2024-04-05,38,0.0,False,-0.0399069393311409,False,-0.11241666666666666,False
P002,2024-04-06,42,0.0,False,-0.03868881333179162,False,0.11241666666666666,False
P002,2024-04-07,46,0.0,False,-0.03747068733244233,False,0.33725,False
P002,2024-04-08,42,0.0,False,-0.03868881333179162,False,0.11241666666666666,False
P002,2024-04-09,42,0.0,False,-0.03868881333179162,False,0.11241666666666666,False
P002,2024-04-10,29,0.0,False,-0.042647722829676785,False,-0.6182916666666667,False
P002,2024-04-11,31,0.0,False,-0.04203865983000214,False,-0.505875,False
P002,2024-04-12,40,0.0,False,-0.03929787633146626,False,0.0,False
P002,2024-04-13,39,0.0,False,-0.03960240783130358,False,-0.05620833333333333,False
P002,2024-04-14,38,0.0,False,-0.0399069393311409,False,-0.11241666666666666,False
P002,2024-04-15,32,0.0,False,-0.04173412833016482,False,-0.44966666666666666,False
P002,2024-04-16,36,0.0,False,-0.040516002330815544,False,-0.22483333333333333,False
P002,2024-04-17,34,0.0,False,-0.041125065330490186,False,-0.33725,False
P002,2024-04-18,32,0.0,False,-0.04173412833016482,False,-0.44966666666666666,False
P002,2024-04-19,32,0.0,False,-0.04173412833016482,False,-0.44966666666666666,False
P002,2024-04-20,40,0.0,False,-0.03929787633146626,False,0.0,False
P002,2024-04-21,40,0.0,False,-0.03929787633146626,False,0.0,False
P002,2024-04-22,44,0.0,False,-0.038079750332116975,False,0.22483333333333333,False
P002,2024-04-23,36,0.0,False,-0.040516002330815544,False,-0.22483333333333333,False
P002,2024-04-24,38,0.0,False,-0.0399069393311409,False,-0.11241666666666666,False
P002,2024-04-25,33,0.0,False,-0.0414295968303275,False,-0.3934583333333333,False
P002,2024-04-26,34,0.0,False,-0.041125065330490186,False,-0.33725,False
P002,2024-04-27,41,0.0,False,-0.03899334483162894,False,0.05620833333333333,False
P002,2024-04-28,33,0.0,False,-0.0414295968303275,False,-0.3934583333333333,False
P002,2024-04-29,29,0.0,False,-0.042647722829676785,False,-0.6182916666666667,False
P002,2024-04-30,27,0.0,False,-0.04325678582935143,False,-0.7307083333333333,False
P002,2024-05-01,36,0.0,False,-0.040516002330815544,False,-0.22483333333333333,False
P002,2024-05-02,42,0.0,False,-0.03868881333179162,False,0.11241666666666666,False
P002,2024-05-03,56,0.0,False,-0.03442537233406913,False,0.8993333333333333,False
P002,2024-05-04,60,0.0,False,-0.033207246334719845,False,1.1241666666666668,False
P002,2024-05-05,69,0.0,False,-0.030466462836183962,False,1.6300416666666668,False
P002,2024-05-06,50,0.0,False,-0.036252561333093056,False,0.5620833333333334,False
P002,2024-05-07,53,0.0,False,-0.03533896683358109,False,0.7307083333333333,False
P002,2024-05-08,43,0.0,False,-0.038384281831954296,False,0.168625,False
P002,2024-05-09,52,0.0,False,-0.035643498333418414,False,0.6745,False
P002,2024-05-10,53,0.0,False,-0.03533896683358109,False,0.7307083333333333,False
P002,2024-05-11,57,0.0,False,-0.03412084083423181,False,0.9555416666666666,False
P002,2024-05-12,64,0.0,False,-0.03198912033537057,False,1.349,False
P002,2024-05-13,52,0.0,False,-0.035643498333418414,False,0.6745,False
P002,2024-05-14,46,0.0,False,-0.03747068733244233,False,0.33725,False
P002,2024-05-15,43,0.0,False,-0.038384281831954296,False,0.168625,False
P002,2024-05-16,42,0.0,False,-0.03868881333179162,False,0.11241666666666666,False
P002,2024-05-17,49,0.0,False,-0.03655709283293038,False,0.505875,False
P002,2024-05-18,63,0.0,False,-0.03229365183520789,False,1.2927916666666668,False
P002,2024-05-19,57,0.0,False,-0.03412084083423181,False,0.9555416666666666,False
P002,2024-05-20,49,0.0,False,-0.03655709283293038,False,0.505875,False
P002,2024-05-21,52,0.0,False,-0.035643498333418414,False,0.6745,False
P002,2024-05-22,53,0.0,False,-0.03533896683358109,False,0.7307083333333333,False
P002,2024-05-23,57,0.0,False,-0.03412084083423181,False,0.9555416666666666,False
P002,2024-05-24,56,0.0,False,-0.03442537233406913,False,0.8993333333333333,False
P002,2024-05-25,56,0.0,False,-0.03442537233406913,False,0.8993333333333333,False
P002,2024-05-26,71,0.0,False,-0.02985739983650932,False,1.7424583333333334,False
P002,2024-05-27,46,0.0,False,-0.03747068733244233,False,0.33725,False
P002,2024-05-28,55,0.0,False,-0.03472990383390645,False,0.843125,False
P002,2024-05-29,50,0.0,False,-0.036252561333093056,False,0.5620833333333334,False
P002,2024-05-30,48,0.0,False,-0.0368616243327677,False,0.44966666666666666,False
P002,2024-05-31,39,0.0,False,-0.03960240783130358,False,-0.05620833333333333,False
P002,2024-06-01,60,0.0,False,-0.033207246334719845,False,1.1241666666666668,False
P002,2024-06-02,53,0.0,False,-0.03533896683358109,False,0.7307083333333333,False
P002,2024-06-03,55,0.0,False,-0.03472990383390645,False,0.843125,False
P002,2024-06-04,57,0.0,False,-0.03412084083423181,False,0.9555416666666666,False
P002,2024-06-05,45,0.0,False,-0.037775218832279654,False,0.2810416666666667,False
P002,2024-06-06,52,0.0,False,-0.035643498333418414,False,0.6745,False
P002,2024-06-06,52,0.0,False,-0.035643498333418414,False,1.4614166666666666,False
P002,2024-06-06,52,0.0,False,-0.031380057335695925,False,0.6745,False
P002,2024-06-06,52,0.0,False,-0.031380057335695925,False,1.4614166666666666,False
P002,2024-06-06,66,0.0,False,-0.035643498333418414,False,0.6745,False
P002,2024-06-06,66,0.0,False,-0.035643498333418414,False,1.4614166666666666,False
P002,2024-06-06,66,0.0,False,-0.031380057335695925,False,0.6745,False
P002,2024-06-06,66,0.0,False,-0.031380057335695925,False,1.4614166666666666,False
P002,2024-06-07,46,0.0,False,-0.03747068733244233,False,0.33725,False
P002,2024-06-08,59,0.0,False,-0.033511777834557166,False,1.0679583333333333,False
P002,2024-06-09,66,0.0,False,-0.031380057335695925,False,1.4614166666666666,False
P002,2024-06-10,49,0.0,False,-0.03655709283293038,False,0.505875,False
P002,2024-06-11,59,0.0,False,-0.033511777834557166,False,1.0679583333333333,False
P002,2024-06-12,48,0.0,False,-0.0368616243327677,False,0.44966666666666666,False
P002,2024-06-13,56,0.0,False,-0.03442537233406913,False,0.8993333333333333,False
P002,2024-06-14,50,0.0,False,-0.036252561333093056,False,0.5620833333333334,False
P002,2024-06-15,67,0.0,False,-0.031075525835858604,False,1.517625,False
P002,2024-06-16,60,0.0,False,-0.033207246334719845,False,1.1241666666666668,False
P002,2024-06-17,49,0.0,False,-0.03655709283293038,False,0.505875,False
P002,2024-06-18,49,0.0,False,-0.03655709283293038,False,0.505875,False
P002,2024-06-19,45,0.0,False,-0.037775218832279654,False,0.2810416666666667,False
P002,2024-06-20,53,0.0,False,-0.03533896683358109,False,0.7307083333333333,False
P002,2024-06-21,53,0.0,False,-0.03533896683358109,False,0.7307083333333333,False
P002,2024-06-22,66,0.0,False,-0.031380057335695925,False,1.4614166666666666,False
P002,2024-06-23,71,0.0,False,-0.02985739983650932,False,1.7424583333333334,False
P002,2024-06-24,59,0.0,False,-0.033511777834557166,False,1.0679583333333333,False
P002,2024-06-25,48,0.0,False,-0.0368616243327677,False,0.44966666666666666,False
P002,2024-06-26,52,0.0,False,-0.035643498333418414,False,0.6745,False
P002,2024-06-27,46,0.0,False,-0.03747068733244233,False,0.33725,False
P002,2024-06-28,50,0.0,False,-0.036252561333093056,False,0.5620833333333334,False
P002,2024-06-29,59,0.0,False,-0.033511777834557166,False,1.0679583333333333,False
P002,2024-06-30,71,0.0,False,-0.02985739983650932,False,1.7424583333333334,False
P002,2024-07-01,52,0.0,False,-0.035643498333418414,False,0.6745,False
P002,2024-07-02,49,0.0,False,-0.03655709283293038,False,0.505875,False
P002,2024-07-03,57,0.0,False,-0.03412084083423181,False,0.9555416666666666,False
P002,2024-07-04,38,0.0,False,-0.0399069393311409,False,-0.11241666666666666,False
P002,2024-07-05,39,0.0,False,-0.03960240783130358,False,-0.05620833333333333,False
P002,2024-07-06,67,0.0,False,-0.031075525835858604,False,1.517625,False
P002,2024-07-07,63,0.0,False,-0.03229365183520789,False,1.2927916666666668,False
P002,2024-07-08,52,0.0,False,-0.035643498333418414,False,0.6745,False
P002,2024-07-09,43,0.0,False,-0.038384281831954296,False,0.168625,False
P002,2024-07-10,50,0.0,False,-0.036252561333093056,False,0.5620833333333334,False
P002,2024-07-11,62,0.4,False,-0.03259818333504521,False,1.2365833333333334,False
P002,2024-07-12,55,0.0,False,-0.03472990383390645,False,0.843125,False
P002,2024-07-13,64,0.0,False,-0.03198912033537057,False,1.349,False
P002,2024-07-14,60,0.0,False,-0.033207246334719845,False,1.1241666666666668,False
P002,2024-07-15,49,0.0,False,-0.03655709283293038,False,0.505875,False
P002,2024-07-16,39,0.0,False,-0.03960240783130358,False,-0.05620833333333333,False
P002,2024-07-17,52,0.0,False,-0.035643498333418414,False,0.6745,False
P002,2024-07-18,56,0.0,False,-0.03442537233406913,False,0.8993333333333333,False
P002,2024-07-19,42,0.0,False,-0.03868881333179162,False,0.11241666666666666,False
P002,2024-07-20,59,0.0,False,-0.033511777834557166,False,1.0679583333333333,False
P002,2024-07-21,56,0.0,False,-0.03442537233406913,False,0.8993333333333333,False
P002,2024-07-22,45,0.0,False,-0.037775218832279654,False,0.2810416666666667,False
P002,2024-07-23,52,0.0,False,-0.035643498333418414,False,0.6745,False
P002,2024-07-24,39,0.0,False,-0.03960240783130358,False,-0.05620833333333333,False
P002,2024-07-25,55,0.0,False,-0.03472990383390645,False,0.843125,False
P002,2024-07-26,55,0.0,False,-0.03472990383390645,False,0.843125,False
P002,2024-07-27,62,0.4,False,-0.03259818333504521,False,1.2365833333333334,False
P002,2024-07-28,49,0.0,False,-0.03655709283293038,False,0.505875,False
P002,2024-07-29,46,0.0,False,-0.03747068733244233,False,0.33725,False
P002,2024-07-30,57,0.0,False,-0.03412084083423181,False,0.9555416666666666,False
P002,2024-07-31,35,0.0,False,-0.040820533830652865,False,-0.2810416666666667,False
P002,2024-08-01,49,0.0,False,-0.03655709283293038,False,0.505875,False
P002,2024-08-02,45,0.0,False,-0.037775218832279654,False,0.2810416666666667,False
P002,2024-08-03,69,0.0,False,-0.030466462836183962,False,1.6300416666666668,False
P002,2024-08-04,60,0.0,False,-0.033207246334719845,False,1.1241666666666668,False
P002,2024-08-05,53,0.0,False,-0.03533896683358109,False,0.7307083333333333,False
P002,2024-08-06,55,0.0,False,-0.03472990383390645,False,0.843125,False
P002,2024-08-07,62,0.4,False,-0.03259818333504521,False,1.2365833333333334,False
P002,2024-08-08,50,0.0,False,-0.036252561333093056,False,0.5620833333333334,False
P002,2024-08-09,53,0.0,False,-0.03533896683358109,False,0.7307083333333333,False
P002,2024-08-10,56,0.0,False,-0.03442537233406913,False,0.8993333333333333,False
P002,2024-08-11,70,0.0,False,-0.03016193133634664,False,1.68625,False
P002,2024-08-12,48,0.0,False,-0.0368616243327677,False,0.44966666666666666,False
P002,2024-08-13,49,0.0,False,-0.03655709283293038,False,0.505875,False
P002,2024-08-14,52,0.0,False,-0.035643498333418414,False,0.6745,False
P002,2024-08-15,43,0.0,False,-0.038384281831954296,False,0.168625,False
P002,2024-08-16,53,0.0,False,-0.03533896683358109,False,0.7307083333333333,False
P002,2024-08-17,70,0.0,False,-0.03016193133634664,False,1.68625,False
P002,2024-08-18,66,0.0,False,-0.031380057335695925,False,1.4614166666666666,False
P002,2024-08-19,43,0.0,False,-0.038384281831954296,False,0.168625,False
P002,2024-08-20,50,0.0,False,-0.036252561333093056,False,0.5620833333333334,False
P002,2024-08-21,56,0.0,False,-0.03442537233406913,False,0.8993333333333333,False
P002,2024-08-22,41,0.0,False,-0.03899334483162894,False,0.05620833333333333,False
P002,2024-08-23,46,0.0,False,-0.03747068733244233,False,0.33725,False
P002,2024-08-24,69,0.0,False,-0.030466462836183962,False,1.6300416666666668,False
P002,2024-08-25,66,0.0,False,-0.031380057335695925,False,1.4614166666666666,False
P002,2024-08-26,55,0.0,False,-0.03472990383390645,False,0.843125,False
P002,2024-08-27,63,0.0,False,-0.03229365183520789,False,1.2927916666666668,False
P002,2024-08-28,55,0.0,False,-0.03472990383390645,False,0.843125,False
P002,2024-08-29,56,0.0,False,-0.03442537233406913,False,0.8993333333333333,False
P002,2024-08-30,67,0.0,False,-0.031075525835858604,False,1.517625,False
P002,2024-08-31,63,0.0,False,-0.03229365183520789,False,1.2927916666666668,False
P002,2024-09-01,60,0.0,False,-0.033207246334719845,False,1.1241666666666668,False
P002,2024-09-02,55,0.0,False,-0.03472990383390645,False,0.843125,False
P002,2024-09-03,55,0.0,False,-0.03472990383390645,False,0.843125,False
P002,2024-09-04,49,0.0,False,-0.03655709283293038,False,0.505875,False
P002,2024-09-05,46,0.0,False,-0.03747068733244233,False,0.33725,False
P002,2024-09-06,66,0.0,False,-0.031380057335695925,False,1.4614166666666666,False
P002,2024-09-07,66,0.0,False,-0.031380057335695925,False,1.4614166666666666,False
P002,2024-09-08,60,0.0,False,-0.033207246334719845,False,1.1241666666666668,False
P002,2024-09-09,57,0.0,False,-0.03412084083423181,False,0.9555416666666666,False
P002,2024-09-10,52,0.0,False,-0.035643498333418414,False,0.6745,False
P002,2024-09-11,50,0.0,False,-0.036252561333093056,False,0.5620833333333334,False
P002,2024-09-12,56,0.0,False,-0.03442537233406913,False,0.8993333333333333,False
P002,2024-09-13,45,0.0,False,-0.037775218832279654,False,0.2810416666666667,False
P002,2024-09-14,67,0.0,False,-0.031075525835858604,False,1.517625,False
P002,2024-09-15,76,0.4,False,-0.028334742337322718,False,2.0235,False
P002,2024-09-16,55,0.0,False,-0.03472990383390645,False,0.843125,False
P002,2024-09-17,50,0.0,False,-0.036252561333093056,False,0.5620833333333334,False
P002,2024-09-18,50,0.0,False,-0.036252561333093056,False,0.5620833333333334,False
P002,2024-09-19,50,0.0,False,-0.036252561333093056,False,0.5620833333333334,False
P002,2024-09-20,52,0.0,False,-0.035643498333418414,False,0.6745,False
P002,2024-09-21,63,0.0,False,-0.03229365183520789,False,1.2927916666666668,False
P002,2024-09-22,70,0.0,False,-0.03016193133634664,False,1.68625,False
P002,2024-09-23,43,0.0,False,-0.038384281831954296,False,0.168625,False
P002,2024-09-24,57,0.0,False,-0.03412084083423181,False,0.9555416666666666,False
P002,2024-09-25,52,0.0,False,-0.035643498333418414,False,0.6745,False
P002,2024-09-26,56,0.0,False,-0.03442537233406913,False,0.8993333333333333,False
P002,2024-09-27,48,0.0,False,-0.0368616243327677,False,0.44966666666666666,False
P002,2024-09-28,73,0.0,False,-0.02924833683683468,False,1.8548749999999998,False
P002,2024-09-29,73,0.0,False,-0.02924833683683468,False,1.8548749999999998,False
P002,2024-09-30,59,0.0,False,-0.033511777834557166,False,1.0679583333333333,False
P002,2024-10-01,46,0.0,False,-0.03747068733244233,False,0.33725,False
P002,2024-10-02,59,0.0,False,-0.033511777834557166,False,1.0679583333333333,False
P002,2024-10-03,57,0.0,False,-0.03412084083423181,False,0.9555416666666666,False
P002,2024-10-04,46,0.0,False,-0.03747068733244233,False,0.33725,False
P002,2024-10-05,67,0.0,False,-0.031075525835858604,False,1.517625,False
P002,2024-10-06,70,0.0,False,-0.03016193133634664,False,1.68625,False
P002,2024-10-07,59,0.0,False,-0.033511777834557166,False,1.0679583333333333,False
P002,2024-10-08,57,0.0,False,-0.03412084083423181,False,0.9555416666666666,False
P002,2024-10-09,59,0.0,False,-0.033511777834557166,False,1.0679583333333333,False
P002,2024-10-10,66,0.0,False,-0.031380057335695925,False,1.4614166666666666,False
P002,2024-10-11,64,0.0,False,-0.03198912033537057,False,1.349,False
P002,2024-10-12,55,0.0,False,-0.03472990383390645,False,0.843125,False
P002,2024-10-13,70,0.0,False,-0.03016193133634664,False,1.68625,False
P002,2024-10-14,59,0.0,False,-0.033511777834557166,False,1.0679583333333333,False
P002,2024-10-15,52,0.0,False,-0.035643498333418414,False,0.6745,False
P002,2024-10-16,63,0.0,False,-0.03229365183520789,False,1.2927916666666668,False
P002,2024-10-17,70,0.0,False,-0.03016193133634664,False,1.68625,False
P002,2024-10-18,57,0.0,False,-0.03412084083423181,False,0.9555416666666666,False
P002,2024-10-19,78,0.8,False,-0.027725679337648076,False,2.1359166666666667,False
P002,2024-10-20,73,0.0,False,-0.02924833683683468,False,1.8548749999999998,False
P002,2024-10-21,63,0.0,False,-0.03229365183520789,False,1.2927916666666668,False
P002,2024-10-22,77,0.6,False,-0.028030210837485397,False,2.079708333333333,False
P002,2024-10-23,67,0.0,False,-0.031075525835858604,False,1.517625,False
P002,2024-10-24,74,0.8,False,-0.02894380533699736,False,1.9110833333333332,False
P002,2024-10-25,62,0.4,False,-0.03259818333504521,False,1.2365833333333334,False
P002,2024-10-26,97,0.6,False,-0.021939580840738986,False,3.203875,False
P002,2024-10-27,91,1.2,False,-0.02376676983976291,False,2.8666249999999995,False
P002,2024-10-28,76,0.4,False,-0.028334742337322718,False,2.0235,False
P002,2024-10-29,83,0.4,False,-0.026203021838461474,False,2.416958333333333,False
P002,2024-10-30,73,0.0,False,-0.02924833683683468,False,1.8548749999999998,False
P002,2024-10-31,90,1.8,True,-0.02407130133960023,False,2.810416666666667,False
P002,2024-11-01,83,0.4,False,-0.026203021838461474,False,2.416958333333333,False
P002,2024-11-02,98,0.0,False,-0.021635049340901664,False,3.2600833333333337,False
P002,2024-11-03,98,0.0,False,-0.021635049340901664,False,3.2600833333333337,False
P002,2024-11-04,87,1.2,False,-0.024984895839112193,False,2.6417916666666668,False
P002,2024-11-05,97,0.6,False,-0.021939580840738986,False,3.203875,False
P002,2024-11-06,95,2.0,True,-0.022548643840413628,False,3.091458333333333,False
P002,2024-11-07,99,1.0,False,-0.021330517841064343,False,3.3162916666666664,False
P002,2024-11-08,98,0.0,False,-0.021635049340901664,False,3.2600833333333337,False
P002,2024-11-09,115,0.4,False,-0.016458013843667216,False,4.215625,True
P002,2024-11-10,112,0.8,False,-0.017371608343179176,False,4.047,True
P002,2024-11-11,116,0.8,False,-0.016153482343829895,False,4.271833333333333,True
P002,2024-11-12,97,0.6,False,-0.021939580840738986,False,3.203875,False
P002,2024-11-13,113,1.2,False,-0.017067076843341855,False,4.103208333333334,True
P002,2024-11-14,116,0.8,False,-0.016153482343829895,False,4.271833333333333,True
P002,2024-11-15,105,0.6,False,-0.01950332884204042,False,3.653541666666667,True
P002,2024-11-16,136,7.4,True,-0.010062852347083482,False,5.396,True
P002,2024-11-17,130,5.0,True,-0.011890041346107405,False,5.05875,True
P002,2024-11-18,119,1.6,True,-0.015239887844317932,False,4.440458333333333,True
P002,2024-11-19,115,0.4,False,-0.016458013843667216,False,4.215625,True
P002,2024-11-20,115,0.4,False,-0.016458013843667216,False,4.215625,True
P002,2024-11-21,115,0.4,False,-0.016458013843667216,False,4.215625,True
P002,2024-11-22,119,1.6,True,-0.015239887844317932,False,4.440458333333333,True
P002,2024-11-23,137,8.2,True,-0.009758320847246161,False,5.452208333333334,True
P002,2024-11-24,130,5.0,True,-0.011890041346107405,False,5.05875,True
P002,2024-11-25,112,0.8,False,-0.017371608343179176,False,4.047,True
P002,2024-11-26,122,1.4,True,-0.01432629334480597,False,4.609083333333333,True
P002,2024-11-27,122,1.4,True,-0.01432629334480597,False,4.609083333333333,True
P002,2024-11-28,120,1.2,False,-0.014935356344480613,False,4.496666666666667,True
P002,2024-11-29,120,1.2,False,-0.014935356344480613,False,4.496666666666667,True
P002,2024-11-30,126,4.0,True,-0.013108167345456688,False,4.833916666666666,True
P002,2024-12-01,122,1.4,False,-0.01432629334480597,False,4.609083333333333,True
P002,2024-12-02,109,2.0,True,-0.01828520284269114,False,3.878375,True
P002,2024-12-03,104,1.0,False,-0.01980786034187774,False,3.5973333333333333,True
P002,2024-12-04,113,1.2,False,-0.017067076843341855,False,4.103208333333334,True
P002,2024-12-05,109,2.0,True,-0.01828520284269114,False,3.878375,True
P002,2024-12-06,106,0.6,False,-0.0191987973422031,False,3.7097499999999997,True
P002,2024-12-07,104,1.0,False,-0.01980786034187774,False,3.5973333333333333,True
P002,2024-12-08,111,1.2,False,-0.017676139843016497,False,3.9907916666666665,True
P002,2024-12-09,111,1.2,False,-0.017676139843016497,False,3.9907916666666665,True
P002,2024-12-10,98,0.0,False,-0.021635049340901664,False,3.2600833333333337,False
P002,2024-12-11,102,2.6,True,-0.020416923341552384,False,3.484916666666667,False
P002,2024-12-12,91,1.2,False,-0.02376676983976291,False,2.8666249999999995,False
P002,2024-12-13,105,0.6,False,-0.01950332884204042,False,3.653541666666667,True
P002,2024-12-14,106,0.6,False,-0.0191987973422031,False,3.7097499999999997,True
P002,2024-12-15,106,0.6,False,-0.0191987973422031,False,3.7097499999999997,True
P002,2024-12-16,105,0.6,False,-0.01950332884204042,False,3.653541666666667,True
P002,2024-12-17,98,0.0,False,-0.021635049340901664,False,3.2600833333333337,False
P002,2024-12-18,85,0.6,False,-0.02559395883878683,False,2.529375,False
P002,2024-12-19,83,0.4,False,-0.026203021838461474,False,2.416958333333333,False
P002,2024-12-20,83,0.4,False,-0.026203021838461474,False,2.416958333333333,False
P002,2024-12-21,98,0.0,False,-0.021635049340901664,False,3.2600833333333337,False
P002,2024-12-22,92,1.2,False,-0.023462238339925588,False,2.922833333333333,False
P002,2024-12-23,77,0.6,False,-0.028030210837485397,False,2.079708333333333,False
P002,2024-12-24,85,0.6,False,-0.02559395883878683,False,2.529375,False
P002,2024-12-25,76,0.4,False,-0.028334742337322718,False,2.0235,False
P002,2024-12-26,87,1.2,False,-0.024984895839112193,False,2.6417916666666668,False
P002,2024-12-27,73,0.0,False,-0.02924833683683468,False,1.8548749999999998,False
P002,2024-12-28,94,2.2,True,-0.02285317534025095,False,3.03525,False
P002,2024-12-29,84,1.0,False,-0.025898490338624153,False,2.4731666666666667,False
P002,2024-12-30,74,0.8,False,-0.02894380533699736,False,1.9110833333333332,False
P002,2024-12-31,64,0.0,False,-0.03198912033537057,False,1.349,False
P003,2023-01-01,0,0.0,True,-0.7673271198698417,False,,False
P003,2023-01-02,0,0.0,True,-0.7673271198698417,False,,False
P003,2023-01-03,0,0.0,True,-0.7673271198698417,False,,False
P003,2023-01-04,0,0.0,True,-0.7673271198698417,False,,False
P003,2023-01-05,1,0.0,True,-0.32643197917114813,False,,False
P003,2023-01-06,0,0.0,True,-0.7673271198698417,False,,False
P003,2023-01-07,0,0.0,True,-0.7673271198698417,False,,False
P003,2023-01-08,0,0.0,True,-0.7673271198698417,False,,False
P003,2023-01-09,4,0.0,True,0.9962534429249326,False,,False
P003,2023-01-10,0,0.0,True,-0.7673271198698417,False,,False
P003,2023-01-11,4,0.0,True,0.9962534429249326,False,,False
P003,2023-01-12,3,0.0,True,0.5553583022262389,False,,False
P003,2023-01-13,0,0.0,True,-0.7673271198698417,False,,False
P003,2023-01-14,4,0.0,False,0.9962534429249326,False,,False
P003,2023-01-15,8,0.2,True,2.759834005719707,False,,False
P003,2023-01-16,0,0.0,False,-0.7673271198698417,False,,False
P003,2023-01-17,0,0.0,False,-0.7673271198698417,False,,False
P003,2023-01-18,7,0.0,False,2.318938865021013,False,,False
P003,2023-01-19,5,0.0,False,1.437148583623626,False,,False
P003,2023-01-20,0,0.0,False,-0.7673271198698417,False,,False
P003,2023-01-21,0,0.0,False,-0.7673271198698417,False,,False
P003,2023-01-22,5,0.0,False,1.437148583623626,False,,False
P003,2023-01-23,0,0.0,False,-0.7673271198698417,False,,False
P003,2023-01-24,2,0.0,False,0.11446316152754543,False,,False
P003,2023-01-25,0,0.0,False,-0.7673271198698417,False,,False
P003,2023-01-26,1,0.0,False,-0.32643197917114813,False,,False
P003,2023-01-27,5,0.0,False,1.437148583623626,False,,False
P003,2023-01-28,4,0.0,False,0.9962534429249326,False,,False
P003,2023-01-29,3,0.0,False,0.5553583022262389,False,,False
P003,2023-01-30,4,0.0,False,0.9962534429249326,False,,False
P003,2023-01-31,3,0.0,False,0.5553583022262389,False,,False
P003,2023-02-01,2,0.0,False,0.11446316152754543,False,,False
P003,2023-02-02,0,0.0,False,-0.7673271198698417,False,,False
P003,2023-02-03,2,0.0,False,0.11446316152754543,False,,False
P003,2023-02-04,0,0.0,False,-0.7673271198698417,False,,False
P003,2023-02-05,2,0.0,False,0.11446316152754543,False,,False
P003,2023-02-06,5,0.0,False,1.437148583623626,False,,False
P003,2023-02-07,0,0.0,False,-0.7673271198698417,False,,False
P003,2023-02-08,0,0.0,False,-0.7673271198698417,False,,False
P003,2023-02-09,0,0.0,False,-0.7673271198698417,False,,False
P003,2023-02-10,7,0.0,False,2.318938865021013,False,,False
P003,2023-02-11,0,0.0,False,-0.7673271198698417,False,,False
P003,2023-02-12,0,0.0,False,-0.7673271198698417,False,,False
P003,2023-02-13,5,0.0,False,1.437148583623626,False,,False
P003,2023-02-14,2,0.0,False,0.11446316152754543,False,,False
P003,2023-02-15,0,0.0,False,-0.7673271198698417,False,,False
P003,2023-02-16,0,0.0,False,-0.7673271198698417,False,,False
P003,2023-02-17,4,0.0,False,0.9962534429249326,False,,False
P003,2023-02-18,4,0.0,False,0.9962534429249326,False,,False
P003,2023-02-19,5,0.0,False,1.437148583623626,False,,False
P003,2023-02-20,0,0.0,False,-0.7673271198698417,False,,False
P003,2023-02-21,0,0.0,False,-0.7673271198698417,False,,False
P003,2023-02-22,0,0.0,False,-0.7673271198698417,False,,False
P003,2023-02-23,4,0.0,False,0.9962534429249326,False,,False
P003,2023-02-24,0,0.0,False,-0.7673271198698417,False,,False
P003,2023-02-25,0,0.0,False,-0.7673271198698417,False,,False
P003,2023-02-26,3,0.0,False,0.5553583022262389,False,,False
P003,2023-02-27,2,0.0,False,0.11446316152754543,False,,False
P003,2023-02-28,1,0.0,False,-0.32643197917114813,False,,False
P003,2023-03-01,0,0.0,False,-0.7673271198698417,False,,False
P003,2023-03-02,0,0.0,False,-0.7673271198698417,False,,False
P003,2023-03-03,0,0.0,False,-0.7673271198698417,False,,False
P003,2023-03-04,0,0.0,False,-0.7673271198698417,False,,False
P003,2023-03-05,0,0.0,False,-0.7673271198698417,False,,False
P003,2023-03-06,0,0.0,False,-0.7673271198698417,False,,False
P003,2023-03-07,4,0.0,False,0.9962534429249326,False,,False
P003,2023-03-08,2,0.0,False,0.11446316152754543,False,,False
P003,2023-03-09,5,0.0,False,1.437148583623626,False,,False
P003,2023-03-10,0,0.0,False,-0.7673271198698417,False,,False
P003,2023-03-11,0,0.0,False,-0.7673271198698417,False,,False
P003,2023-03-12,0,0.0,False,-0.7673271198698417,False,,False
P003,2023-03-13,0,0.0,False,-0.7673271198698417,False,,False
P003,2023-03-14,0,0.0,False,-0.7673271198698417,False,,False
P003,2023-03-15,0,0.0,False,-0.7673271198698417,False,,False
P003,2023-03-16,5,0.0,False,1.437148583623626,False,,False
P003,2023-03-17,0,0.0,False,-0.7673271198698417,False,,False
P003,2023-03-18,2,0.0,False,0.11446316152754543,False,,False
P003,2023-03-19,0,0.0,False,-0.7673271198698417,False,,False
P003,2023-03-20,0,0.0,False,-0.7673271198698417,False,,False
P003,2023-03-21,0,0.0,False,-0.7673271198698417,False,,False
P003,2023-03-22,0,0.0,False,-0.7673271198698417,False,,False
P003,2023-03-23,0,0.0,False,-0.7673271198698417,False,,False
P003,2023-03-24,7,0.0,False,2.318938865021013,False,,False
P003,2023-03-25,0,0.0,False,-0.7673271198698417,False,,False
P003,2023-03-26,0,0.0,False,-0.7673271198698417,False,,False
P003,2023-03-27,2,0.0,False,0.11446316152754543,False,,False
P003,2023-03-28,0,0.0,False,-0.7673271198698417,False,,False
P003,2023-03-29,5,0.0,False,1.437148583623626,False,,False
P003,2023-03-30,0,0.0,False,-0.7673271198698417,False,,False
P003,2023-03-31,3,0.0,False,0.5553583022262389,False,,False
P003,2023-04-01,0,0.0,False,-0.7673271198698417,False,,False
P003,2023-04-02,0,0.0,False,-0.7673271198698417,False,,False
P003,2023-04-03,1,0.0,False,-0.32643197917114813,False,,False
P003,2023-04-04,3,0.0,False,0.5553583022262389,False,,False
P003,2023-04-05,0,0.0,False,-0.7673271198698417,False,,False
P003,2023-04-06,6,0.0,False,1.8780437243223198,False,,False
P003,2023-04-07,0,0.0,False,-0.7673271198698417,False,,False
P003,2023-04-08,0,0.0,False,-0.7673271198698417,False,,False
P003,2023-04-09,0,0.0,False,-0.7673271198698417,False,,False
P003,2023-04-10,4,0.0,False,0.9962534429249326,False,,False
P003,2023-04-11,0,0.0,False,-0.7673271198698417,False,,False
P003,2023-04-12,2,0.0,False,0.11446316152754543,False,,False
P003,2023-04-13,0,0.0,False,-0.7673271198698417,False,,False
P003,2023-04-14,3,0.0,False,0.5553583022262389,False,,False
P003,2023-04-15,2,0.0,False,0.11446316152754543,False,,False
P003,2023-04-16,0,0.0,False,-0.7673271198698417,False,,False
P003,2023-04-17,0,0.0,False,-0.7673271198698417,False,,False
P003,2023-04-18,0,0.0,False,-0.7673271198698417,False,,False
P003,2023-04-19,4,0.0,False,0.9962534429249326,False,,False
P003,2023-04-20,0,0.0,False,-0.7673271198698417,False,,False
P003,2023-04-21,0,0.0,False,-0.7673271198698417,False,,False
P003,2023-04-22,0,0.0,False,-0.7673271198698417,False,,False
P003,2023-04-23,1,0.0,False,-0.32643197917114813,False,,False
P003,2023-04-24,0,0.0,False,-0.7673271198698417,False,,False
P003,2023-04-25,0,0.0,False,-0.7673271198698417,False,,False
P003,2023-04-26,6,0.0,False,1.8780437243223198,False,,False
P003,2023-04-27,0,0.0,False,-0.7673271198698417,False,,False
P003,2023-04-28,5,0.0,False,1.437148583623626,False,,False
P003,2023-04-29,0,0.0,False,-0.7673271198698417,False,,False
P003,2023-04-30,0,0.0,False,-0.7673271198698417,False,,False
P003,2023-05-01,5,0.0,False,1.437148583623626,False,,False
P003,2023-05-02,3,0.0,False,0.5553583022262389,False,,False
P003,2023-05-03,4,0.0,False,0.9962534429249326,False,,False
P003,2023-05-04,0,0.0,False,-0.7673271198698417,False,,False
P003,2023-05-05,0,0.0,False,-0.7673271198698417,False,,False
P003,2023-05-06,0,0.0,False,-0.7673271198698417,False,,False
P003,2023-05-07,0,0.0,False,-0.7673271198698417,False,,False
P003,2023-05-08,0,0.0,False,-0.7673271198698417,False,,False
P003,2023-05-09,0,0.0,False,-0.7673271198698417,False,,False
P003,2023-05-13,0,0.0,False,-0.7673271198698417,False,,False
P003,2023-05-14,5,0.0,False,1.437148583623626,False,,False
P003,2023-05-15,5,0.0,False,1.437148583623626,False,,False
P003,2023-05-16,0,0.0,False,-0.7673271198698417,False,,False
P003,2023-05-17,7,0.0,False,2.318938865021013,False,,False
P003,2023-05-18,2,0.0,False,0.11446316152754543,False,,False
P003,2023-05-19,0,0.0,False,-0.7673271198698417,False,,False
P003,2023-05-20,0,0.0,False,-0.7673271198698417,False,,False
P003,2023-05-21,0,0.0,False,-0.7673271198698417,False,,False
P003,2023-05-22,0,0.0,False,-0.7673271198698417,False,,False
P003,2023-05-23,3,0.0,False,0.5553583022262389,False,,False
P003,2023-05-24,7,0.0,False,2.318938865021013,False,,False
P003,2023-05-25,0,0.0,False,-0.7673271198698417,False,,False
P003,2023-05-26,4,0.0,False,0.9962534429249326,False,,False
P003,2023-05-27,0,0.0,False,-0.7673271198698417,False,,False
P003,2023-05-28,3,0.0,False,0.5553583022262389,False,,False
P003,2023-05-29,5,0.0,False,1.437148583623626,False,,False
P003,2023-05-30,0,0.0,False,-0.7673271198698417,False,,False
P003,2023-05-31,0,0.0,False,-0.7673271198698417,False,,False
P003,2023-06-01,4,0.0,False,0.9962534429249326,False,,False
P003,2023-06-02,3,0.0,False,0.5553583022262389,False,,False
P003,2023-06-03,0,0.0,False,-0.7673271198698417,False,,False
P003,2023-06-04,0,0.0,False,-0.7673271198698417,False,,False
P003,2023-06-05,0,0.0,False,-0.7673271198698417,False,,False
P003,2023-06-06,5,0.0,False,1.437148583623626,False,,False
P003,2023-06-07,2,0.0,False,0.11446316152754543,False,,False
P003,2023-06-08,5,0.0,False,1.437148583623626,False,,False
P003,2023-06-09,4,0.0,False,0.9962534429249326,False,,False
P003,2023-06-10,6,0.0,False,1.8780437243223198,False,,False
P003,2023-06-11,6,0.0,False,1.8780437243223198,False,,False
P003,2023-06-12,0,0.0,False,-0.7673271198698417,False,,False
P003,2023-06-13,6,0.0,False,1.8780437243223198,False,,False
P003,2023-06-14,0,0.0,False,-0.7673271198698417,False,,False
P003,2023-06-15,0,0.0,False,-0.7673271198698417,False,,False
P003,2023-06-16,5,0.0,False,1.437148583623626,False,,False
P003,2023-06-17,6,0.0,False,1.8780437243223198,False,,False
P003,2023-06-18,2,0.0,False,0.11446316152754543,False,,False
P003,2023-06-19,0,0.0,False,-0.7673271198698417,False,,False
P003,2023-06-20,0,0.0,False,-0.7673271198698417,False,,False
P003,2023-06-21,0,0.0,False,-0.7673271198698417,False,,False
P003,2023-06-22,0,0.0,False,-0.7673271198698417,False,,False
P003,2023-06-23,0,0.0,False,-0.7673271198698417,False,,False
P003,2023-06-24,0,0.0,False,-0.7673271198698417,False,,False
P003,2023-06-25,0,0.0,False,-0.7673271198698417,False,,False
P003,2023-06-26,4,0.0,False,0.9962534429249326,False,,False
P003,2023-06-27,0,0.0,False,-0.7673271198698417,False,,False
P003,2023-06-28,0,0.0,False,-0.7673271198698417,False,,False
P003,2023-06-29,5,0.0,False,1.437148583623626,False,,False
P003,2023-06-30,0,0.0,False,-0.7673271198698417,False,,False
P003,2023-07-01,5,0.0,False,1.437148583623626,False,,False
P003,2023-07-02,1,0.0,False,-0.32643197917114813,False,,False
P003,2023-07-03,0,0.0,False,-0.7673271198698417,False,,False
P003,2023-07-04,4,0.0,False,0.9962534429249326,False,,False
P003,2023-07-05,6,0.0,False,1.8780437243223198,False,,False
P003,2023-07-06,4,0.0,False,0.9962534429249326,False,,False
P003,2023-07-07,3,0.0,False,0.5553583022262389,False,,False
P003,2023-07-08,3,0.0,False,0.5553583022262389,False,,False
P003,2023-07-09,7,0.0,False,2.318938865021013,False,,False
P003,2023-07-10,0,0.0,False,-0.7673271198698417,False,,False
P003,2023-07-11,3,0.0,False,0.5553583022262389,False,,False
P003,2023-07-12,4,0.0,False,0.9962534429249326,False,,False
P003,2023-07-13,1,0.0,False,-0.32643197917114813,False,,False
P003,2023-07-14,5,0.0,False,1.437148583623626,False,,False
P003,2023-07-15,0,0.0,False,-0.7673271198698417,False,,False
P003,2023-07-16,6,0.0,False,1.8780437243223198,False,,False
P003,2023-07-17,4,0.0,False,0.9962534429249326,False,,False
P003,2023-07-18,0,0.0,False,-0.7673271198698417,False,,False
P003,2023-07-19,0,0.0,False,-0.7673271198698417,False,,False
P003,2023-07-20,0,0.0,False,-0.7673271198698417,False,,False
P003,2023-07-21,0,0.0,False,-0.7673271198698417,False,,False
P003,2023-07-22,6,0.0,False,1.8780437243223198,False,,False
P003,2023-07-23,0,0.0,False,-0.7673271198698417,False,,False
P003,2023-07-24,0,0.0,False,-0.7673271198698417,False,,False
P003,2023-07-25,4,0.0,False,0.9962534429249326,False,,False
P003,2023-07-26,5,0.0,False,1.437148583623626,False,,False
P003,2023-07-27,3,0.0,False,0.5553583022262389,False,,False
P003,2023-07-28,4,0.0,False,0.9962534429249326,False,,False
P003,2023-07-29,1,0.0,False,-0.32643197917114813,False,,False
P003,2023-07-30,4,0.0,False,0.9962534429249326,False,,False
P003,2023-07-31,5,0.0,False,1.437148583623626,False,,False
P003,2023-08-01,0,0.0,False,-0.7673271198698417,False,,False
P003,2023-08-02,1,0.0,False,-0.32643197917114813,False,,False
P003,2023-08-03,0,0.0,False,-0.7673271198698417,False,,False
P003,2023-08-04,0,0.0,False,-0.7673271198698417,False,,False
P003,2023-08-05,0,0.0,False,-0.7673271198698417,False,,False
P003,2023-08-06,3,0.0,False,0.5553583022262389,False,,False
P003,2023-08-07,1,0.0,False,-0.32643197917114813,False,,False
P003,2023-08-08,0,0.0,False,-0.7673271198698417,False,,False
P003,2023-08-09,3,0.0,False,0.5553583022262389,False,,False
P003,2023-08-10,0,0.0,False,-0.7673271198698417,False,,False
P003,2023-08-11,3,0.0,False,0.5553583022262389,False,,False
P003,2023-08-12,5,0.0,False,1.437148583623626,False,,False
P003,2023-08-13,3,0.0,False,0.5553583022262389,False,,False
P003,2023-08-14,4,0.0,False,0.9962534429249326,False,,False
P003,2023-08-15,0,0.0,False,-0.7673271198698417,False,,False
P003,2023-08-16,0,0.0,False,-0.7673271198698417,False,,False
P003,2023-08-17,3,0.0,False,0.5553583022262389,False,,False
P003,2023-08-18,1,0.0,False,-0.32643197917114813,False,,False
P003,2023-08-19,0,0.0,False,-0.7673271198698417,False,,False
P003,2023-08-20,0,0.0,False,-0.7673271198698417,False,,False
P003,2023-08-21,0,0.0,False,-0.7673271198698417,False,,False
P003,2023-08-22,0,0.0,False,-0.7673271198698417,False,,False
P003,2023-08-23,0,0.0,False,-0.7673271198698417,False,,False
P003,2023-08-24,0,0.0,False,-0.7673271198698417,False,,False
P003,2023-08-25,1,0.0,False,-0.32643197917114813,False,,False
P003,2023-08-26,0,0.0,False,-0.7673271198698417,False,,False
P003,2023-08-27,0,0.0,False,-0.7673271198698417,False,,False
P003,2023-08-28,0,0.0,False,-0.7673271198698417,False,,False
P003,2023-08-29,0,0.0,False,-0.7673271198698417,False,,False
P003,2023-08-30,3,0.0,False,0.5553583022262389,False,,False
P003,2023-08-31,0,0.0,False,-0.7673271198698417,False,,False
P003,2023-09-01,8,0.2,True,2.759834005719707,False,,False
P003,2023-09-02,3,0.0,False,0.5553583022262389,False,,False
P003,2023-09-03,0,0.0,False,-0.7673271198698417,False,,False
P003,2023-09-04,6,0.0,False,1.8780437243223198,False,,False
P003,2023-09-05,4,0.0,False,0.9962534429249326,False,,False
P003,2023-09-06,0,0.0,False,-0.7673271198698417,False,,False
P003,2023-09-07,0,0.0,False,-0.7673271198698417,False,,False
P003,2023-09-08,5,0.0,False,1.437148583623626,False,,False
P003,2023-09-09,4,0.0,False,0.9962534429249326,False,,False
P003,2023-09-10,0,0.0,False,-0.7673271198698417,False,,False
P003,2023-09-11,4,0.0,False,0.9962534429249326,False,,False
P003,2023-09-12,0,0.0,False,-0.7673271198698417,False,,False
P003,2023-09-13,3,0.0,False,0.5553583022262389,False,,False
P003,2023-09-14,0,0.0,False,-0.7673271198698417,False,,False
P003,2023-09-15,0,0.0,False,-0.7673271198698417,False,,False
P003,2023-09-16,6,0.0,False,1.8780437243223198,False,,False
P003,2023-09-17,1,0.0,False,-0.32643197917114813,False,,False
P003,2023-09-18,3,0.0,False,0.5553583022262389,False,,False
P003,2023-09-19,0,0.0,False,-0.7673271198698417,False,,False
P003,2023-09-20,0,0.0,False,-0.7673271198698417,False,,False
P003,2023-09-21,4,0.0,False,0.9962534429249326,False,,False
P003,2023-09-22,2,0.0,False,0.11446316152754543,False,,False
P003,2023-09-23,0,0.0,False,-0.7673271198698417,False,,False
P003,2023-09-24,4,0.0,False,0.9962534429249326,False,,False
P003,2023-09-25,0,0.0,False,-0.7673271198698417,False,,False
P003,2023-09-26,0,0.0,False,-0.7673271198698417,False,,False
P003,2023-09-27,0,0.0,False,-0.7673271198698417,False,,False
P003,2023-09-28,0,0.0,False,-0.7673271198698417,False,,False
P003,2023-09-29,0,0.0,False,-0.7673271198698417,False,,False
P003,2023-09-30,3,0.0,False,0.5553583022262389,False,,False
P003,2023-10-01,0,0.0,False,-0.7673271198698417,False,,False
P003,2023-10-02,0,0.0,False,-0.7673271198698417,False,,False
P003,2023-10-03,0,0.0,False,-0.7673271198698417,False,,False
P003,2023-10-04,0,0.0,False,-0.7673271198698417,False,,False
P003,2023-10-05,0,0.0,False,-0.7673271198698417,False,,False
P003,2023-10-06,3,0.0,False,0.5553583022262389,False,,False
P003,2023-10-07,0,0.0,False,-0.7673271198698417,False,,False
P003,2023-10-08,5,0.0,False,1.437148583623626,False,,False
P003,2023-10-09,1,0.0,False,-0.32643197917114813,False,,False
P003,2023-10-10,0,0.0,False,-0.7673271198698417,False,,False
P003,2023-10-11,2,0.0,False,0.11446316152754543,False,,False
P003,2023-10-12,3,0.0,False,0.5553583022262389,False,,False
P003,2023-10-13,5,0.0,False,1.437148583623626,False,,False
P003,2023-10-14,3,0.0,False,0.5553583022262389,False,,False
P003,2023-10-15,6,0.0,False,1.8780437243223198,False,,False
P003,2023-10-16,2,0.0,False,0.11446316152754543,False,,False
P003,2023-10-17,3,0.0,False,0.5553583022262389,False,,False
P003,2023-10-18,0,0.0,False,-0.7673271198698417,False,,False
P003,2023-10-19,3,0.0,False,0.5553583022262389,False,,False
P003,2023-10-20,6,0.0,False,1.8780437243223198,False,,False
P003,2023-10-21,5,0.0,False,1.437148583623626,False,,False
P003,2023-10-22,0,0.0,False,-0.7673271198698417,False,,False
P003,2023-10-23,0,0.0,False,-0.7673271198698417,False,,False
P003,2023-10-24,0,0.0,False,-0.7673271198698417,False,,False
P003,2023-10-25,0,0.0,False,-0.7673271198698417,False,,False
P003,2023-10-26,0,0.0,False,-0.7673271198698417,False,,False
P003,2023-10-27,0,0.0,False,-0.7673271198698417,False,,False
P003,2023-10-28,0,0.0,False,-0.7673271198698417,False,,False
P003,2023-10-29,0,0.0,False,-0.7673271198698417,False,,False
P003,2023-10-30,0,0.0,False,-0.7673271198698417,False,,False
P003,2023-10-31,4,0.0,False,0.9962534429249326,False,,False
P003,2023-11-01,0,0.0,False,-0.7673271198698417,False,,False
P003,2023-11-02,0,0.0,False,-0.7673271198698417,False,,False
P003,2023-11-03,0,0.0,False,-0.7673271198698417,False,,False
P003,2023-11-04,0,0.0,False,-0.7673271198698417,False,,False
P003,2023-11-05,0,0.0,False,-0.7673271198698417,False,,False
P003,2023-11-06,4,0.0,False,0.9962534429249326,False,,False
P003,2023-11-07,1,0.0,False,-0.32643197917114813,False,,False
P003,2023-11-08,0,0.0,False,-0.7673271198698417,False,,False
P003,2023-11-09,6,0.0,False,1.8780437243223198,False,,False
P003,2023-11-10,0,0.0,False,-0.7673271198698417,False,,False
P003,2023-11-11,0,0.0,False,-0.7673271198698417,False,,False
P003,2023-11-12,0,0.0,False,-0.7673271198698417,False,,False
P003,2023-11-13,0,0.0,False,-0.7673271198698417,False,,False
P003,2023-11-14,7,0.0,False,2.318938865021013,False,,False
P003,2023-11-15,6,0.0,False,1.8780437243223198,False,,False
P003,2023-11-16,4,0.0,False,0.9962534429249326,False,,False
P003,2023-11-17,0,0.0,False,-0.7673271198698417,False,,False
P003,2023-11-18,2,0.0,False,0.11446316152754543,False,,False
P003,2023-11-19,0,0.0,False,-0.7673271198698417,False,,False
P003,2023-11-20,0,0.0,False,-0.7673271198698417,False,,False
P003,2023-11-21,0,0.0,False,-0.7673271198698417,False,,False
P003,2023-11-22,1,0.0,False,-0.32643197917114813,False,,False
P003,2023-11-23,5,0.0,False,1.437148583623626,False,,False
P003,2023-11-24,0,0.0,False,-0.7673271198698417,False,,False
P003,2023-11-25,1,0.0,False,-0.32643197917114813,False,,False
P003,2023-11-26,4,0.0,False,0.9962534429249326,False,,False
P003,2023-11-27,5,0.0,False,1.437148583623626,False,,False
P003,2023-11-28,0,0.0,False,-0.7673271198698417,False,,False
P003,2023-11-29,2,0.0,False,0.11446316152754543,False,,False
P003,2023-11-30,3,0.0,False,0.5553583022262389,False,,False
P003,2023-12-01,3,0.0,False,0.5553583022262389,False,,False
P003,2023-12-02,0,0.0,False,-0.7673271198698417,False,,False
P003,2023-12-03,3,0.0,False,0.5553583022262389,False,,False
P003,2023-12-04,0,0.0,False,-0.7673271198698417,False,,False
P003,2023-12-05,4,0.0,False,0.9962534429249326,False,,False
P003,2023-12-06,0,0.0,False,-0.7673271198698417,False,,False
P003,2023-12-07,0,0.0,False,-0.7673271198698417,False,,False
P003,2023-12-08,0,0.0,False,-0.7673271198698417,False,,False
P003,2023-12-09,0,0.0,False,-0.7673271198698417,False,,False
P003,2023-12-10,0,0.0,False,-0.7673271198698417,False,,False
P003,2023-12-11,0,0.0,False,-0.7673271198698417,False,,False
P003,2023-12-12,0,0.0,False,-0.7673271198698417,False,,False
P003,2023-12-13,0,0.0,False,-0.7673271198698417,False,,False
P003,2023-12-14,6,0.0,False,1.8780437243223198,False,,False
P003,2023-12-15,2,0.0,False,0.11446316152754543,False,,False
P003,2023-12-16,2,0.0,False,0.11446316152754543,False,,False
P003,2023-12-17,0,0.0,False,-0.7673271198698417,False,,False
P003,2023-12-18,0,0.0,False,-0.7673271198698417,False,,False
P003,2023-12-19,4,0.0,False,0.9962534429249326,False,,False
P003,2023-12-20,0,0.0,False,-0.7673271198698417,False,,False
P003,2023-12-21,0,0.0,False,-0.7673271198698417,False,,False
P003,2023-12-22,6,0.0,False,1.8780437243223198,False,,False
P003,2023-12-23,5,0.0,False,1.437148583623626,False,,False
P003,2023-12-24,0,0.0,False,-0.7673271198698417,False,,False
P003,2023-12-25,2,0.0,False,0.11446316152754543,False,,False
P003,2023-12-26,0,0.0,False,-0.7673271198698417,False,,False
P003,2023-12-27,6,0.0,False,1.8780437243223198,False,,False
P003,2023-12-28,0,0.0,False,-0.7673271198698417,False,,False
P003,2023-12-29,0,0.0,False,-0.7673271198698417,False,,False
P003,2023-12-30,5,0.0,False,1.437148583623626,False,,False
P003,2023-12-31,0,0.0,False,-0.7673271198698417,False,,False
P003,2024-01-01,7,0.0,False,2.318938865021013,False,,False
P003,2024-01-02,0,0.0,False,-0.7673271198698417,False,,False
P003,2024-01-03,4,0.0,False,0.9962534429249326,False,,False
P003,2024-01-04,5,0.0,False,1.437148583623626,False,,False
P003,2024-01-05,0,0.0,False,-0.7673271198698417,False,,False
P003,2024-01-06,2,0.0,False,0.11446316152754543,False,,False
P003,2024-01-07,0,0.0,False,-0.7673271198698417,False,,False
P003,2024-01-08,0,0.0,False,-0.7673271198698417,False,,False
P003,2024-01-09,0,0.0,False,-0.7673271198698417,False,,False
P003,2024-01-10,4,0.0,False,0.9962534429249326,False,,False
P003,2024-01-11,3,0.0,False,0.5553583022262389,False,,False
P003,2024-01-12,7,0.0,False,2.318938865021013,False,,False
P003,2024-01-13,2,0.0,False,0.11446316152754543,False,,False
P003,2024-01-14,3,0.0,False,0.5553583022262389,False,,False
P003,2024-01-15,0,0.0,False,-0.7673271198698417,False,,False
P003,2024-01-16,6,0.0,False,1.8780437243223198,False,,False
P003,2024-01-17,1,0.0,False,-0.32643197917114813,False,,False
P003,2024-01-18,0,0.0,False,-0.7673271198698417,False,,False
P003,2024-01-19,2,0.0,False,0.11446316152754543,False,,False
P003,2024-01-20,0,0.0,False,-0.7673271198698417,False,,False
P003,2024-01-21,0,0.0,False,-0.7673271198698417,False,,False
P003,2024-01-22,0,0.0,False,-0.7673271198698417,False,,False
P003,2024-01-23,0,0.0,False,-0.7673271198698417,False,,False
P003,2024-01-24,0,0.0,False,-0.7673271198698417,False,,False
P003,2024-01-25,4,0.0,False,0.9962534429249326,False,,False
P003,2024-01-26,3,0.0,False,0.5553583022262389,False,,False
P003,2024-01-27,0,0.0,False,-0.7673271198698417,False,,False
P003,2024-01-28,0,0.0,False,-0.7673271198698417,False,,False
P003,2024-01-29,0,0.0,False,-0.7673271198698417,False,,False
P003,2024-01-30,0,0.0,False,-0.7673271198698417,False,,False
P003,2024-01-31,6,0.0,False,1.8780437243223198,False,,False
P003,2024-02-01,0,0.0,False,-0.7673271198698417,False,,False
P003,2024-02-02,1,0.0,False,-0.32643197917114813,False,,False
P003,2024-02-03,5,0.0,False,1.437148583623626,False,,False
P003,2024-02-04,2,0.0,False,0.11446316152754543,False,,False
P003,2024-02-05,7,0.0,False,2.318938865021013,False,,False
P003,2024-02-06,0,0.0,False,-0.7673271198698417,False,,False
P003,2024-02-07,5,0.0,False,1.437148583623626,False,,False
P003,2024-02-08,4,0.0,False,0.9962534429249326,False,,False
P003,2024-02-09,4,0.0,False,0.9962534429249326,False,,False
P003,2024-02-10,5,0.0,False,1.437148583623626,False,,False
P003,2024-02-11,3,0.0,False,0.5553583022262389,False,,False
P003,2024-02-12,4,0.0,False,0.9962534429249326,False,,False
P003,2024-02-13,0,0.0,False,-0.7673271198698417,False,,False
P003,2024-02-14,3,0.0,False,0.5553583022262389,False,,False
P003,2024-02-15,3,0.0,False,0.5553583022262389,False,,False
P003,2024-02-16,0,0.0,False,-0.7673271198698417,False,,False
P003,2024-02-17,2,0.0,False,0.11446316152754543,False,,False
P003,2024-02-18,0,0.0,False,-0.7673271198698417,False,,False
P003,2024-02-19,5,0.0,False,1.437148583623626,False,,False
P003,2024-02-20,0,0.0,False,-0.7673271198698417,False,,False
P003,2024-02-21,0,0.0,False,-0.7673271198698417,False,,False
P003,2024-02-22,1,0.0,False,-0.32643197917114813,False,,False
P003,2024-02-23,0,0.0,False,-0.7673271198698417,False,,False
P003,2024-02-24,0,0.0,False,-0.7673271198698417,False,,False
P003,2024-02-25,0,0.0,False,-0.7673271198698417,False,,False
P003,2024-02-26,0,0.0,False,-0.7673271198698417,False,,False
P003,2024-02-27,2,0.0,False,0.11446316152754543,False,,False
P003,2024-02-28,5,0.0,False,1.437148583623626,False,,False
P003,2024-02-29,0,0.0,False,-0.7673271198698417,False,,False
P003,2024-03-01,4,0.0,False,0.9962534429249326,False,,False
P003,2024-03-02,0,0.0,False,-0.7673271198698417,False,,False
P003,2024-03-03,5,0.0,False,1.437148583623626,False,,False
P003,2024-03-04,0,0.0,False,-0.7673271198698417,False,,False
P003,2024-03-05,0,0.0,False,-0.7673271198698417,False,,False
P003,2024-03-06,0,0.0,False,-0.7673271198698417,False,,False
P003,2024-03-07,2,0.0,False,0.11446316152754543,False,,False
P003,2024-03-08,0,0.0,False,-0.7673271198698417,False,,False
P003,2024-03-09,0,0.0,False,-0.7673271198698417,False,,False
P003,2024-03-10,1,0.0,False,-0.32643197917114813,False,,False
P003,2024-03-11,5,0.0,False,1.437148583623626,False,,False
P003,2024-03-12,0,0.0,False,-0.7673271198698417,False,,False
P003,2024-03-13,2,0.0,False,0.11446316152754543,False,,False
P003,2024-03-14,3,0.0,False,0.5553583022262389,False,,False
P003,2024-03-15,0,0.0,False,-0.7673271198698417,False,,False
P003,2024-03-16,5,0.0,False,1.437148583623626,False,,False
P003,2024-03-17,0,0.0,False,-0.7673271198698417,False,,False
P003,2024-03-18,5,0.0,False,1.437148583623626,False,,False
P003,2024-03-19,0,0.0,False,-0.7673271198698417,False,,False
P003,2024-03-20,4,0.0,False,0.9962534429249326,False,,False
P003,2024-03-21,0,0.0,False,-0.7673271198698417,False,,False
P003,2024-03-22,0,0.0,False,-0.7673271198698417,False,,False
P003,2024-03-23,5,0.0,False,1.437148583623626,False,,False
P003,2024-03-24,0,0.0,False,-0.7673271198698417,False,,False
P003,2024-03-25,5,0.0,False,1.437148583623626,False,,False
P003,2024-03-26,5,0.0,False,1.437148583623626,False,,False
P003,2024-03-27,4,0.0,False,0.9962534429249326,False,,False
P003,2024-03-28,0,0.0,False,-0.7673271198698417,False,,False
P003,2024-03-29,4,0.0,False,0.9962534429249326,False,,False
P003,2024-03-30,0,0.0,False,-0.7673271198698417,False,,False
P003,2024-03-31,0,0.0,False,-0.7673271198698417,False,,False
P003,2024-04-01,3,0.0,False,0.5553583022262389,False,,False
P003,2024-04-02,1,0.0,False,-0.32643197917114813,False,,False
P003,2024-04-03,0,0.0,False,-0.7673271198698417,False,,False
P003,2024-04-04,0,0.0,False,-0.7673271198698417,False,,False
P003,2024-04-05,2,0.0,False,0.11446316152754543,False,,False
P003,2024-04-06,6,0.0,False,1.8780437243223198,False,,False
P003,2024-04-07,0,0.0,False,-0.7673271198698417,False,,False
P003,2024-04-08,2,0.0,False,0.11446316152754543,False,,False
P003,2024-04-09,0,0.0,False,-0.7673271198698417,False,,False
P003,2024-04-10,0,0.0,False,-0.7673271198698417,False,,False
P003,2024-04-11,6,0.0,False,1.8780437243223198,False,,False
P003,2024-04-12,5,0.0,False,1.437148583623626,False,,False
P003,2024-04-13,0,0.0,False,-0.7673271198698417,False,,False
P003,2024-04-14,0,0.0,False,-0.7673271198698417,False,,False
P003,2024-04-15,0,0.0,False,-0.7673271198698417,False,,False
P003,2024-04-16,-5,5.0,True,-2.9718028233633094,False,,False
P003,2024-04-17,0,0.0,False,-0.7673271198698417,False,,False
P003,2024-04-18,0,0.0,False,-0.7673271198698417,False,,False
P003,2024-04-19,4,0.0,False,0.9962534429249326,False,,False
P003,2024-04-20,0,0.0,False,-0.7673271198698417,False,,False
P003,2024-04-21,3,0.0,False,0.5553583022262389,False,,False
P003,2024-04-22,0,0.0,False,-0.7673271198698417,False,,False
P003,2024-04-23,1,0.0,False,-0.32643197917114813,False,,False
P003,2024-04-24,0,0.0,False,-0.7673271198698417,False,,False
P003,2024-04-25,0,0.0,False,-0.7673271198698417,False,,False
P003,2024-04-26,0,0.0,False,-0.7673271198698417,False,,False
P003,2024-04-27,3,0.0,False,0.5553583022262389,False,,False
P003,2024-04-28,2,0.0,False,0.11446316152754543,False,,False
P003,2024-04-29,0,0.0,False,-0.7673271198698417,False,,False
P003,2024-04-30,0,0.0,False,-0.7673271198698417,False,,False
P003,2024-05-01,2,0.0,False,0.11446316152754543,False,,False
P003,2024-05-02,0,0.0,False,-0.7673271198698417,False,,False
P003,2024-05-03,0,0.0,False,-0.7673271198698417,False,,False
P003,2024-05-04,4,0.0,False,0.9962534429249326,False,,False
P003,2024-05-05,0,0.0,False,-0.7673271198698417,False,,False
P003,2024-05-06,0,0.0,False,-0.7673271198698417,False,,False
P003,2024-05-07,0,0.0,False,-0.7673271198698417,False,,False
P003,2024-05-08,0,0.0,False,-0.7673271198698417,False,,False
P003,2024-05-09,0,0.0,False,-0.7673271198698417,False,,False
P003,2024-05-10,2,0.0,False,0.11446316152754543,False,,False
P003,2024-05-11,3,0.0,False,0.5553583022262389,False,,False
P003,2024-05-12,0,0.0,False,-0.7673271198698417,False,,False
P003,2024-05-13,4,0.0,False,0.9962534429249326,False,,False
P003,2024-05-14,0,0.0,False,-0.7673271198698417,False,,False
P003,2024-05-15,3,0.0,False,0.5553583022262389,False,,False
P003,2024-05-16,0,0.0,False,-0.7673271198698417,False,,False
P003,2024-05-17,3,0.0,False,0.5553583022262389,False,,False
P003,2024-05-18,0,0.0,False,-0.7673271198698417,False,,False
P003,2024-05-19,0,0.0,False,-0.7673271198698417,False,,False
P003,2024-05-20,0,0.0,False,-0.7673271198698417,False,,False
P003,2024-05-21,0,0.0,False,-0.7673271198698417,False,,False
P003,2024-05-22,0,0.0,False,-0.7673271198698417,False,,False
P003,2024-05-23,4,0.0,False,0.9962534429249326,False,,False
P003,2024-05-24,3,0.0,False,0.5553583022262389,False,,False
P003,2024-05-25,0,0.0,False,-0.7673271198698417,False,,False
P003,2024-05-26,7,0.0,False,2.318938865021013,False,,False
P003,2024-05-27,1,0.0,False,-0.32643197917114813,False,,False
P003,2024-05-28,6,0.0,False,1.8780437243223198,False,,False
P003,2024-05-29,2,0.0,False,0.11446316152754543,False,,False
P003,2024-05-30,4,0.0,False,0.9962534429249326,False,,False
P003,2024-05-31,0,0.0,False,-0.7673271198698417,False,,False
P003,2024-06-01,5,0.0,False,1.437148583623626,False,,False
P003,2024-06-02,4,0.0,False,0.9962534429249326,False,,False
P003,2024-06-03,0,0.0,False,-0.7673271198698417,False,,False
P003,2024-06-04,0,0.0,False,-0.7673271198698417,False,,False
P003,2024-06-05,0,0.0,False,-0.7673271198698417,False,,False
P003,2024-06-06,2,0.0,False,0.11446316152754543,False,,False
P003,2024-06-07,0,0.0,False,-0.7673271198698417,False,,False
P003,2024-06-08,4,0.0,False,0.9962534429249326,False,,False
P003,2024-06-09,2,0.0,False,0.11446316152754543,False,,False
P003,2024-06-10,2,0.0,False,0.11446316152754543,False,,False
P003,2024-06-11,0,0.0,False,-0.7673271198698417,False,,False
P003,2024-06-12,5,0.0,False,1.437148583623626,False,,False
P003,2024-06-13,5,0.0,False,1.437148583623626,False,,False
P003,2024-06-14,0,0.0,False,-0.7673271198698417,False,,False
P003,2024-06-15,6,0.0,False,1.8780437243223198,False,,False
P003,2024-06-16,0,0.0,False,-0.7673271198698417,False,,False
P003,2024-06-17,5,0.0,False,1.437148583623626,False,,False
P003,2024-06-18,0,0.0,False,-0.7673271198698417,False,,False
P003,2024-06-19,0,0.0,False,-0.7673271198698417,False,,False
P003,2024-06-20,0,0.0,False,-0.7673271198698417,False,,False
P003,2024-06-21,0,0.0,False,-0.7673271198698417,False,,False
P003,2024-06-22,0,0.0,False,-0.7673271198698417,False,,False
P003,2024-06-23,3,0.0,False,0.5553583022262389,False,,False
P003,2024-06-24,0,0.0,False,-0.7673271198698417,False,,False
P003,2024-06-25,0,0.0,False,-0.7673271198698417,False,,False
P003,2024-06-26,1,0.0,False,-0.32643197917114813,False,,False
P003,2024-06-27,6,0.0,False,1.8780437243223198,False,,False
P003,2024-06-28,0,0.0,False,-0.7673271198698417,False,,False
P003,2024-06-29,2,0.0,False,0.11446316152754543,False,,False
P003,2024-06-30,0,0.0,False,-0.7673271198698417,False,,False
P003,2024-07-01,5,0.0,False,1.437148583623626,False,,False
P003,2024-07-02,0,0.0,False,-0.7673271198698417,False,,False
P003,2024-07-03,8,0.2,True,2.759834005719707,False,,False
P003,2024-07-04,5,0.0,False,1.437148583623626,False,,False
P003,2024-07-05,4,0.0,False,0.9962534429249326,False,,False
P003,2024-07-06,7,0.0,False,2.318938865021013,False,,False
P003,2024-07-07,4,0.0,False,0.9962534429249326,False,,False
P003,2024-07-08,0,0.0,False,-0.7673271198698417,False,,False
P003,2024-07-09,3,0.0,False,0.5553583022262389,False,,False
P003,2024-07-10,5,0.0,False,1.437148583623626,False,,False
P003,2024-07-11,5,0.0,False,1.437148583623626,False,,False
P003,2024-07-12,0,0.0,False,-0.7673271198698417,False,,False
P003,2024-07-13,0,0.0,False,-0.7673271198698417,False,,False
P003,2024-07-14,4,0.0,False,0.9962534429249326,False,,False
P003,2024-07-15,0,0.0,False,-0.7673271198698417,False,,False
P003,2024-07-16,0,0.0,False,-0.7673271198698417,False,,False
P003,2024-07-17,0,0.0,False,-0.7673271198698417,False,,False
P003,2024-07-18,5,0.0,False,1.437148583623626,False,,False
P003,2024-07-19,0,0.0,False,-0.7673271198698417,False,,False
P003,2024-07-20,0,0.0,False,-0.7673271198698417,False,,False
P003,2024-07-21,0,0.0,False,-0.7673271198698417,False,,False
P003,2024-07-22,7,0.0,False,2.318938865021013,False,,False
P003,2024-07-23,3,0.0,False,0.5553583022262389,False,,False
P003,2024-07-24,0,0.0,False,-0.7673271198698417,False,,False
P003,2024-07-25,0,0.0,False,-0.7673271198698417,False,,False
P003,2024-07-26,4,0.0,False,0.9962534429249326,False,,False
P003,2024-07-27,0,0.0,False,-0.7673271198698417,False,,False
P003,2024-07-28,3,0.0,False,0.5553583022262389,False,,False
P003,2024-07-29,0,0.0,False,-0.7673271198698417,False,,False
P003,2024-07-30,2,0.0,False,0.11446316152754543,False,,False
P003,2024-07-31,0,0.0,False,-0.7673271198698417,False,,False
P003,2024-08-01,6,0.0,False,1.8780437243223198,False,,False
P003,2024-08-02,0,0.0,False,-0.7673271198698417,False,,False
P003,2024-08-03,8,0.2,True,2.759834005719707,False,,False
P003,2024-08-04,2,0.0,False,0.11446316152754543,False,,False
P003,2024-08-05,1,0.0,False,-0.32643197917114813,False,,False
P003,2024-08-06,0,0.0,False,-0.7673271198698417,False,,False
P003,2024-08-07,0,0.0,False,-0.7673271198698417,False,,False
P003,2024-08-08,5,0.0,False,1.437148583623626,False,,False
P003,2024-08-09,4,0.0,False,0.9962534429249326,False,,False
P003,2024-08-10,0,0.0,False,-0.7673271198698417,False,,False
P003,2024-08-11,0,0.0,False,-0.7673271198698417,False,,False
P003,2024-08-12,0,0.0,False,-0.7673271198698417,False,,False
P003,2024-08-13,6,0.0,False,1.8780437243223198,False,,False
P003,2024-08-14,10,1.4,True,3.641624287117094,True,,False
P003,2024-08-15,5,0.0,False,1.437148583623626,False,,False
P003,2024-08-16,5,0.0,False,1.437148583623626,False,,False
P003,2024-08-17,0,0.0,False,-0.7673271198698417,False,,False
P003,2024-08-18,0,0.0,False,-0.7673271198698417,False,,False
P003,2024-08-19,0,0.0,False,-0.7673271198698417,False,,False
P003,2024-08-20,2,0.0,False,0.11446316152754543,False,,False
P003,2024-08-21,0,0.0,False,-0.7673271198698417,False,,False
P003,2024-08-22,0,0.0,False,-0.7673271198698417,False,,False
P003,2024-08-23,0,0.0,False,-0.7673271198698417,False,,False
P003,2024-08-24,0,0.0,False,-0.7673271198698417,False,,False
P003,2024-08-25,3,0.0,False,0.5553583022262389,False,,False
P003,2024-08-26,0,0.0,False,-0.7673271198698417,False,,False
P003,2024-08-27,0,0.0,False,-0.7673271198698417,False,,False
P003,2024-08-28,4,0.0,False,0.9962534429249326,False,,False
P003,2024-08-29,0,0.0,False,-0.7673271198698417,False,,False
P003,2024-08-30,0,0.0,False,-0.7673271198698417,False,,False
P003,2024-08-31,0,0.0,False,-0.7673271198698417,False,,False
P003,2024-09-01,1,0.0,False,-0.32643197917114813,False,,False
P003,2024-09-02,0,0.0,False,-0.7673271198698417,False,,False
P003,2024-09-03,3,0.0,False,0.5553583022262389,False,,False
P003,2024-09-04,4,0.0,False,0.9962534429249326,False,,False
P003,2024-09-05,1,0.0,False,-0.32643197917114813,False,,False
P003,2024-09-06,0,0.0,False,-0.7673271198698417,False,,False
P003,2024-09-07,4,0.0,False,0.9962534429249326,False,,False
P003,2024-09-08,0,0.0,False,-0.7673271198698417,False,,False
P003,2024-09-09,0,0.0,False,-0.7673271198698417,False,,False
P003,2024-09-10,0,0.0,False,-0.7673271198698417,False,,False
P003,2024-09-11,0,0.0,False,-0.7673271198698417,False,,False
P003,2024-09-12,0,0.0,False,-0.7673271198698417,False,,False
P003,2024-09-13,0,0.0,False,-0.7673271198698417,False,,False
P003,2024-09-14,0,0.0,False,-0.7673271198698417,False,,False
P003,2024-09-15,0,0.0,False,-0.7673271198698417,False,,False
P003,2024-09-16,4,0.0,False,0.9962534429249326,False,,False
P003,2024-09-17,3,0.0,False,0.5553583022262389,False,,False
P003,2024-09-18,0,0.0,False,-0.7673271198698417,False,,False
P003,2024-09-19,5,0.0,False,1.437148583623626,False,,False
P003,2024-09-20,0,0.0,False,-0.7673271198698417,False,,False
P003,2024-09-21,0,0.0,False,-0.7673271198698417,False,,False
P003,2024-09-22,0,0.0,False,-0.7673271198698417,False,,False
P003,2024-09-23,0,0.0,False,-0.7673271198698417,False,,False
P003,2024-09-24,0,0.0,False,-0.7673271198698417,False,,False
P003,2024-09-25,0,0.0,False,-0.7673271198698417,False,,False
P003,2024-09-26,0,0.0,False,-0.7673271198698417,False,,False
P003,2024-09-27,0,0.0,False,-0.7673271198698417,False,,False
P003,2024-09-28,0,0.0,False,-0.7673271198698417,False,,False
P003,2024-09-29,0,0.0,False,-0.7673271198698417,False,,False
P003,2024-09-30,0,0.0,False,-0.7673271198698417,False,,False
P003,2024-10-01,0,0.0,False,-0.7673271198698417,False,,False
P003,2024-10-02,0,0.0,False,-0.7673271198698417,False,,False
P003,2024-10-03,0,0.0,False,-0.7673271198698417,False,,False
P003,2024-10-04,0,0.0,False,-0.7673271198698417,False,,False
P003,2024-10-05,0,0.0,False,-0.7673271198698417,False,,False
P003,2024-10-06,7,0.0,False,2.318938865021013,False,,False
P003,2024-10-07,0,0.0,False,-0.7673271198698417,False,,False
P003,2024-10-08,0,0.0,False,-0.7673271198698417,False,,False
P003,2024-10-09,0,0.0,False,-0.7673271198698417,False,,False
P003,2024-10-10,5,0.0,False,1.437148583623626,False,,False
P003,2024-10-11,5,0.0,False,1.437148583623626,False,,False
P003,2024-10-12,6,0.0,False,1.8780437243223198,False,,False
P003,2024-10-13,4,0.0,False,0.9962534429249326,False,,False
P003,2024-10-14,0,0.0,False,-0.7673271198698417,False,,False
P003,2024-10-15,3,0.0,False,0.5553583022262389,False,,False
P003,2024-10-16,0,0.0,False,-0.7673271198698417,False,,False
P003,2024-10-17,4,0.0,False,0.9962534429249326,False,,False
P003,2024-10-18,0,0.0,False,-0.7673271198698417,False,,False
P003,2024-10-19,0,0.0,False,-0.7673271198698417,False,,False
P003,2024-10-20,5,0.0,False,1.437148583623626,False,,False
P003,2024-10-21,0,0.0,False,-0.7673271198698417,False,,False
P003,2024-10-22,2,0.0,False,0.11446316152754543,False,,False
P003,2024-10-23,0,0.0,False,-0.7673271198698417,False,,False
P003,2024-10-24,4,0.0,False,0.9962534429249326,False,,False
P003,2024-10-25,4,0.0,False,0.9962534429249326,False,,False
P003,2024-10-26,0,0.0,False,-0.7673271198698417,False,,False
P003,2024-10-27,3,0.0,False,0.5553583022262389,False,,False
P003,2024-10-28,5,0.0,False,1.437148583623626,False,,False
P003,2024-10-29,6,0.0,False,1.8780437243223198,False,,False
P003,2024-10-30,0,0.0,False,-0.7673271198698417,False,,False
P003,2024-10-31,0,0.0,False,-0.7673271198698417,False,,False
P003,2024-11-01,3,0.0,False,0.5553583022262389,False,,False
P003,2024-11-02,0,0.0,False,-0.7673271198698417,False,,False
P003,2024-11-03,0,0.0,False,-0.7673271198698417,False,,False
P003,2024-11-04,0,0.0,False,-0.7673271198698417,False,,False
P003,2024-11-05,4,0.0,False,0.9962534429249326,False,,False
P003,2024-11-06,0,0.0,False,-0.7673271198698417,False,,False
P003,2024-11-07,5,0.0,False,1.437148583623626,False,,False
P003,2024-11-08,7,0.0,False,2.318938865021013,False,,False
P003,2024-11-09,0,0.0,False,-0.7673271198698417,False,,False
P003,2024-11-10,0,0.0,False,-0.7673271198698417,False,,False
P003,2024-11-11,9,1.0,True,3.2007291464184005,True,,False
P003,2024-11-12,0,0.0,False,-0.7673271198698417,False,,False
P003,2024-11-13,3,0.0,False,0.5553583022262389,False,,False
P003,2024-11-14,3,0.0,False,0.5553583022262389,False,,False
P003,2024-11-15,2,0.0,False,0.11446316152754543,False,,False
P003,2024-11-16,0,0.0,False,-0.7673271198698417,False,,False
P003,2024-11-17,3,0.0,False,0.5553583022262389,False,,False
P003,2024-11-18,4,0.0,False,0.9962534429249326,False,,False
P003,2024-11-19,0,0.0,False,-0.7673271198698417,False,,False
P003,2024-11-20,5,0.0,False,1.437148583623626,False,,False
P003,2024-11-21,2,0.0,False,0.11446316152754543,False,,False
P003,2024-11-22,2,0.0,False,0.11446316152754543,False,,False
P003,2024-11-23,0,0.0,False,-0.7673271198698417,False,,False
P003,2024-11-24,0,0.0,False,-0.7673271198698417,False,,False
P003,2024-11-25,0,0.0,False,-0.7673271198698417,False,,False
P003,2024-11-26,0,0.0,False,-0.7673271198698417,False,,False
P003,2024-11-27,0,0.0,False,-0.7673271198698417,False,,False
P003,2024-11-28,3,0.0,False,0.5553583022262389,False,,False
P003,2024-11-29,0,0.0,False,-0.7673271198698417,False,,False
P003,2024-11-30,2,0.0,False,0.11446316152754543,False,,False
P003,2024-12-01,0,0.0,False,-0.7673271198698417,False,,False
P003,2024-12-02,0,0.0,False,-0.7673271198698417,False,,False
P003,2024-12-03,0,0.0,False,-0.7673271198698417,False,,False
P003,2024-12-04,0,0.0,False,-0.7673271198698417,False,,False
P003,2024-12-05,10,1.4,True,3.641624287117094,True,,False
P003,2024-12-06,1,0.0,False,-0.32643197917114813,False,,False
P003,2024-12-07,3,0.0,False,0.5553583022262389,False,,False
P003,2024-12-08,0,0.0,False,-0.7673271198698417,False,,False
P003,2024-12-09,2,0.0,False,0.11446316152754543,False,,False
P003,2024-12-10,0,0.0,False,-0.7673271198698417,False,,False
P003,2024-12-11,3,0.0,False,0.5553583022262389,False,,False
P003,2024-12-12,0,0.0,False,-0.7673271198698417,False,,False
P003,2024-12-13,0,0.0,False,-0.7673271198698417,False,,False
P003,2024-12-14,0,0.0,False,-0.7673271198698417,False,,False
P003,2024-12-15,0,0.0,False,-0.7673271198698417,False,,False
P003,2024-12-16,0,0.0,False,-0.7673271198698417,False,,False
P003,2024-12-17,5,0.0,False,1.437148583623626,False,,False
P003,2024-12-18,3,0.0,False,0.5553583022262389,False,,False
P003,2024-12-19,8,0.2,True,2.759834005719707,False,,False
P003,2024-12-20,0,0.0,False,-0.7673271198698417,False,,False
P003,2024-12-21,2,0.0,False,0.11446316152754543,False,,False
P003,2024-12-22,0,0.0,False,-0.7673271198698417,False,,False
P003,2024-12-23,0,0.0,False,-0.7673271198698417,False,,False
P003,2024-12-24,0,0.0,False,-0.7673271198698417,False,,False
P003,2024-12-25,0,0.0,False,-0.7673271198698417,False,,False
P003,2024-12-26,3,0.0,False,0.5553583022262389,False,,False
P003,2024-12-27,0,0.0,False,-0.7673271198698417,False,,False
P003,2024-12-28,0,0.0,False,-0.7673271198698417,False,,False
P003,2024-12-29,5,0.0,False,1.437148583623626,False,,False
P003,2024-12-30,0,0.0,False,-0.7673271198698417,False,,False
P003,2024-12-31,2,0.0,False,0.11446316152754543,False,,False
P004,2023-01-01,81,0.6,False,2.1100542526477803,False,2.438576923076923,False
P004,2023-01-02,53,0.0,False,0.6981158927957103,False,0.9858076923076923,False
P004,2023-01-03,63,0.0,False,1.202379592742878,False,1.5046538461538463,False
P004,2023-01-04,57,0.0,False,0.8998213727745774,False,1.1933461538461538,False
P004,2023-01-05,71,0.2,False,1.6057905527006124,False,1.919730769230769,False
P004,2023-01-06,60,0.4,False,1.0511004827587278,False,1.349,False
P004,2023-01-07,67,0.0,False,1.404085072721745,False,1.7121923076923076,False
P004,2023-01-08,83,0.8,True,2.210906992637214,False,2.542346153846154,False
P004,2023-01-09,71,0.2,False,1.6057905527006124,False,1.919730769230769,False
P004,2023-01-10,69,0.2,False,1.5049378127111788,False,1.8159615384615384,False
P004,2023-01-11,70,0.0,False,1.5553641827058955,False,1.867846153846154,False
P004,2023-01-12,53,0.0,False,0.6981158927957103,False,0.9858076923076923,False
P004,2023-01-13,65,0.6,False,1.3032323327323116,False,1.608423076923077,False
P004,2023-01-14,76,0.4,False,1.8579224026741963,False,2.179153846153846,False
P004,2023-01-15,82,0.4,False,2.160480622642497,False,2.4904615384615383,False
P004,2023-01-16,52,0.4,False,0.6476895228009935,False,0.933923076923077,False
P004,2023-01-17,55,0.0,False,0.7989686327851439,False,1.089576923076923,False
P004,2023-01-18,55,0.0,False,0.7989686327851439,False,1.089576923076923,False
P004,2023-01-19,64,0.0,False,1.252805962737595,False,1.5565384615384614,False
P004,2023-01-20,64,0.0,False,1.252805962737595,False,1.5565384615384614,False
P004,2023-01-21,82,0.4,False,2.160480622642497,False,2.4904615384615383,False
P004,2023-01-22,72,0.2,False,1.6562169226953292,False,1.9716153846153845,False
P004,2023-01-23,57,0.0,False,0.8998213727745774,False,1.1933461538461538,False
P004,2023-01-24,54,0.0,False,0.748542262790427,False,1.0376923076923077,False
P004,2023-01-25,64,0.0,False,1.252805962737595,False,1.5565384615384614,False
P004,2023-01-26,66,0.0,False,1.3536587027270284,False,1.6603076923076923,False
P004,2023-01-27,65,0.6,False,1.3032323327323116,False,1.608423076923077,False
P004,2023-01-28,75,0.6,False,1.8074960326794796,False,2.1272692307692305,False
P004,2023-01-29,63,0.0,False,1.202379592742878,False,1.5046538461538463,False
P004,2023-01-30,48,0.0,False,0.44598404282212634,False,0.7263846153846154,False
P004,2023-01-31,67,0.0,False,1.404085072721745,False,1.7121923076923076,False
P004,2023-02-01,56,0.0,False,0.8493950027798606,False,1.1414615384615385,False
P004,2023-02-02,54,0.0,False,0.748542262790427,False,1.0376923076923077,False
P004,2023-02-03,68,0.6,False,1.454511442716462,False,1.764076923076923,False
P004,2023-02-04,87,1.8,True,2.4126124726160807,False,2.7498846153846155,False
P004,2023-02-05,79,0.6,False,2.0092015126583465,False,2.334807692307692,False
P004,2023-02-06,56,0.0,False,0.8493950027798606,False,1.1414615384615385,False
P004,2023-02-07,57,0.0,False,0.8998213727745774,False,1.1933461538461538,False
P004,2023-02-08,59,0.0,False,1.0006741127640109,False,1.2971153846153847,False
P004,2023-02-09,68,0.6,False,1.454511442716462,False,1.764076923076923,False
P004,2023-02-10,61,0.2,False,1.1015268527534445,False,1.4008846153846155,False
P004,2023-02-11,83,0.8,True,2.210906992637214,False,2.542346153846154,False
P004,2023-02-12,86,1.6,True,2.362186102621364,False,2.698,False
P004,2023-02-13,51,0.0,False,0.5972631528062767,False,0.8820384615384615,False
P004,2023-02-14,62,0.8,True,1.1519532227481613,False,1.4527692307692308,False
P004,2023-02-15,56,0.0,False,0.8493950027798606,False,1.1414615384615385,False
P004,2023-02-16,43,0.0,False,0.19385219284854244,False,0.4669615384615385,False
P004,2023-02-17,45,0.0,False,0.294704932837976,False,0.5707307692307693,False
P004,2023-02-18,72,0.2,False,1.6562169226953292,False,1.9716153846153845,False
P004,2023-02-19,82,0.4,False,2.160480622642497,False,2.4904615384615383,False
P004,2023-02-20,58,0.4,False,0.9502477427692941,False,1.2452307692307691,False
P004,2023-02-21,59,0.0,False,1.0006741127640109,False,1.2971153846153847,False
P004,2023-02-22,69,0.2,False,1.5049378127111788,False,1.8159615384615384,False
P004,2023-02-23,50,0.0,False,0.5468367828115599,False,0.8301538461538461,False
P004,2023-02-24,57,0.0,False,0.8998213727745774,False,1.1933461538461538,False
P004,2023-02-25,80,0.4,False,2.0596278826530634,False,2.3866923076923077,False
P004,2023-02-26,74,0.0,False,1.7570696626847626,False,2.0753846153846154,False
P004,2023-02-27,57,0.0,False,0.8998213727745774,False,1.1933461538461538,False
P004,2023-02-28,48,0.0,False,0.44598404282212634,False,0.7263846153846154,False
P004,2023-03-01,66,0.0,False,1.3536587027270284,False,1.6603076923076923,False
P004,2023-03-02,53,0.0,False,0.6981158927957103,False,0.9858076923076923,False
P004,2023-03-03,69,0.2,False,1.5049378127111788,False,1.8159615384615384,False
P004,2023-03-04,78,0.4,False,1.9587751426636297,False,2.282923076923077,False
P004,2023-03-05,84,1.4,True,2.2613333626319303,False,2.5942307692307693,False
P004,2023-03-06,56,0.0,False,0.8493950027798606,False,1.1414615384615385,False
P004,2023-03-07,57,0.0,False,0.8998213727745774,False,1.1933461538461538,False
P004,2023-03-08,53,0.0,False,0.6981158927957103,False,0.9858076923076923,False
P004,2023-03-09,57,0.0,False,0.8998213727745774,False,1.1933461538461538,False
P004,2023-03-10,59,0.0,False,1.0006741127640109,False,1.2971153846153847,False
P004,2023-03-11,73,0.0,False,1.7066432926900459,False,2.0235,False
P004,2023-03-12,77,0.4,False,1.908348772668913,False,2.2310384615384615,False
P004,2023-03-13,53,0.0,False,0.6981158927957103,False,0.9858076923076923,False
P004,2023-03-14,70,0.0,False,1.5553641827058955,False,1.867846153846154,False
P004,2023-03-15,56,0.0,False,0.8493950027798606,False,1.1414615384615385,False
P004,2023-03-16,66,0.0,False,1.3536587027270284,False,1.6603076923076923,False
P004,2023-03-17,55,0.0,False,0.7989686327851439,False,1.089576923076923,False
P004,2023-03-18,79,0.6,False,2.0092015126583465,False,2.334807692307692,False
P004,2023-03-19,69,0.2,False,1.5049378127111788,False,1.8159615384615384,False
P004,2023-03-20,53,0.0,False,0.6981158927957103,False,0.9858076923076923,False
P004,2023-03-21,57,0.0,False,0.8998213727745774,False,1.1933461538461538,False
P004,2023-03-22,66,0.0,False,1.3536587027270284,False,1.6603076923076923,False
P004,2023-03-23,57,0.0,False,0.8998213727745774,False,1.1933461538461538,False
P004,2023-03-24,64,0.0,False,1.252805962737595,False,1.5565384615384614,False
P004,2023-03-25,81,0.6,False,2.1100542526477803,False,2.438576923076923,False
P004,2023-03-26,87,1.8,True,2.4126124726160807,False,2.7498846153846155,False
P004,2023-03-27,55,0.0,False,0.7989686327851439,False,1.089576923076923,False
P004,2023-03-28,70,0.0,False,1.5553641827058955,False,1.867846153846154,False
P004,2023-03-29,53,0.0,False,0.6981158927957103,False,0.9858076923076923,False
P004,2023-03-30,51,0.0,False,0.5972631528062767,False,0.8820384615384615,False
P004,2023-03-31,48,0.0,False,0.44598404282212634,False,0.7263846153846154,False
P004,2023-04-01,90,4.2,True,2.563891582600231,False,2.9055384615384616,False
P004,2023-04-02,81,0.6,False,2.1100542526477803,False,2.438576923076923,False
P004,2023-04-03,53,0.0,False,0.6981158927957103,False,0.9858076923076923,False
P004,2023-04-04,63,0.0,False,1.202379592742878,False,1.5046538461538463,False
P004,2023-04-05,59,0.0,False,1.0006741127640109,False,1.2971153846153847,False
P004,2023-04-06,67,0.0,False,1.404085072721745,False,1.7121923076923076,False
P004,2023-04-07,46,0.0,False,0.3451313028326928,False,0.6226153846153846,False
P004,2023-04-08,75,0.6,False,1.8074960326794796,False,2.1272692307692305,False
P004,2023-04-09,73,0.0,False,1.7066432926900459,False,2.0235,False
P004,2023-04-10,43,0.0,False,0.19385219284854244,False,0.4669615384615385,False
P004,2023-04-11,72,0.2,False,1.1015268527534445,False,1.4008846153846155,False
P004,2023-04-11,72,0.2,False,1.1015268527534445,False,1.9716153846153845,False
P004,2023-04-11,72,0.2,False,1.6562169226953292,False,1.4008846153846155,False
P004,2023-04-11,72,0.2,False,1.6562169226953292,False,1.9716153846153845,False
P004,2023-04-11,61,0.2,False,1.1015268527534445,False,1.4008846153846155,False
P004,2023-04-11,61,0.2,False,1.1015268527534445,False,1.9716153846153845,False
P004,2023-04-11,61,0.2,False,1.6562169226953292,False,1.4008846153846155,False
P004,2023-04-11,61,0.2,False,1.6562169226953292,False,1.9716153846153845,False
P004,2023-04-12,53,0.0,False,0.6981158927957103,False,0.9858076923076923,False
P004,2023-04-13,59,0.0,False,1.0006741127640109,False,1.2971153846153847,False
P004,2023-04-14,69,0.2,False,1.5049378127111788,False,1.8159615384615384,False
P004,2023-04-15,74,0.0,False,1.7570696626847626,False,2.0753846153846154,False
P004,2023-04-16,73,0.0,False,1.7066432926900459,False,2.0235,False
P004,2023-04-17,55,0.0,False,0.7989686327851439,False,1.089576923076923,False
P004,2023-04-18,61,0.2,False,1.1015268527534445,False,1.4008846153846155,False
P004,2023-04-19,51,0.0,False,0.5972631528062767,False,0.8820384615384615,False
P004,2023-04-20,51,0.0,False,0.5972631528062767,False,0.8820384615384615,False
P004,2023-04-21,61,0.2,False,1.1015268527534445,False,1.4008846153846155,False
P004,2023-04-22,78,0.4,False,1.9587751426636297,False,2.282923076923077,False
P004,2023-04-23,63,0.0,False,1.202379592742878,False,1.5046538461538463,False
P004,2023-04-24,47,0.0,False,0.39555767282740956,False,0.6745,False
P004,2023-04-25,63,0.0,False,1.202379592742878,False,1.5046538461538463,False
P004,2023-04-26,57,0.0,False,0.8998213727745774,False,1.1933461538461538,False
P004,2023-04-27,50,0.0,False,0.5468367828115599,False,0.8301538461538461,False
P004,2023-04-28,53,0.0,False,0.6981158927957103,False,0.9858076923076923,False
P004,2023-04-29,75,0.6,False,1.8074960326794796,False,2.1272692307692305,False
P004,2023-04-30,79,0.6,False,2.0092015126583465,False,2.334807692307692,False
P004,2023-05-01,46,0.0,False,0.3451313028326928,False,0.6226153846153846,False
P004,2023-05-02,49,0.0,False,0.4964104128168431,False,0.7782692307692307,False
P004,2023-05-03,56,0.0,False,0.8493950027798606,False,1.1414615384615385,False
P004,2023-05-04,53,0.0,False,0.6981158927957103,False,0.9858076923076923,False
P004,2023-05-05,57,0.0,False,0.8998213727745774,False,1.1933461538461538,False
P004,2023-05-06,67,0.0,False,1.404085072721745,False,1.7121923076923076,False
P004,2023-05-07,77,0.4,False,1.908348772668913,False,2.2310384615384615,False
P004,2023-05-08,60,0.4,False,1.0511004827587278,False,1.349,False
P004,2023-05-09,57,0.0,False,0.8998213727745774,False,1.1933461538461538,False
P004,2023-05-10,54,0.0,False,0.748542262790427,False,1.0376923076923077,False
P004,2023-05-11,53,0.0,False,0.6981158927957103,False,0.9858076923076923,False
P004,2023-05-12,48,0.0,False,0.44598404282212634,False,0.7263846153846154,False
P004,2023-05-13,74,0.0,False,1.7570696626847626,False,2.0753846153846154,False
P004,2023-05-14,82,0.4,False,2.160480622642497,False,2.4904615384615383,False
P004,2023-05-15,53,0.0,False,0.6981158927957103,False,0.9858076923076923,False
P004,2023-05-16,48,0.0,False,0.44598404282212634,False,0.7263846153846154,False
P004,2023-05-17,50,0.0,False,0.5468367828115599,False,0.8301538461538461,False
P004,2023-05-18,54,0.0,False,0.748542262790427,False,1.0376923076923077,False
P004,2023-05-19,51,0.0,False,0.5972631528062767,False,0.8820384615384615,False
P004,2023-05-20,77,0.4,False,1.908348772668913,False,2.2310384615384615,False
P004,2023-05-21,77,0.4,False,1.908348772668913,False,2.2310384615384615,False
P004,2023-05-22,58,0.4,False,0.9502477427692941,False,1.2452307692307691,False
P004,2023-05-23,61,0.2,False,1.1015268527534445,False,1.4008846153846155,False
P004,2023-05-24,59,0.0,False,1.0006741127640109,False,1.2971153846153847,False
P004,2023-05-25,47,0.0,False,0.39555767282740956,False,0.6745,False
P004,2023-05-26,47,0.0,False,0.39555767282740956,False,0.6745,False
P004,2023-05-27,73,0.0,False,1.7066432926900459,False,2.0235,False
P004,2023-05-28,71,0.2,False,1.6057905527006124,False,1.919730769230769,False
P004,2023-05-29,46,0.0,False,0.3451313028326928,False,0.6226153846153846,False
P004,2023-05-30,50,0.0,False,0.5468367828115599,False,0.8301538461538461,False
P004,2023-05-31,50,0.0,False,0.5468367828115599,False,0.8301538461538461,False
P004,2023-06-01,48,0.0,False,0.44598404282212634,False,0.7263846153846154,False
P004,2023-06-02,51,0.0,False,0.5972631528062767,False,0.8820384615384615,False
P004,2023-06-03,80,0.4,False,2.0596278826530634,False,2.3866923076923077,False
P004,2023-06-04,74,0.0,False,1.7570696626847626,False,2.0753846153846154,False
P004,2023-06-05,67,0.0,False,1.404085072721745,False,1.7121923076923076,False
P004,2023-06-06,53,0.0,False,0.6981158927957103,False,0.9858076923076923,False
P004,2023-06-07,50,0.0,False,0.5468367828115599,False,0.8301538461538461,False
P004,2023-06-08,52,0.4,False,0.6476895228009935,False,0.933923076923077,False
P004,2023-06-09,54,0.0,False,0.748542262790427,False,1.0376923076923077,False
P004,2023-06-10,76,0.4,False,1.8579224026741963,False,2.179153846153846,False
P004,2023-06-11,85,1.6,True,2.3117597326266472,False,2.6461153846153844,False
P004,2023-06-12,47,0.0,False,0.39555767282740956,False,0.6745,False
P004,2023-06-13,57,0.0,False,0.8998213727745774,False,1.1933461538461538,False
P004,2023-06-14,53,0.0,False,0.6981158927957103,False,0.9858076923076923,False
P004,2023-06-15,42,0.0,False,0.14342582285382566,False,0.41507692307692307,False
P004,2023-06-16,56,0.0,False,0.8493950027798606,False,1.1414615384615385,False
P004,2023-06-17,80,0.4,False,2.0596278826530634,False,2.3866923076923077,False
P004,2023-06-18,67,0.0,False,1.404085072721745,False,1.7121923076923076,False
P004,2023-06-19,51,0.0,False,0.5972631528062767,False,0.8820384615384615,False
P004,2023-06-20,41,0.0,False,0.09299945285910888,False,0.3631923076923077,False
P004,2023-06-21,44,0.0,False,0.24427856284325922,False,0.5188461538461538,False
P004,2023-06-22,58,0.4,False,0.9502477427692941,False,1.2452307692307691,False
P004,2023-06-23,49,0.0,False,0.4964104128168431,False,0.7782692307692307,False
P004,2023-06-24,66,0.0,False,1.3536587027270284,False,1.6603076923076923,False
P004,2023-06-25,74,0.0,False,1.7570696626847626,False,2.0753846153846154,False
P004,2023-06-26,48,0.0,False,0.44598404282212634,False,0.7263846153846154,False
P004,2023-06-27,48,0.0,False,0.44598404282212634,False,0.7263846153846154,False
P004,2023-06-28,56,0.0,False,0.8493950027798606,False,1.1414615384615385,False
P004,2023-06-29,44,0.0,False,0.24427856284325922,False,0.5188461538461538,False
P004,2023-06-30,46,0.0,False,0.3451313028326928,False,0.6226153846153846,False
P004,2023-07-01,73,0.0,False,1.7066432926900459,False,2.0235,False
P004,2023-07-02,78,0.4,False,1.9587751426636297,False,2.282923076923077,False
P004,2023-07-03,58,0.4,False,0.9502477427692941,False,1.2452307692307691,False
P004,2023-07-04,47,0.0,False,0.39555767282740956,False,0.6745,False
P004,2023-07-05,56,0.0,False,0.8493950027798606,False,1.1414615384615385,False
P004,2023-07-06,46,0.0,False,0.3451313028326928,False,0.6226153846153846,False
P004,2023-07-07,62,0.8,True,1.1519532227481613,False,1.4527692307692308,False
P004,2023-07-08,65,0.6,False,1.3032323327323116,False,1.608423076923077,False
P004,2023-07-09,80,0.4,False,2.0596278826530634,False,2.3866923076923077,False
P004,2023-07-10,47,0.0,False,0.39555767282740956,False,0.6745,False
P004,2023-07-11,63,0.0,False,1.202379592742878,False,1.5046538461538463,False
P004,2023-07-12,54,0.0,False,0.748542262790427,False,1.0376923076923077,False
P004,2023-07-13,44,0.0,False,0.24427856284325922,False,0.5188461538461538,False
P004,2023-07-14,47,0.0,False,0.39555767282740956,False,0.6745,False
P004,2023-07-15,76,0.4,False,1.8579224026741963,False,2.179153846153846,False
P004,2023-07-16,78,0.4,False,1.9587751426636297,False,2.282923076923077,False
P004,2023-07-17,50,0.0,False,0.5468367828115599,False,0.8301538461538461,False
P004,2023-07-18,50,0.0,False,0.5468367828115599,False,0.8301538461538461,False
P004,2023-07-19,55,0.0,False,0.7989686327851439,False,1.089576923076923,False
P004,2023-07-20,51,0.0,False,0.5972631528062767,False,0.8820384615384615,False
P004,2023-07-21,42,0.0,False,0.14342582285382566,False,0.41507692307692307,False
P004,2023-07-22,66,0.0,False,1.3536587027270284,False,1.6603076923076923,False
P004,2023-07-23,72,0.2,False,1.6562169226953292,False,1.9716153846153845,False
P004,2023-07-24,57,0.0,False,0.8998213727745774,False,1.1933461538461538,False
P004,2023-07-25,59,0.0,False,1.0006741127640109,False,1.2971153846153847,False
P004,2023-07-26,54,0.0,False,0.748542262790427,False,1.0376923076923077,False
P004,2023-07-27,51,0.0,False,0.5972631528062767,False,0.8820384615384615,False
P004,2023-07-28,54,0.0,False,0.748542262790427,False,1.0376923076923077,False
P004,2023-07-29,67,0.0,False,1.404085072721745,False,1.7121923076923076,False
P004,2023-07-30,70,0.0,False,1.5553641827058955,False,1.867846153846154,False
P004,2023-07-31,45,0.0,False,0.294704932837976,False,0.5707307692307693,False
P004,2023-08-01,42,0.0,False,0.14342582285382566,False,0.41507692307692307,False
P004,2023-08-02,51,0.0,False,0.5972631528062767,False,0.8820384615384615,False
P004,2023-08-03,50,0.0,False,0.5468367828115599,False,0.8301538461538461,False
P004,2023-08-04,53,0.0,False,0.6981158927957103,False,0.9858076923076923,False
P004,2023-08-05,73,0.0,False,1.7066432926900459,False,2.0235,False
P004,2023-08-06,72,0.2,False,1.6562169226953292,False,1.9716153846153845,False
P004,2023-08-07,52,0.4,False,0.6476895228009935,False,0.933923076923077,False
P004,2023-08-08,49,0.0,False,0.4964104128168431,False,0.7782692307692307,False
P004,2023-08-09,51,0.0,False,0.5972631528062767,False,0.8820384615384615,False
P004,2023-08-10,45,0.0,False,0.294704932837976,False,0.5707307692307693,False
P004,2023-08-11,51,0.0,False,0.5972631528062767,False,0.8820384615384615,False
P004,2023-08-12,74,0.0,False,1.7570696626847626,False,2.0753846153846154,False
P004,2023-08-13,66,0.0,False,1.3536587027270284,False,1.6603076923076923,False
P004,2023-08-14,49,0.0,False,0.4964104128168431,False,0.7782692307692307,False
P004,2023-08-15,45,0.0,False,0.294704932837976,False,0.5707307692307693,False
P004,2023-08-16,45,0.0,False,0.294704932837976,False,0.5707307692307693,False
P004,2023-08-17,42,0.0,False,0.14342582285382566,False,0.41507692307692307,False
P004,2023-08-18,56,0.0,False,0.8493950027798606,False,1.1414615384615385,False
P004,2023-08-19,76,0.4,False,1.8579224026741963,False,2.179153846153846,False
P004,2023-08-20,73,0.0,False,1.7066432926900459,False,2.0235,False
P004,2023-08-21,60,0.4,False,1.0511004827587278,False,1.349,False
P004,2023-08-22,47,0.0,False,0.39555767282740956,False,0.6745,False
P004,2023-08-23,66,0.0,False,1.3536587027270284,False,1.6603076923076923,False
P004,2023-08-24,47,0.0,False,0.39555767282740956,False,0.6745,False
P004,2023-08-25,50,0.0,False,0.5468367828115599,False,0.8301538461538461,False
P004,2023-08-26,67,0.0,False,1.404085072721745,False,1.7121923076923076,False
P004,2023-08-27,71,0.2,False,1.6057905527006124,False,1.919730769230769,False
P004,2023-08-28,53,0.0,False,0.6981158927957103,False,0.9858076923076923,False
P004,2023-08-29,47,0.0,False,0.39555767282740956,False,0.6745,False
P004,2023-08-30,59,0.0,False,1.0006741127640109,False,1.2971153846153847,False
P004,2023-08-31,49,0.0,False,0.4964104128168431,False,0.7782692307692307,False
P004,2023-09-01,49,0.0,False,0.4964104128168431,False,0.7782692307692307,False
P004,2023-09-02,63,0.0,False,1.202379592742878,False,1.5046538461538463,False
P004,2023-09-03,71,0.2,False,1.6057905527006124,False,1.919730769230769,False
P004,2023-09-04,47,0.0,False,0.39555767282740956,False,0.6745,False
P004,2023-09-05,44,0.0,False,0.24427856284325922,False,0.5188461538461538,False
P004,2023-09-06,43,0.0,False,0.19385219284854244,False,0.4669615384615385,False
P004,2023-09-07,64,0.0,False,1.252805962737595,False,1.5565384615384614,False
P004,2023-09-08,46,0.0,False,0.3451313028326928,False,0.6226153846153846,False
P004,2023-09-09,60,0.4,False,1.0511004827587278,False,1.349,False
P004,2023-09-10,64,0.0,False,1.252805962737595,False,1.5565384615384614,False
P004,2023-09-11,47,0.0,False,0.39555767282740956,False,0.6745,False
P004,2023-09-12,51,0.0,False,0.5972631528062767,False,0.8820384615384615,False
P004,2023-09-13,51,0.0,False,0.5972631528062767,False,0.8820384615384615,False
P004,2023-09-14,51,0.0,False,0.5972631528062767,False,0.8820384615384615,False
P004,2023-09-15,43,0.0,False,0.19385219284854244,False,0.4669615384615385,False
P004,2023-09-16,70,0.0,False,1.5553641827058955,False,1.867846153846154,False
P004,2023-09-17,63,0.0,False,1.202379592742878,False,1.5046538461538463,False
P004,2023-09-18,43,0.0,False,0.19385219284854244,False,0.4669615384615385,False
P004,2023-09-19,41,0.0,False,0.09299945285910888,False,0.3631923076923077,False
P004,2023-09-20,40,0.0,False,0.04257308286439209,False,0.3113076923076923,False
P004,2023-09-21,53,0.0,False,0.6981158927957103,False,0.9858076923076923,False
P004,2023-09-22,51,0.0,False,0.5972631528062767,False,0.8820384615384615,False
P004,2023-09-23,74,0.0,False,1.7570696626847626,False,2.0753846153846154,False
P004,2023-09-24,68,0.6,False,1.454511442716462,False,1.764076923076923,False
P004,2023-09-25,51,0.0,False,0.5972631528062767,False,0.8820384615384615,False
P004,2023-09-26,36,0.0,False,-0.15913239711447505,False,0.10376923076923077,False
P004,2023-09-27,52,0.4,False,0.6476895228009935,False,0.933923076923077,False
P004,2023-09-28,48,0.0,False,0.44598404282212634,False,0.7263846153846154,False
P004,2023-09-29,50,0.0,False,0.5468367828115599,False,0.8301538461538461,False
P004,2023-09-30,70,0.0,False,1.5553641827058955,False,1.867846153846154,False
P004,2023-10-01,40,0.0,False,0.04257308286439209,False,0.3113076923076923,False
P004,2023-10-02,24,0.0,False,-0.7642488370510764,False,-0.5188461538461538,False
P004,2023-10-03,27,0.0,False,-0.6129697270669261,False,-0.3631923076923077,False
P004,2023-10-04,32,0.0,False,-0.36083787709334214,False,-0.10376923076923077,False
P004,2023-10-05,32,0.0,False,-0.36083787709334214,False,-0.10376923076923077,False
P004,2023-10-06,25,0.0,False,-0.7138224670563597,False,-0.4669615384615385,False
P004,2023-10-07,40,0.0,False,0.04257308286439209,False,0.3113076923076923,False
P004,2023-10-08,41,0.0,False,0.09299945285910888,False,0.3631923076923077,False
P004,2023-10-09,29,0.0,False,-0.5121169870774925,False,-0.2594230769230769,False
P004,2023-10-10,25,0.0,False,-0.7138224670563597,False,-0.4669615384615385,False
P004,2023-10-11,24,0.0,False,-0.7642488370510764,False,-0.5188461538461538,False
P004,2023-10-12,27,0.0,False,-0.6129697270669261,False,-0.3631923076923077,False
P004,2023-10-13,30,0.0,False,-0.46169061708277576,False,-0.20753846153846153,False
P004,2023-10-14,39,0.0,False,-0.007853287130324692,False,0.2594230769230769,False
P004,2023-10-15,43,0.0,False,0.19385219284854244,False,0.4669615384615385,False
P004,2023-10-16,34,0.0,False,-0.2599851371039086,False,0.0,False
P004,2023-10-17,25,0.0,False,-0.7138224670563597,False,-0.4669615384615385,False
P004,2023-10-18,29,0.0,False,-0.5121169870774925,False,-0.2594230769230769,False
P004,2023-10-19,34,0.0,False,-0.2599851371039086,False,0.0,False
P004,2023-10-20,28,0.0,False,-0.5625433570722093,False,-0.3113076923076923,False
P004,2023-10-21,41,0.0,False,0.09299945285910888,False,0.3631923076923077,False
P004,2023-10-22,47,0.0,False,0.39555767282740956,False,0.6745,False
P004,2023-10-23,28,0.0,False,-0.5625433570722093,False,-0.3113076923076923,False
P004,2023-10-24,34,0.0,False,-0.2599851371039086,False,0.0,False
P004,2023-10-25,31,0.0,False,-0.411264247088059,False,-0.15565384615384614,False
P004,2023-10-26,28,0.0,False,-0.5625433570722093,False,-0.3113076923076923,False
P004,2023-10-27,31,0.0,False,-0.411264247088059,False,-0.15565384615384614,False
P004,2023-10-28,44,0.0,False,0.24427856284325922,False,0.5188461538461538,False
P004,2023-10-29,47,0.0,False,0.39555767282740956,False,0.6745,False
P004,2023-10-30,27,0.0,False,-0.6129697270669261,False,-0.3631923076923077,False
P004,2023-10-31,29,0.0,False,-0.5121169870774925,False,-0.2594230769230769,False
P004,2023-11-01,29,0.0,False,-0.5121169870774925,False,-0.2594230769230769,False
P004,2023-11-02,32,0.0,False,-0.36083787709334214,False,-0.10376923076923077,False
P004,2023-11-03,25,0.0,False,-0.7138224670563597,False,-0.4669615384615385,False
P004,2023-11-04,47,0.0,False,0.39555767282740956,False,0.6745,False
P004,2023-11-05,44,0.0,False,0.24427856284325922,False,0.5188461538461538,False
P004,2023-11-06,24,0.0,False,-0.7642488370510764,False,-0.5188461538461538,False
P004,2023-11-07,34,0.0,False,-0.2599851371039086,False,0.0,False
P004,2023-11-08,38,0.0,False,-0.058279657125041476,False,0.20753846153846153,False
P004,2023-11-09,32,0.0,False,-0.36083787709334214,False,-0.10376923076923077,False
P004,2023-11-10,34,0.0,False,-0.2599851371039086,False,0.0,False
P004,2023-11-11,43,0.0,False,0.19385219284854244,False,0.4669615384615385,False
P004,2023-11-12,36,0.0,False,-0.15913239711447505,False,0.10376923076923077,False
P004,2023-11-13,21,0.0,False,-0.9155279470352268,False,-0.6745,False
P004,2023-11-14,30,0.0,False,-0.46169061708277576,False,-0.20753846153846153,False
P004,2023-11-15,27,0.0,False,-0.6129697270669261,False,-0.3631923076923077,False
P004,2023-11-16,25,0.0,False,-0.7138224670563597,False,-0.4669615384615385,False
P004,2023-11-17,29,0.0,False,-0.5121169870774925,False,-0.2594230769230769,False
P004,2023-11-18,45,0.0,False,0.294704932837976,False,0.5707307692307693,False
P004,2023-11-19,36,0.0,False,-0.15913239711447505,False,0.10376923076923077,False
P004,2023-11-20,0,2.0,True,-1.9744817169242792,False,-1.764076923076923,False
P004,2023-11-21,0,2.0,True,-1.9744817169242792,False,-1.764076923076923,False
P004,2023-11-22,0,2.0,True,-1.9744817169242792,False,-1.764076923076923,False
P004,2023-11-23,0,2.0,True,-1.9744817169242792,False,-1.764076923076923,False
P004,2023-11-24,0,2.0,True,-1.9744817169242792,False,-1.764076923076923,False
P004,2023-11-25,44,0.0,False,0.24427856284325922,False,0.5188461538461538,False
P004,2023-11-26,46,0.0,False,0.3451313028326928,False,0.6226153846153846,False
P004,2023-11-27,31,0.0,False,-0.411264247088059,False,-0.15565384615384614,False
P004,2023-11-28,32,0.0,False,-0.36083787709334214,False,-0.10376923076923077,False
P004,2023-11-29,23,0.0,False,-0.8146752070457932,False,-0.5707307692307693,False
P004,2023-11-30,32,0.0,False,-0.36083787709334214,False,-0.10376923076923077,False
P004,2023-12-01,25,0.0,False,-0.7138224670563597,False,-0.4669615384615385,False
P004,2023-12-02,43,0.0,False,0.19385219284854244,False,0.4669615384615385,False
P004,2023-12-03,43,0.0,False,0.19385219284854244,False,0.4669615384615385,False
P004,2023-12-04,30,0.0,False,-0.46169061708277576,False,-0.20753846153846153,False
P004,2023-12-05,29,0.0,False,-0.5121169870774925,False,-0.2594230769230769,False
P004,2023-12-06,25,0.0,False,-0.7138224670563597,False,-0.4669615384615385,False
P004,2023-12-07,23,0.0,False,-0.8146752070457932,False,-0.5707307692307693,False
P004,2023-12-08,31,0.0,False,-0.411264247088059,False,-0.15565384615384614,False
P004,2023-12-09,42,0.0,False,0.14342582285382566,False,0.41507692307692307,False
P004,2023-12-10,46,0.0,False,0.3451313028326928,False,0.6226153846153846,False
P004,2023-12-11,28,0.0,False,-0.5625433570722093,False,-0.3113076923076923,False
P004,2023-12-12,22,0.0,False,-0.8651015770405099,False,-0.6226153846153846,False
P004,2023-12-13,31,0.0,False,-0.411264247088059,False,-0.15565384615384614,False
P004,2023-12-14,26,0.0,False,-0.6633960970616428,False,-0.41507692307692307,False
P004,2023-12-15,29,0.0,False,-0.5121169870774925,False,-0.2594230769230769,False
P004,2023-12-16,39,0.0,False,-0.007853287130324692,False,0.2594230769230769,False
P004,2023-12-17,47,0.0,False,0.39555767282740956,False,0.6745,False
P004,2023-12-18,24,0.0,False,-0.7642488370510764,False,-0.5188461538461538,False
P004,2023-12-19,26,0.0,False,-0.6633960970616428,False,-0.41507692307692307,False
P004,2023-12-20,28,0.0,False,-0.5625433570722093,False,-0.3113076923076923,False
P004,2023-12-21,23,0.0,False,-0.8146752070457932,False,-0.5707307692307693,False
P004,2023-12-22,29,0.0,False,-0.5121169870774925,False,-0.2594230769230769,False
P004,2023-12-23,47,0.0,False,0.39555767282740956,False,0.6745,False
P004,2023-12-24,39,0.0,False,-0.007853287130324692,False,0.2594230769230769,False
P004,2023-12-25,29,0.0,False,-0.5121169870774925,False,-0.2594230769230769,False
P004,2023-12-26,17,0.0,False,-1.117233427014094,False,-0.8820384615384615,False
P004,2023-12-27,27,0.0,False,-0.6129697270669261,False,-0.3631923076923077,False
P004,2023-12-28,26,0.0,False,-0.6633960970616428,False,-0.41507692307692307,False
P004,2023-12-29,24,0.0,False,-0.7642488370510764,False,-0.5188461538461538,False
P004,2023-12-30,45,0.0,False,0.294704932837976,False,0.5707307692307693,False
P004,2023-12-31,40,0.0,False,0.04257308286439209,False,0.3113076923076923,False
P004,2024-01-01,27,0.0,False,-0.6129697270669261,False,-0.3631923076923077,False
P004,2024-01-02,25,0.0,False,-0.7138224670563597,False,-0.4669615384615385,False
P004,2024-01-03,20,0.0,False,-0.9659543170299435,False,-0.7263846153846154,False
P004,2024-01-04,23,0.0,False,-0.8146752070457932,False,-0.5707307692307693,False
P004,2024-01-05,31,0.0,False,-0.411264247088059,False,-0.15565384615384614,False
P004,2024-01-06,32,0.0,False,-0.36083787709334214,False,-0.10376923076923077,False
P004,2024-01-07,38,0.0,False,-0.058279657125041476,False,0.20753846153846153,False
P004,2024-01-08,25,0.0,False,-0.7138224670563597,False,-0.4669615384615385,False
P004,2024-01-09,34,0.0,False,-0.2599851371039086,False,0.0,False
P004,2024-01-10,30,0.0,False,-0.46169061708277576,False,-0.20753846153846153,False
P004,2024-01-11,25,0.0,False,-0.7138224670563597,False,-0.4669615384615385,False
P004,2024-01-12,32,0.0,False,-0.36083787709334214,False,-0.10376923076923077,False
P004,2024-01-13,38,0.0,False,-0.058279657125041476,False,0.20753846153846153,False
P004,2024-01-14,44,0.0,False,0.24427856284325922,False,0.5188461538461538,False
P004,2024-01-15,21,0.0,False,-0.9155279470352268,False,-0.6745,False
P004,2024-01-16,31,0.0,False,-0.411264247088059,False,-0.15565384615384614,False
P004,2024-01-17,25,0.0,False,-0.7138224670563597,False,-0.4669615384615385,False
P004,2024-01-18,23,0.0,False,-0.8146752070457932,False,-0.5707307692307693,False
P004,2024-01-19,26,0.0,False,-0.6633960970616428,False,-0.41507692307692307,False
P004,2024-01-20,41,0.0,False,0.09299945285910888,False,0.3631923076923077,False
P004,2024-01-21,38,0.0,False,-0.058279657125041476,False,0.20753846153846153,False
P004,2024-01-22,29,0.0,False,-0.5121169870774925,False,-0.2594230769230769,False
P004,2024-01-23,24,0.0,False,-0.7642488370510764,False,-0.5188461538461538,False
P004,2024-01-24,29,0.0,False,-0.5121169870774925,False,-0.2594230769230769,False
P004,2024-01-25,28,0.0,False,-0.5625433570722093,False,-0.3113076923076923,False
P004,2024-01-26,26,0.0,False,-0.6633960970616428,False,-0.41507692307692307,False
P004,2024-01-27,38,0.0,False,-0.058279657125041476,False,0.20753846153846153,False
P004,2024-01-28,40,0.0,False,0.04257308286439209,False,0.3113076923076923,False
P004,2024-01-29,29,0.0,False,-0.5121169870774925,False,-0.2594230769230769,False
P004,2024-01-30,34,0.0,False,-0.2599851371039086,False,0.0,False
P004,2024-01-31,30,0.0,False,-0.46169061708277576,False,-0.20753846153846153,False
P004,2024-02-01,30,0.0,False,-0.46169061708277576,False,-0.20753846153846153,False
P004,2024-02-02,38,0.0,False,-0.058279657125041476,False,0.20753846153846153,False
P004,2024-02-03,42,0.0,False,0.14342582285382566,False,0.41507692307692307,False
P004,2024-02-04,42,0.0,False,0.14342582285382566,False,0.41507692307692307,False
P004,2024-02-05,29,0.0,False,-0.5121169870774925,False,-0.2594230769230769,False
P004,2024-02-06,22,0.0,False,-0.8651015770405099,False,-0.6226153846153846,False
P004,2024-02-07,24,0.0,False,-0.7642488370510764,False,-0.5188461538461538,False
P004,2024-02-08,24,0.0,False,-0.7642488370510764,False,-0.5188461538461538,False
P004,2024-02-09,29,0.0,False,-0.5121169870774925,False,-0.2594230769230769,False
P004,2024-02-10,39,0.0,False,-0.007853287130324692,False,0.2594230769230769,False
P004,2024-02-11,40,0.0,False,0.04257308286439209,False,0.3113076923076923,False
P004,2024-02-12,30,0.0,False,-0.46169061708277576,False,-0.20753846153846153,False
P004,2024-02-13,29,0.0,False,-0.5121169870774925,False,-0.2594230769230769,False
P004,2024-02-14,25,0.0,False,-0.7138224670563597,False,-0.4669615384615385,False
P004,2024-02-15,23,0.0,False,-0.8146752070457932,False,-0.5707307692307693,False
P004,2024-02-16,30,0.0,False,-0.46169061708277576,False,-0.20753846153846153,False
P004,2024-02-17,42,0.0,False,0.14342582285382566,False,0.41507692307692307,False
P004,2024-02-18,33,0.2,False,-0.31041150709862536,False,-0.05188461538461538,False
P004,2024-02-19,24,0.0,False,-0.7642488370510764,False,-0.5188461538461538,False
P004,2024-02-20,26,0.0,False,-0.6633960970616428,False,-0.41507692307692307,False
P004,2024-02-21,29,0.0,False,-0.5121169870774925,False,-0.2594230769230769,False
P004,2024-02-22,29,0.0,False,-0.5121169870774925,False,-0.2594230769230769,False
P004,2024-02-23,27,0.0,False,-0.6129697270669261,False,-0.3631923076923077,False
P004,2024-02-24,42,0.0,False,0.14342582285382566,False,0.41507692307692307,False
P004,2024-02-25,39,0.0,False,-0.007853287130324692,False,0.2594230769230769,False
P004,2024-02-26,23,0.0,False,-0.8146752070457932,False,-0.5707307692307693,False
P004,2024-02-27,192,105.0,True,7.707381322061343,True,8.19776923076923,True
P004,2024-02-28,25,0.0,False,-0.7138224670563597,False,-0.4669615384615385,False
P004,2024-02-29,25,0.0,False,-0.7138224670563597,False,-0.4669615384615385,False
P004,2024-03-01,18,0.0,False,-1.066807057019377,False,-0.8301538461538461,False
P004,2024-03-02,37,0.4,False,-0.10870602711975826,False,0.15565384615384614,False
P004,2024-03-03,39,0.0,False,-0.007853287130324692,False,0.2594230769230769,False
P004,2024-03-04,24,0.0,False,-0.7642488370510764,False,-0.5188461538461538,False
P004,2024-03-05,24,0.0,False,-0.7642488370510764,False,-0.5188461538461538,False
P004,2024-03-06,27,0.0,False,-0.6129697270669261,False,-0.3631923076923077,False
P004,2024-03-07,21,0.0,False,-0.9155279470352268,False,-0.6745,False
P004,2024-03-08,19,0.0,False,-1.0163806870246603,False,-0.7782692307692307,False
P004,2024-03-09,37,0.4,False,-0.10870602711975826,False,0.15565384615384614,False
P004,2024-03-10,42,0.0,False,0.14342582285382566,False,0.41507692307692307,False
P004,2024-03-11,31,0.0,False,-0.411264247088059,False,-0.15565384615384614,False
P004,2024-03-12,28,0.0,False,-0.5625433570722093,False,-0.3113076923076923,False
P004,2024-03-13,19,0.0,False,-1.0163806870246603,False,-0.7782692307692307,False
P004,2024-03-14,24,0.0,False,-0.7642488370510764,False,-0.5188461538461538,False
P004,2024-03-15,26,0.0,False,-0.6633960970616428,False,-0.41507692307692307,False
P004,2024-03-16,39,0.0,False,-0.007853287130324692,False,0.2594230769230769,False
P004,2024-03-17,40,0.0,False,0.04257308286439209,False,0.3113076923076923,False
P004,2024-03-18,21,0.0,False,-0.9155279470352268,False,-0.6745,False
P004,2024-03-19,25,0.0,False,-0.7138224670563597,False,-0.4669615384615385,False
P004,2024-03-20,26,0.0,False,-0.6633960970616428,False,-0.41507692307692307,False
P004,2024-03-21,28,0.0,False,-0.5625433570722093,False,-0.3113076923076923,False
P004,2024-03-22,21,0.0,False,-0.9155279470352268,False,-0.6745,False
P004,2024-03-23,37,0.4,False,-0.10870602711975826,False,0.15565384615384614,False
P004,2024-03-24,27,0.0,False,-0.6129697270669261,False,-0.3631923076923077,False
P004,2024-03-25,22,0.0,False,-0.8651015770405099,False,-0.6226153846153846,False
P004,2024-03-26,22,0.0,False,-0.8651015770405099,False,-0.6226153846153846,False
P004,2024-03-27,20,0.0,False,-0.9659543170299435,False,-0.7263846153846154,False
P004,2024-03-28,25,0.0,False,-0.7138224670563597,False,-0.4669615384615385,False
P004,2024-03-29,24,0.0,False,-0.7642488370510764,False,-0.5188461538461538,False
P004,2024-03-30,29,0.0,False,-0.5121169870774925,False,-0.2594230769230769,False
P004,2024-03-31,39,0.0,False,-0.007853287130324692,False,0.2594230769230769,False
P004,2024-04-01,21,0.0,False,-0.9155279470352268,False,-0.6745,False
P004,2024-04-02,26,0.0,False,-0.6633960970616428,False,-0.41507692307692307,False
P004,2024-04-03,19,0.0,False,-1.0163806870246603,False,-0.7782692307692307,False
P004,2024-04-04,24,0.0,False,-0.7642488370510764,False,-0.5188461538461538,False
P004,2024-04-05,23,0.0,False,-0.8146752070457932,False,-0.5707307692307693,False
P004,2024-04-06,39,0.0,False,-0.007853287130324692,False,0.2594230769230769,False
P004,2024-04-07,38,0.0,False,-0.058279657125041476,False,0.20753846153846153,False
P004,2024-04-08,23,0.0,False,-0.8146752070457932,False,-0.5707307692307693,False
P004,2024-04-09,18,0.0,False,-1.066807057019377,False,-0.8301538461538461,False
P004,2024-04-10,18,0.0,False,-1.066807057019377,False,-0.8301538461538461,False
P004,2024-04-11,21,0.0,False,-0.9155279470352268,False,-0.6745,False
P004,2024-04-12,24,0.0,False,-0.7642488370510764,False,-0.5188461538461538,False
P004,2024-04-13,35,0.2,False,-0.20955876710919183,False,0.05188461538461538,False
P004,2024-04-14,40,0.0,False,0.04257308286439209,False,0.3113076923076923,False
P004,2024-04-15,23,0.0,False,-0.8146752070457932,False,-0.5707307692307693,False
P004,2024-04-16,20,0.0,False,-0.9659543170299435,False,-0.7263846153846154,False
P004,2024-04-17,23,0.0,False,-0.8146752070457932,False,-0.5707307692307693,False
P004,2024-04-18,25,0.0,False,-0.7138224670563597,False,-0.4669615384615385,False
P004,2024-04-19,25,0.0,False,-0.7138224670563597,False,-0.4669615384615385,False
P004,2024-04-20,45,0.0,False,0.294704932837976,False,0.5707307692307693,False
P004,2024-04-21,34,0.0,False,-0.2599851371039086,False,0.0,False
P004,2024-04-22,23,0.0,False,-0.8146752070457932,False,-0.5707307692307693,False
P004,2024-04-23,25,0.0,False,-0.7138224670563597,False,-0.4669615384615385,False
P004,2024-04-24,23,0.0,False,-0.8146752070457932,False,-0.5707307692307693,False
P004,2024-04-25,21,0.0,False,-0.9155279470352268,False,-0.6745,False
P004,2024-04-26,18,0.0,False,-1.066807057019377,False,-0.8301538461538461,False
P004,2024-04-27,35,0.2,False,-0.20955876710919183,False,0.05188461538461538,False
P004,2024-04-28,32,0.0,False,-0.36083787709334214,False,-0.10376923076923077,False
P004,2024-04-29,16,0.0,False,-1.1676597970088107,False,-0.933923076923077,False
P004,2024-04-30,20,0.0,False,-0.9659543170299435,False,-0.7263846153846154,False
P004,2024-05-01,19,0.0,False,-1.0163806870246603,False,-0.7782692307692307,False
P004,2024-05-02,25,0.0,False,-0.7138224670563597,False,-0.4669615384615385,False
P004,2024-05-03,25,0.0,False,-0.7138224670563597,False,-0.4669615384615385,False
P004,2024-05-04,33,0.2,False,-0.31041150709862536,False,-0.05188461538461538,False
P004,2024-05-05,36,0.0,False,-0.15913239711447505,False,0.10376923076923077,False
P004,2024-05-06,16,0.0,False,-1.1676597970088107,False,-0.933923076923077,False
P004,2024-05-07,21,0.0,False,-0.9155279470352268,False,-0.6745,False
P004,2024-05-08,25,0.0,False,-0.7138224670563597,False,-0.4669615384615385,False
P004,2024-05-09,26,0.0,False,-0.6633960970616428,False,-0.41507692307692307,False
P004,2024-05-10,20,0.0,False,-0.9659543170299435,False,-0.7263846153846154,False
P004,2024-05-11,41,0.0,False,0.09299945285910888,False,0.3631923076923077,False
P004,2024-05-12,31,0.0,False,-0.411264247088059,False,-0.15565384615384614,False
P004,2024-05-13,18,0.0,False,-1.066807057019377,False,-0.8301538461538461,False
P004,2024-05-14,25,0.0,False,-0.7138224670563597,False,-0.4669615384615385,False
P004,2024-05-15,29,0.0,False,-0.5121169870774925,False,-0.2594230769230769,False
P004,2024-05-16,25,0.0,False,-0.7138224670563597,False,-0.4669615384615385,False
P004,2024-05-17,23,0.0,False,-0.8146752070457932,False,-0.5707307692307693,False
P004,2024-05-18,28,0.0,False,-0.5625433570722093,False,-0.3113076923076923,False
P004,2024-05-19,29,0.0,False,-0.5121169870774925,False,-0.2594230769230769,False
P004,2024-05-20,23,0.0,False,-0.8146752070457932,False,-0.5707307692307693,False
P004,2024-05-21,21,0.0,False,-0.9155279470352268,False,-0.6745,False
P004,2024-05-22,18,0.0,False,-1.066807057019377,False,-0.8301538461538461,False
P004,2024-05-23,23,0.0,False,-0.8146752070457932,False,-0.5707307692307693,False
P004,2024-05-24,23,0.0,False,-0.8146752070457932,False,-0.5707307692307693,False
P004,2024-05-25,40,0.0,False,0.04257308286439209,False,0.3113076923076923,False
P004,2024-05-26,36,0.0,False,-0.15913239711447505,False,0.10376923076923077,False
P004,2024-05-27,27,0.0,False,-0.6129697270669261,False,-0.3631923076923077,False
P004,2024-05-28,22,0.0,False,-0.8651015770405099,False,-0.6226153846153846,False
P004,2024-05-29,22,0.0,False,-0.8651015770405099,False,-0.6226153846153846,False
P004,2024-05-30,27,0.0,False,-0.6129697270669261,False,-0.3631923076923077,False
P004,2024-05-31,18,0.0,False,-1.066807057019377,False,-0.8301538461538461,False
P004,2024-06-01,47,0.0,False,0.39555767282740956,False,0.6745,False
P004,2024-06-02,37,0.4,False,-0.10870602711975826,False,0.15565384615384614,False
P004,2024-06-03,23,0.0,False,-0.8146752070457932,False,-0.5707307692307693,False
P004,2024-06-04,24,0.0,False,-0.7642488370510764,False,-0.5188461538461538,False
P004,2024-06-05,29,0.0,False,-0.5121169870774925,False,-0.2594230769230769,False
P004,2024-06-06,25,0.0,False,-0.7138224670563597,False,-0.4669615384615385,False
P004,2024-06-07,16,0.0,False,-1.1676597970088107,False,-0.933923076923077,False
P004,2024-06-08,41,0.0,False,0.09299945285910888,False,0.3631923076923077,False
P004,2024-06-09,34,0.0,False,-0.2599851371039086,False,0.0,False
P004,2024-06-10,22,0.0,False,-0.8651015770405099,False,-0.6226153846153846,False
P004,2024-06-11,17,0.0,False,-1.117233427014094,False,-0.8820384615384615,False
P004,2024-06-12,24,0.0,False,-0.7642488370510764,False,-0.5188461538461538,False
P004,2024-06-13,20,0.0,False,-0.9659543170299435,False,-0.7263846153846154,False
P004,2024-06-14,22,0.0,False,-0.8651015770405099,False,-0.6226153846153846,False
P004,2024-06-15,34,0.0,False,-0.2599851371039086,False,0.0,False
P004,2024-06-16,43,0.0,False,0.19385219284854244,False,0.4669615384615385,False
P004,2024-06-17,29,0.0,False,-0.5121169870774925,False,-0.2594230769230769,False
P004,2024-06-18,22,0.0,False,-0.8651015770405099,False,-0.6226153846153846,False
P004,2024-06-19,22,0.0,False,-0.8651015770405099,False,-0.6226153846153846,False
P004,2024-06-20,20,0.0,False,-0.9659543170299435,False,-0.7263846153846154,False
P004,2024-06-21,26,0.0,False,-0.6633960970616428,False,-0.41507692307692307,False
P004,2024-06-22,34,0.0,False,-0.2599851371039086,False,0.0,False
P004,2024-06-23,34,0.0,False,-0.2599851371039086,False,0.0,False
P004,2024-06-24,25,0.0,False,-0.7138224670563597,False,-0.4669615384615385,False
P004,2024-06-25,20,0.0,False,-0.9659543170299435,False,-0.7263846153846154,False
P004,2024-06-26,21,0.0,False,-0.9155279470352268,False,-0.6745,False
P004,2024-06-27,15,0.0,False,-1.2180861670035275,False,-0.9858076923076923,False
P004,2024-06-28,24,0.0,False,-0.7642488370510764,False,-0.5188461538461538,False
P004,2024-06-29,42,0.0,False,0.14342582285382566,False,0.41507692307692307,False
P004,2024-06-30,38,0.0,False,-0.058279657125041476,False,0.20753846153846153,False
P004,2024-07-01,27,0.0,False,-0.6129697270669261,False,-0.3631923076923077,False
P004,2024-07-02,18,0.0,False,-1.066807057019377,False,-0.8301538461538461,False
P004,2024-07-03,22,0.0,False,-0.8651015770405099,False,-0.6226153846153846,False
P004,2024-07-04,18,0.0,False,-1.066807057019377,False,-0.8301538461538461,False
P004,2024-07-05,20,0.0,False,-0.9659543170299435,False,-0.7263846153846154,False
P004,2024-07-06,38,0.0,False,-0.058279657125041476,False,0.20753846153846153,False
P004,2024-07-07,35,0.2,False,-0.20955876710919183,False,0.05188461538461538,False
P004,2024-07-08,16,0.0,False,-1.1676597970088107,False,-0.933923076923077,False
P004,2024-07-09,16,0.0,False,-1.1676597970088107,False,-0.933923076923077,False
P004,2024-07-10,16,0.0,False,-1.1676597970088107,False,-0.933923076923077,False
P004,2024-07-11,23,0.0,False,-0.8146752070457932,False,-0.5707307692307693,False
P004,2024-07-12,29,0.0,False,-0.5121169870774925,False,-0.2594230769230769,False
P004,2024-07-13,40,0.0,False,0.04257308286439209,False,0.3113076923076923,False
P004,2024-07-14,27,0.0,False,-0.6129697270669261,False,-0.3631923076923077,False
P004,2024-07-15,26,0.0,False,-0.6633960970616428,False,-0.41507692307692307,False
P004,2024-07-16,25,0.0,False,-0.7138224670563597,False,-0.4669615384615385,False
P004,2024-07-17,15,0.0,False,-1.2180861670035275,False,-0.9858076923076923,False
P004,2024-07-18,20,0.0,False,-0.9659543170299435,False,-0.7263846153846154,False
P004,2024-07-19,25,0.0,False,-0.7138224670563597,False,-0.4669615384615385,False
P004,2024-07-20,36,0.0,False,-0.15913239711447505,False,0.10376923076923077,False
P004,2024-07-21,29,0.0,False,-0.5121169870774925,False,-0.2594230769230769,False
P004,2024-07-22,23,0.0,False,-0.8146752070457932,False,-0.5707307692307693,False
P004,2024-07-23,12,0.8,True,-1.3693652769876778,False,-1.1414615384615385,False
P004,2024-07-24,20,0.0,False,-0.9659543170299435,False,-0.7263846153846154,False
P004,2024-07-25,25,0.0,False,-0.7138224670563597,False,-0.4669615384615385,False
P004,2024-07-26,21,0.0,False,-0.9155279470352268,False,-0.6745,False
P004,2024-07-27,32,0.0,False,-0.36083787709334214,False,-0.10376923076923077,False
P004,2024-07-28,38,0.0,False,-0.058279657125041476,False,0.20753846153846153,False
P004,2024-07-29,24,0.0,False,-0.7642488370510764,False,-0.5188461538461538,False
P004,2024-07-30,25,0.0,False,-0.7138224670563597,False,-0.4669615384615385,False
P004,2024-07-31,23,0.0,False,-0.8146752070457932,False,-0.5707307692307693,False
P004,2024-08-01,25,0.0,False,-0.7138224670563597,False,-0.4669615384615385,False
P004,2024-08-02,23,0.0,False,-0.8146752070457932,False,-0.5707307692307693,False
P004,2024-08-03,35,0.2,False,-0.20955876710919183,False,0.05188461538461538,False
P004,2024-08-04,34,0.0,False,-0.2599851371039086,False,0.0,False
P004,2024-08-05,19,0.0,False,-1.0163806870246603,False,-0.7782692307692307,False
P004,2024-08-06,16,0.0,False,-1.1676597970088107,False,-0.933923076923077,False
P004,2024-08-07,16,0.0,False,-1.1676597970088107,False,-0.933923076923077,False
P004,2024-08-08,19,0.0,False,-1.0163806870246603,False,-0.7782692307692307,False
P004,2024-08-09,21,0.0,False,-0.9155279470352268,False,-0.6745,False
P004,2024-08-10,39,0.0,False,-0.007853287130324692,False,0.2594230769230769,False
P004,2024-08-11,33,0.2,False,-0.31041150709862536,False,-0.05188461538461538,False
P004,2024-08-12,24,0.0,False,-0.7642488370510764,False,-0.5188461538461538,False
P004,2024-08-13,24,0.0,False,-0.7642488370510764,False,-0.5188461538461538,False
P004,2024-08-14,19,0.0,False,-1.0163806870246603,False,-0.7782692307692307,False
P004,2024-08-15,22,0.0,False,-0.8651015770405099,False,-0.6226153846153846,False
P004,2024-08-16,19,0.0,False,-1.0163806870246603,False,-0.7782692307692307,False
P004,2024-08-17,38,0.0,False,-0.058279657125041476,False,0.20753846153846153,False
P004,2024-08-18,36,0.0,False,-0.15913239711447505,False,0.10376923076923077,False
P004,2024-08-19,15,0.0,False,-1.2180861670035275,False,-0.9858076923076923,False
P004,2024-08-20,20,0.0,False,-0.9659543170299435,False,-0.7263846153846154,False
P004,2024-08-21,26,0.0,False,-0.6633960970616428,False,-0.41507692307692307,False
P004,2024-08-22,19,0.0,False,-1.0163806870246603,False,-0.7782692307692307,False
P004,2024-08-23,21,0.0,False,-0.9155279470352268,False,-0.6745,False
P004,2024-08-24,35,0.2,False,-0.20955876710919183,False,0.05188461538461538,False
P004,2024-08-25,29,0.0,False,-0.5121169870774925,False,-0.2594230769230769,False
P004,2024-08-26,21,0.0,False,-0.9155279470352268,False,-0.6745,False
P004,2024-08-27,14,0.0,False,-1.2685125369982442,False,-1.0376923076923077,False
P004,2024-08-28,17,0.0,False,-1.117233427014094,False,-0.8820384615384615,False
P004,2024-08-29,23,0.0,False,-0.8146752070457932,False,-0.5707307692307693,False
P004,2024-08-30,21,0.0,False,-0.9155279470352268,False,-0.6745,False
P004,2024-08-31,32,0.0,False,-0.36083787709334214,False,-0.10376923076923077,False
P004,2024-09-01,34,0.0,False,-0.2599851371039086,False,0.0,False
P004,2024-09-02,19,0.0,False,-1.0163806870246603,False,-0.7782692307692307,False
P004,2024-09-03,20,0.0,False,-0.9659543170299435,False,-0.7263846153846154,False
P004,2024-09-04,21,0.0,False,-0.9155279470352268,False,-0.6745,False
P004,2024-09-05,16,0.0,False,-1.1676597970088107,False,-0.933923076923077,False
P004,2024-09-06,20,0.0,False,-0.9659543170299435,False,-0.7263846153846154,False
P004,2024-09-07,31,0.0,False,-0.411264247088059,False,-0.15565384615384614,False
P004,2024-09-08,27,0.0,False,-0.6129697270669261,False,-0.3631923076923077,False
P004,2024-09-09,16,0.0,False,-1.1676597970088107,False,-0.933923076923077,False
P004,2024-09-10,25,0.0,False,-0.7138224670563597,False,-0.4669615384615385,False
P004,2024-09-11,20,0.0,False,-0.9659543170299435,False,-0.7263846153846154,False
P004,2024-09-12,14,0.0,False,-1.2685125369982442,False,-1.0376923076923077,False
P004,2024-09-13,13,0.0,False,-1.3189389069929611,False,-1.089576923076923,False
P004,2024-09-14,32,0.0,False,-0.36083787709334214,False,-0.10376923076923077,False
P004,2024-09-15,38,0.0,False,-0.058279657125041476,False,0.20753846153846153,False
P004,2024-09-16,18,0.0,False,-1.066807057019377,False,-0.8301538461538461,False
P004,2024-09-17,24,0.0,False,-0.7642488370510764,False,-0.5188461538461538,False
P004,2024-09-18,20,0.0,False,-0.9659543170299435,False,-0.7263846153846154,False
P004,2024-09-19,20,0.0,False,-0.9659543170299435,False,-0.7263846153846154,False
P004,2024-09-20,14,0.0,False,-1.2685125369982442,False,-1.0376923076923077,False
P004,2024-09-21,36,0.0,False,-0.15913239711447505,False,0.10376923076923077,False
P004,2024-09-22,31,0.0,False,-0.411264247088059,False,-0.15565384615384614,False
P004,2024-09-23,22,0.0,False,-0.8651015770405099,False,-0.6226153846153846,False
P004,2024-09-24,16,0.0,False,-1.1676597970088107,False,-0.933923076923077,False
P004,2024-09-25,19,0.0,False,-1.0163806870246603,False,-0.7782692307692307,False
P004,2024-09-26,20,0.0,False,-0.9659543170299435,False,-0.7263846153846154,False
P004,2024-09-27,18,0.0,False,-1.066807057019377,False,-0.8301538461538461,False
P004,2024-09-28,34,0.0,False,-0.2599851371039086,False,0.0,False
P004,2024-09-29,31,0.0,False,-0.411264247088059,False,-0.15565384615384614,False
P004,2024-09-30,16,0.0,False,-1.1676597970088107,False,-0.933923076923077,False
P004,2024-10-01,25,0.0,False,-0.7138224670563597,False,-0.4669615384615385,False
P004,2024-10-02,22,0.0,False,-0.8651015770405099,False,-0.6226153846153846,False
P004,2024-10-03,15,0.0,False,-1.2180861670035275,False,-0.9858076923076923,False
P004,2024-10-04,20,0.0,False,-0.9659543170299435,False,-0.7263846153846154,False
P004,2024-10-05,29,0.0,False,-0.5121169870774925,False,-0.2594230769230769,False
P004,2024-10-06,27,0.0,False,-0.6129697270669261,False,-0.3631923076923077,False
P004,2024-10-07,22,0.0,False,-0.8651015770405099,False,-0.6226153846153846,False
P004,2024-10-08,11,0.8,True,-1.4197916469823946,False,-1.1933461538461538,False
P004,2024-10-09,21,0.0,False,-0.9155279470352268,False,-0.6745,False
P004,2024-10-10,17,0.0,False,-1.117233427014094,False,-0.8820384615384615,False
P004,2024-10-11,17,0.0,False,-1.117233427014094,False,-0.8820384615384615,False
P004,2024-10-12,33,0.2,False,-0.31041150709862536,False,-0.05188461538461538,False
P004,2024-10-13,34,0.0,False,-0.2599851371039086,False,0.0,False
P004,2024-10-14,14,0.0,False,-1.2685125369982442,False,-1.0376923076923077,False
P004,2024-10-15,21,0.0,False,-0.9155279470352268,False,-0.6745,False
P004,2024-10-16,18,0.0,False,-1.066807057019377,False,-0.8301538461538461,False
P004,2024-10-17,13,0.0,False,-1.3189389069929611,False,-1.089576923076923,False
P004,2024-10-18,17,0.0,False,-1.117233427014094,False,-0.8820384615384615,False
P004,2024-10-19,36,0.0,False,-0.15913239711447505,False,0.10376923076923077,False
P004,2024-10-20,38,0.0,False,-0.058279657125041476,False,0.20753846153846153,False
P004,2024-10-21,20,0.0,False,-0.9659543170299435,False,-0.7263846153846154,False
P004,2024-10-22,13,0.0,False,-1.3189389069929611,False,-1.089576923076923,False
P004,2024-10-23,20,0.0,False,-0.9659543170299435,False,-0.7263846153846154,False
P004,2024-10-24,21,0.0,False,-0.9155279470352268,False,-0.6745,False
P004,2024-10-25,20,0.0,False,-0.9659543170299435,False,-0.7263846153846154,False
P004,2024-10-26,34,0.0,False,-0.2599851371039086,False,0.0,False
P004,2024-10-27,32,0.0,False,-0.36083787709334214,False,-0.10376923076923077,False
P004,2024-10-28,17,0.0,False,-1.117233427014094,False,-0.8820384615384615,False
P004,2024-10-29,15,0.0,False,-1.2180861670035275,False,-0.9858076923076923,False
P004,2024-10-30,10,1.2,True,-1.4702180169771113,False,-1.2452307692307691,False
P004,2024-10-31,19,0.0,False,-1.0163806870246603,False,-0.7782692307692307,False
P004,2024-11-01,18,0.0,False,-1.066807057019377,False,-0.8301538461538461,False
P004,2024-11-02,33,0.2,False,-0.31041150709862536,False,-0.05188461538461538,False
P004,2024-11-03,25,0.0,False,-0.7138224670563597,False,-0.4669615384615385,False
P004,2024-11-04,20,0.0,False,-0.9659543170299435,False,-0.7263846153846154,False
P004,2024-11-05,25,0.0,False,-0.7138224670563597,False,-0.4669615384615385,False
P004,2024-11-06,18,0.0,False,-1.066807057019377,False,-0.8301538461538461,False
P004,2024-11-07,17,0.0,False,-1.117233427014094,False,-0.8820384615384615,False
P004,2024-11-08,18,0.0,False,-1.066807057019377,False,-0.8301538461538461,False
P004,2024-11-09,38,0.0,False,-0.058279657125041476,False,0.20753846153846153,False
P004,2024-11-10,27,0.0,False,-0.6129697270669261,False,-0.3631923076923077,False
P004,2024-11-11,18,0.0,False,-1.066807057019377,False,-0.8301538461538461,False
P004,2024-11-12,14,0.0,False,-1.2685125369982442,False,-1.0376923076923077,False
P004,2024-11-13,15,0.0,False,-1.2180861670035275,False,-0.9858076923076923,False
P004,2024-11-14,17,0.0,False,-1.117233427014094,False,-0.8820384615384615,False
P004,2024-11-15,22,0.0,False,-0.8651015770405099,False,-0.6226153846153846,False
P004,2024-11-16,38,0.0,False,-0.058279657125041476,False,0.20753846153846153,False
P004,2024-11-17,32,0.0,False,-0.36083787709334214,False,-0.10376923076923077,False
P004,2024-11-18,15,0.0,False,-1.2180861670035275,False,-0.9858076923076923,False
P004,2024-11-19,27,0.0,False,-0.6129697270669261,False,-0.3631923076923077,False
P004,2024-11-20,15,0.0,False,-1.2180861670035275,False,-0.9858076923076923,False
P004,2024-11-21,14,0.0,False,-1.2685125369982442,False,-1.0376923076923077,False
P004,2024-11-22,10,1.2,True,-1.4702180169771113,False,-1.2452307692307691,False
P004,2024-11-23,36,0.0,False,-0.15913239711447505,False,0.10376923076923077,False
P004,2024-11-24,34,0.0,False,-0.2599851371039086,False,0.0,False
P004,2024-11-25,26,0.0,False,-0.6633960970616428,False,-0.41507692307692307,False
P004,2024-11-26,11,0.8,True,-1.4197916469823946,False,-1.1933461538461538,False
P004,2024-11-27,22,0.0,False,-0.8651015770405099,False,-0.6226153846153846,False
P004,2024-11-28,17,0.0,False,-1.117233427014094,False,-0.8820384615384615,False
P004,2024-11-29,20,0.0,False,-0.9659543170299435,False,-0.7263846153846154,False
P004,2024-11-30,23,0.0,False,-0.8146752070457932,False,-0.5707307692307693,False
P004,2024-12-01,36,0.0,False,-0.15913239711447505,False,0.10376923076923077,False
P004,2024-12-02,20,0.0,False,-0.9659543170299435,False,-0.7263846153846154,False
P004,2024-12-03,16,0.0,False,-1.1676597970088107,False,-0.933923076923077,False
P004,2024-12-04,19,0.0,False,-1.0163806870246603,False,-0.7782692307692307,False
P004,2024-12-05,13,0.0,False,-1.3189389069929611,False,-1.089576923076923,False
P004,2024-12-06,14,0.0,False,-1.2685125369982442,False,-1.0376923076923077,False
P004,2024-12-07,28,0.0,False,-0.5625433570722093,False,-0.3113076923076923,False
P004,2024-12-08,23,0.0,False,-0.8146752070457932,False,-0.5707307692307693,False
P004,2024-12-09,20,0.0,False,-0.9659543170299435,False,-0.7263846153846154,False
P004,2024-12-10,21,0.0,False,-0.9155279470352268,False,-0.6745,False
P004,2024-12-11,13,0.0,False,-1.3189389069929611,False,-1.089576923076923,False
P004,2024-12-12,18,0.0,False,-1.066807057019377,False,-0.8301538461538461,False
P004,2024-12-13,15,0.0,False,-1.2180861670035275,False,-0.9858076923076923,False
P004,2024-12-14,31,0.0,False,-0.411264247088059,False,-0.15565384615384614,False
P004,2024-12-15,27,0.0,False,-0.6129697270669261,False,-0.3631923076923077,False
P004,2024-12-16,12,0.8,True,-1.3693652769876778,False,-1.1414615384615385,False
P004,2024-12-17,20,0.0,False,-0.9659543170299435,False,-0.7263846153846154,False
P004,2024-12-18,16,0.0,False,-1.1676597970088107,False,-0.933923076923077,False
P004,2024-12-19,23,0.0,False,-0.8146752070457932,False,-0.5707307692307693,False
P004,2024-12-20,16,0.0,False,-1.1676597970088107,False,-0.933923076923077,False
P004,2024-12-21,25,0.0,False,-0.7138224670563597,False,-0.4669615384615385,False
P004,2024-12-22,34,0.0,False,-0.2599851371039086,False,0.0,False
P004,2024-12-23,18,0.0,False,-1.066807057019377,False,-0.8301538461538461,False
P004,2024-12-24,18,0.0,False,-1.066807057019377,False,-0.8301538461538461,False
P004,2024-12-25,20,0.0,False,-0.9659543170299435,False,-0.7263846153846154,False
P004,2024-12-26,13,0.0,False,-1.3189389069929611,False,-1.089576923076923,False
P004,2024-12-27,15,0.0,False,-1.2180861670035275,False,-0.9858076923076923,False
P004,2024-12-28,29,0.0,False,-0.5121169870774925,False,-0.2594230769230769,False
P004,2024-12-29,24,0.0,False,-0.7642488370510764,False,-0.5188461538461538,False
P004,2024-12-30,14,0.0,False,-1.2685125369982442,False,-1.0376923076923077,False
P004,2024-12-31,21,0.0,False,-0.9155279470352268,False,-0.6745,False
