product_id,date,sales,sales_lag_1,sales_lag_7,rolling_mean_7,day_of_week,knn_avg_distance,knn_flag
P001,2023-01-01,56,,,,6,,False
P001,2023-01-02,35,56.0,,,0,,False
P001,2023-01-03,44,35.0,,,1,,False
P001,2023-01-04,45,44.0,,,2,,False
P001,2023-01-05,30,45.0,,,3,,False
P001,2023-01-06,34,30.0,,,4,,False
P001,2023-01-07,55,34.0,,,5,,False
P001,2023-01-08,52,55.0,56.0,42.714285714285715,6,0.01115993676787827,False
P001,2023-01-09,40,52.0,35.0,42.142857142857146,0,0.01860102795710428,False
P001,2023-01-10,36,40.0,44.0,42.857142857142854,1,0.019406643908747054,False
P001,2023-01-11,44,36.0,45.0,41.714285714285715,2,0.020826693205057402,False
P001,2023-01-12,44,44.0,30.0,41.57142857142857,3,0.02319202687641466,False
P001,2023-01-13,40,44.0,34.0,43.57142857142857,4,0.01807461197173245,False
P001,2023-01-14,60,40.0,55.0,44.42857142857143,5,0.01249657946136261,False
P001,2023-01-15,56,60.0,52.0,45.142857142857146,6,0.009629014731666757,False
P001,2023-01-16,36,56.0,40.0,45.714285714285715,0,0.015833755389329334,False
P001,2023-01-17,42,36.0,36.0,45.142857142857146,1,0.01251451551832003,False
P001,2023-01-18,35,42.0,44.0,46.0,2,0.012366408465353047,False
P001,2023-01-19,45,35.0,44.0,44.714285714285715,3,0.019712221184963654,False
P001,2023-01-20,40,45.0,40.0,44.857142857142854,4,0.014818349360469569,False
P001,2023-01-21,53,40.0,60.0,44.857142857142854,5,0.01555468918056408,False
P001,2023-01-22,51,53.0,56.0,43.857142857142854,6,0.00967234912830686,False
P001,2023-01-23,46,51.0,36.0,43.142857142857146,0,0.017575285829052788,False
P001,2023-01-24,39,46.0,42.0,44.57142857142857,1,0.015503420048638788,False
P001,2023-01-25,38,39.0,35.0,44.142857142857146,2,0.015791666237847963,False
P001,2023-01-26,38,38.0,45.0,44.57142857142857,3,0.014109646756965164,False
P001,2023-01-27,43,38.0,40.0,43.57142857142857,4,0.014007651220762848,False
P001,2023-01-28,56,43.0,53.0,44.0,5,0.011995959043755833,False
P001,2023-01-29,56,56.0,51.0,44.42857142857143,6,0.011048218482198717,False
P001,2023-01-30,42,56.0,46.0,45.142857142857146,0,0.012798269226636832,False
P001,2023-01-31,51,42.0,39.0,44.57142857142857,1,0.018040234884982652,False
P001,2023-02-01,38,51.0,38.0,46.285714285714285,2,0.019374071523508476,False
P001,2023-02-02,38,38.0,38.0,46.285714285714285,3,0.013056347479079097,False
P001,2023-02-03,36,38.0,43.0,46.285714285714285,4,0.011045772930838943,False
P001,2023-02-04,57,36.0,56.0,45.285714285714285,5,0.01532958346653911,False
P001,2023-02-05,60,57.0,56.0,45.42857142857143,6,0.011987695840260307,False
P001,2023-02-06,40,60.0,42.0,46.0,0,0.01576314135184294,False
P001,2023-02-07,36,40.0,51.0,45.714285714285715,1,0.023082022765473935,False
P001,2023-02-08,36,36.0,38.0,43.57142857142857,2,0.0191761718795687,False
P001,2023-02-09,44,36.0,38.0,43.285714285714285,3,0.0169215383870092,False
P001,2023-02-10,44,44.0,36.0,44.142857142857146,4,0.012724699322573313,False
P001,2023-02-11,57,44.0,57.0,45.285714285714285,5,0.011343513710632455,False
P001,2023-02-12,51,57.0,60.0,45.285714285714285,6,0.016732449239711067,False
P001,2023-02-13,42,51.0,40.0,44.0,0,0.013105549527873897,False
P001,2023-02-14,41,42.0,36.0,44.285714285714285,1,0.013525312338880047,False
P001,2023-02-15,42,41.0,36.0,45.0,2,0.012668524017653723,False
P001,2023-02-16,45,42.0,44.0,45.857142857142854,3,0.012557914624602656,False
P001,2023-02-17,42,45.0,44.0,46.0,4,0.013618407873489582,False
P001,2023-02-18,58,42.0,57.0,45.714285714285715,5,0.010837409148223086,False
P001,2023-02-19,55,58.0,51.0,45.857142857142854,6,0.00912335487181808,False
P001,2023-02-20,42,55.0,42.0,46.42857142857143,0,0.01055507128607364,False
P001,2023-02-21,44,42.0,41.0,46.42857142857143,1,0.01062961920319508,False
P001,2023-02-22,33,44.0,42.0,46.857142857142854,2,0.014966805798748229,False
P001,2023-02-23,39,33.0,45.0,45.57142857142857,3,0.0157990919173968,False
P001,2023-02-24,38,39.0,42.0,44.714285714285715,4,0.012290693529342835,False
P001,2023-02-25,51,38.0,58.0,44.142857142857146,5,0.013141099236526866,False
P001,2023-02-26,53,51.0,55.0,43.142857142857146,6,0.010643356306788539,False
P001,2023-02-27,48,53.0,42.0,42.857142857142854,0,0.016733039014907566,False
P001,2023-02-28,36,48.0,44.0,43.714285714285715,1,0.020968786495448147,False
P001,2023-03-01,45,36.0,33.0,42.57142857142857,2,0.020034947807595627,False
P001,2023-03-02,32,45.0,39.0,44.285714285714285,3,0.013642227789194963,False
P001,2023-03-03,39,32.0,38.0,43.285714285714285,4,0.021153595419535792,False
P001,2023-03-04,55,39.0,51.0,43.42857142857143,5,0.01339213406073864,False
P001,2023-03-05,58,55.0,53.0,44.0,6,0.013169034697122706,False
P001,2023-03-06,44,58.0,48.0,44.714285714285715,0,0.013711701800604442,False
P001,2023-03-07,45,44.0,36.0,44.142857142857146,1,0.015530276549192184,False
P001,2023-03-08,39,45.0,45.0,45.42857142857143,2,0.01099596351737215,False
P001,2023-03-09,38,39.0,32.0,44.57142857142857,3,0.015422037837607963,False
P001,2023-03-10,45,38.0,39.0,45.42857142857143,4,0.011888266881773725,False
P001,2023-03-11,54,45.0,55.0,46.285714285714285,5,0.014155297206033288,False
P001,2023-03-12,48,54.0,58.0,46.142857142857146,6,0.015371236094107657,False
P001,2023-03-13,35,48.0,44.0,44.714285714285715,0,0.019571513262745085,False
P001,2023-03-14,432,35.0,45.0,43.42857142857143,1,0.835119709577628,True
P001,2023-03-15,43,432.0,39.0,98.71428571428571,2,0.8750352449666711,True
P001,2023-03-16,41,43.0,38.0,99.28571428571429,3,0.26753865632744994,True
P001,2023-03-17,44,41.0,45.0,99.71428571428571,4,0.2569259710508288,False
P001,2023-03-18,53,44.0,54.0,99.57142857142857,5,0.2577378144826976,False
P001,2023-03-19,56,53.0,48.0,99.42857142857143,6,0.2627729920807141,True
P001,2023-03-20,44,56.0,35.0,100.57142857142857,0,0.27012339465909363,True
P001,2023-03-21,39,44.0,432.0,101.85714285714286,1,0.8760096579867135,True
P001,2023-03-22,43,39.0,43.0,45.714285714285715,2,0.009536793651154795,False
P001,2023-03-23,38,43.0,41.0,45.714285714285715,3,0.013541343689895246,False
P001,2023-03-24,39,38.0,44.0,45.285714285714285,4,0.011322037582171663,False
P001,2023-03-25,53,39.0,53.0,44.57142857142857,5,0.013758942547841699,False
P001,2023-03-26,49,53.0,56.0,44.57142857142857,6,0.012692490271314322,False
P001,2023-03-27,43,49.0,44.0,43.57142857142857,0,0.01607216439900868,False
P001,2023-03-28,39,43.0,39.0,43.42857142857143,1,0.015849431701343134,False
P001,2023-03-29,41,39.0,43.0,43.42857142857143,2,0.013724621311885704,False
P001,2023-03-30,43,41.0,38.0,43.142857142857146,3,0.012568588076899385,False
P001,2023-03-31,43,43.0,39.0,43.857142857142854,4,0.011877200680458135,False
P001,2023-04-01,58,43.0,53.0,44.42857142857143,5,0.011614769837924786,False
P001,2023-04-02,54,58.0,49.0,45.142857142857146,6,0.011891355300987911,False
P001,2023-04-03,39,54.0,43.0,45.857142857142854,0,0.012452128032520073,False
P001,2023-04-04,41,39.0,39.0,45.285714285714285,1,0.008770541866869083,False
P001,2023-04-05,33,41.0,41.0,45.57142857142857,2,0.014396355226341606,False
P001,2023-04-06,34,33.0,43.0,44.42857142857143,3,0.019368384312726507,False
P001,2023-04-07,34,34.0,43.0,43.142857142857146,4,0.018880181995950644,False
P001,2023-04-08,50,34.0,58.0,41.857142857142854,5,0.019489464312438733,False
P001,2023-04-09,57,50.0,54.0,40.714285714285715,6,0.02048171025602111,False
P001,2023-04-10,36,57.0,39.0,41.142857142857146,0,0.02233732454237075,False
P001,2023-04-11,39,36.0,41.0,40.714285714285715,1,0.021098501946757168,False
P001,2023-04-12,48,39.0,33.0,40.42857142857143,2,0.027261477610402773,False
P001,2023-04-13,39,48.0,34.0,42.57142857142857,3,0.02312081251465635,False
P001,2023-04-14,45,39.0,34.0,43.285714285714285,4,0.015871010038952853,False
P001,2023-04-15,50,45.0,50.0,44.857142857142854,5,0.017065291335218852,False
P001,2023-04-16,54,50.0,57.0,44.857142857142854,6,0.013687400910060595,False
P001,2023-04-17,36,54.0,36.0,44.42857142857143,0,0.013318414312297865,False
P001,2023-04-18,39,36.0,39.0,44.42857142857143,1,0.011076153705020152,False
P001,2023-04-19,45,39.0,48.0,44.42857142857143,2,0.013161475962933,False
P001,2023-04-20,32,45.0,39.0,44.0,3,0.013981054223787908,False
P001,2023-04-21,43,32.0,45.0,43.0,4,0.02143231585446988,False
P001,2023-04-22,56,43.0,50.0,42.714285714285715,5,0.01633500208464579,False
P001,2023-04-23,52,56.0,54.0,43.57142857142857,6,0.01043179803678238,False
P001,2023-04-24,34,52.0,36.0,43.285714285714285,0,0.013927920686300657,False
P001,2023-04-25,42,34.0,39.0,43.0,1,0.015115173730085954,False
P001,2023-04-26,39,42.0,45.0,43.42857142857143,2,0.01444077880928018,False
P001,2023-04-27,42,39.0,32.0,42.57142857142857,3,0.017193611558599185,False
P001,2023-04-28,41,42.0,43.0,44.0,4,0.013434085203959247,False
P001,2023-04-29,63,41.0,56.0,43.714285714285715,5,0.01674975876997992,False
P001,2023-04-30,54,63.0,52.0,44.714285714285715,6,0.014262460594569449,False
P001,2023-05-01,36,54.0,34.0,45.0,0,0.015225758840983095,False
P001,2023-05-02,42,36.0,42.0,45.285714285714285,1,0.011640733679139847,False
P001,2023-05-03,42,42.0,39.0,45.285714285714285,2,0.008841752027182945,False
P001,2023-05-04,48,42.0,42.0,45.714285714285715,3,0.012038787217519806,False
P001,2023-05-05,45,48.0,41.0,46.57142857142857,4,0.0159495037577266,False
P001,2023-05-06,57,45.0,63.0,47.142857142857146,5,0.01186387244463652,False
P001,2023-05-07,63,57.0,54.0,46.285714285714285,6,0.01094301391137144,False
P001,2023-05-08,35,63.0,36.0,47.57142857142857,0,0.01693358917511546,False
P001,2023-05-09,38,35.0,42.0,47.42857142857143,1,0.014974055311851153,False
P001,2023-05-10,37,38.0,42.0,46.857142857142854,2,0.014504785610337306,False
P001,2023-05-11,39,37.0,48.0,46.142857142857146,3,0.012663040074051144,False
P001,2023-05-12,34,39.0,45.0,44.857142857142854,4,0.011592107347514747,False
P001,2023-05-13,58,34.0,57.0,43.285714285714285,5,0.015984195062270518,False
P001,2023-05-14,54,58.0,63.0,43.42857142857143,6,0.021969760134924503,False
P001,2023-05-15,34,54.0,35.0,42.142857142857146,0,0.01636588839355959,False
P001,2023-05-16,36,34.0,38.0,42.0,1,0.019786125918634653,False
P001,2023-05-17,43,36.0,37.0,41.714285714285715,2,0.01734422214749699,False
P001,2023-05-18,46,43.0,39.0,42.57142857142857,3,0.018096309122903297,False
P001,2023-05-19,51,46.0,34.0,43.57142857142857,4,0.019609305367671952,False
P001,2023-05-20,70,51.0,58.0,46.0,5,0.025812750237851713,False
P001,2023-05-21,57,70.0,54.0,47.714285714285715,6,0.02181694844504194,False
P001,2023-05-22,36,57.0,34.0,48.142857142857146,0,0.01937786001134566,False
P001,2023-05-23,31,36.0,36.0,48.42857142857143,1,0.029061049062733723,False
P001,2023-05-24,43,31.0,43.0,47.714285714285715,2,0.022183531652599047,False
P001,2023-05-25,37,43.0,46.0,47.714285714285715,3,0.016433300588356636,False
P001,2023-05-26,39,37.0,51.0,46.42857142857143,4,0.01547087823074556,False
P001,2023-05-27,52,39.0,70.0,44.714285714285715,5,0.030495676232157088,False
P001,2023-05-28,55,52.0,57.0,42.142857142857146,6,0.012994339845519681,False
P001,2023-05-29,47,55.0,36.0,41.857142857142854,0,0.019810776848868412,False
P001,2023-05-30,42,47.0,31.0,43.42857142857143,1,0.020452147945300002,False
P001,2023-05-31,41,42.0,43.0,45.0,2,0.008589065840114356,False
P001,2023-06-01,36,41.0,37.0,44.714285714285715,3,0.012199643005570863,False
P001,2023-06-02,33,36.0,39.0,44.57142857142857,4,0.013637777689317834,False
P001,2023-06-03,53,33.0,52.0,43.714285714285715,5,0.015375446531853559,False
P001,2023-06-04,55,53.0,55.0,43.857142857142854,6,0.011101995761930012,False
P001,2023-06-05,0,55.0,47.0,43.857142857142854,0,0.09550088118956532,False
P001,2023-06-06,0,0.0,42.0,37.142857142857146,1,0.1467190757196749,False
P001,2023-06-07,0,0.0,41.0,31.142857142857142,2,0.16944563152562378,False
P001,2023-06-08,0,0.0,36.0,25.285714285714285,3,0.19490976588297534,False
P001,2023-06-09,36,0.0,33.0,20.142857142857142,4,0.1882423941410854,False
P001,2023-06-10,51,36.0,53.0,20.571428571428573,5,0.15937283871404687,False
P001,2023-06-11,52,51.0,55.0,20.285714285714285,6,0.1576746302511704,False
P001,2023-06-12,52,52.0,0.0,19.857142857142858,0,0.18918940672443116,False
P001,2023-06-13,38,52.0,0.0,27.285714285714285,1,0.15079502076427534,False
P001,2023-06-14,46,38.0,0.0,32.714285714285715,2,0.11748241825225328,False
P001,2023-06-15,37,46.0,0.0,39.285714285714285,3,0.09355897665594494,False
P001,2023-06-16,46,37.0,36.0,44.57142857142857,4,0.013336555423999702,False
P001,2023-06-17,58,46.0,51.0,46.0,5,0.008218248191550974,False
P001,2023-06-18,55,58.0,52.0,47.0,6,0.011710699951175244,False
P001,2023-06-19,41,55.0,52.0,47.42857142857143,0,0.015481404567250282,False
P001,2023-06-20,38,41.0,38.0,45.857142857142854,1,0.013075215595839861,False
P001,2023-06-21,44,38.0,46.0,45.857142857142854,2,0.010172390224060492,False
P001,2023-06-22,39,44.0,37.0,45.57142857142857,3,0.010851114327492289,False
P001,2023-06-23,36,39.0,46.0,45.857142857142854,4,0.011271895450423428,False
P001,2023-06-24,49,36.0,58.0,44.42857142857143,5,0.016206181704206447,False
P001,2023-06-25,57,49.0,55.0,43.142857142857146,6,0.014352184633244319,False
P001,2023-06-26,50,57.0,41.0,43.42857142857143,0,0.019200040190293522,False
P001,2023-06-27,43,50.0,38.0,44.714285714285715,1,0.020349088950783596,False
P001,2023-06-28,41,43.0,44.0,45.42857142857143,2,0.007535656879953706,False
P001,2023-06-29,43,41.0,39.0,45.0,3,0.012254227783491367,False
P001,2023-06-30,48,43.0,36.0,45.57142857142857,4,0.0124466729423824,False
P001,2023-07-01,57,48.0,49.0,47.285714285714285,5,0.01048046757815128,False
P001,2023-07-02,54,57.0,57.0,48.42857142857143,6,0.014347934433326284,False
P001,2023-07-03,47,54.0,50.0,48.0,0,0.015629099133468726,False
P001,2023-07-04,44,47.0,43.0,47.57142857142857,1,0.010105964431783415,False
P001,2023-07-05,50,44.0,41.0,47.714285714285715,2,0.012524433752624348,False
P001,2023-07-06,43,50.0,43.0,49.0,3,0.01382282088496617,False
P001,2023-07-07,36,43.0,48.0,49.0,4,0.019375946958058193,False
P001,2023-07-08,49,36.0,57.0,47.285714285714285,5,0.022210483554275774,False
P001,2023-07-09,64,49.0,54.0,46.142857142857146,6,0.0212017609533767,False
P001,2023-07-10,51,64.0,47.0,47.57142857142857,0,0.01390148453204631,False
P001,2023-07-11,41,51.0,44.0,48.142857142857146,1,0.012319630620700232,False
P001,2023-07-12,40,41.0,50.0,47.714285714285715,2,0.015922000023606244,False
P001,2023-07-13,49,40.0,43.0,46.285714285714285,3,0.01246541781210268,False
P001,2023-07-14,36,49.0,36.0,47.142857142857146,4,0.025049873246178866,False
P001,2023-07-15,51,36.0,49.0,47.142857142857146,5,0.016338443967772134,False
P001,2023-07-16,59,51.0,64.0,47.42857142857143,6,0.014337731909947327,False
P001,2023-07-17,40,59.0,51.0,46.714285714285715,0,0.01710772611283132,False
P001,2023-07-18,42,40.0,41.0,45.142857142857146,1,0.009525118755122946,False
P001,2023-07-19,41,42.0,40.0,45.285714285714285,2,0.008323178829392973,False
P001,2023-07-20,44,41.0,49.0,45.42857142857143,3,0.01578005515338732,False
P001,2023-07-21,49,44.0,36.0,44.714285714285715,4,0.012117131122276772,False
P001,2023-07-22,56,49.0,51.0,46.57142857142857,5,0.010043082492962908,False
P001,2023-07-23,59,56.0,59.0,47.285714285714285,6,0.012450297931274692,False
P001,2023-07-24,32,59.0,40.0,47.285714285714285,0,0.020190902071734313,False
P001,2023-07-25,42,32.0,42.0,46.142857142857146,1,0.014570738052180138,False
P001,2023-07-26,38,42.0,41.0,46.142857142857146,2,0.01015902021671626,False
P001,2023-07-27,36,38.0,44.0,45.714285714285715,3,0.011387088486418126,False
P001,2023-07-28,38,36.0,49.0,44.57142857142857,4,0.01629249484837732,False
P001,2023-07-29,54,38.0,56.0,43.0,5,0.014692002526548781,False
P001,2023-07-30,61,54.0,59.0,42.714285714285715,6,0.017437242743861565,False
P001,2023-07-31,35,61.0,32.0,43.0,0,0.024387908915740403,False
P001,2023-08-01,42,35.0,42.0,43.42857142857143,1,0.013927433656704433,False
P001,2023-08-02,40,42.0,38.0,43.42857142857143,2,0.014361238377315583,False
P001,2023-08-03,41,40.0,36.0,43.714285714285715,3,0.012301439159402131,False
P001,2023-08-04,47,41.0,38.0,44.42857142857143,4,0.011522371537060197,False
P001,2023-08-05,59,47.0,54.0,45.714285714285715,5,0.01156076659907483,False
P001,2023-08-06,63,59.0,61.0,46.42857142857143,6,0.015176822133632282,False
P001,2023-08-07,41,63.0,35.0,46.714285714285715,0,0.014803264559340144,False
P001,2023-08-08,9999,41.0,42.0,47.57142857142857,1,26.22397911903311,True
P001,2023-08-09,41,9999.0,40.0,1470.0,2,26.739860204828837,True
P001,2023-08-10,43,41.0,41.0,1470.142857142857,3,2.8377405409064087,True
P001,2023-08-11,43,43.0,47.0,1470.4285714285713,4,2.7377217249669936,True
P001,2023-08-12,51,43.0,59.0,1469.857142857143,5,2.8361911600205105,True
P001,2023-08-13,57,51.0,63.0,1468.7142857142858,6,3.134344058774695,True
P001,2023-08-14,43,57.0,41.0,1467.857142857143,0,3.7305458921873664,True
P001,2023-08-15,55,43.0,9999.0,1468.142857142857,1,26.750590685443008,True
P001,2023-08-16,52,55.0,41.0,47.57142857142857,2,0.02328736847158595,False
P001,2023-08-17,38,52.0,43.0,49.142857142857146,3,0.019940717136895998,False
P001,2023-08-18,41,38.0,43.0,48.42857142857143,4,0.01356599694316056,False
P001,2023-08-19,49,41.0,51.0,48.142857142857146,5,0.016863870061418845,False
P001,2023-08-20,53,49.0,57.0,47.857142857142854,6,0.01328557589819917,False
P001,2023-08-21,44,53.0,43.0,47.285714285714285,0,0.013514957178897998,False
P001,2023-08-22,48,44.0,55.0,47.42857142857143,1,0.02300664783995456,False
P001,2023-08-23,39,48.0,52.0,46.42857142857143,2,0.019634440640356667,False
P001,2023-08-24,39,39.0,38.0,44.57142857142857,3,0.011691552773119092,False
P001,2023-08-25,32,39.0,41.0,44.714285714285715,4,0.013049847893828306,False
P001,2023-08-26,56,32.0,49.0,43.42857142857143,5,0.01692328224494081,False
P001,2023-08-27,51,56.0,53.0,44.42857142857143,6,0.012277211784309098,False
P001,2023-08-28,40,51.0,44.0,44.142857142857146,0,0.013572100701673992,False
P001,2023-08-29,38,40.0,48.0,43.57142857142857,1,0.020411397488038795,False
P001,2023-08-30,42,38.0,39.0,42.142857142857146,2,0.015133476914432347,False
P001,2023-08-31,34,42.0,39.0,42.57142857142857,3,0.01810059156088756,False
P001,2023-09-01,35,34.0,32.0,41.857142857142854,4,0.02886813052641175,False
P001,2023-09-02,67,35.0,56.0,42.285714285714285,5,0.027823094276539683,False
P001,2023-09-03,50,67.0,51.0,43.857142857142854,6,0.024633851821271126,False
P001,2023-09-04,37,50.0,40.0,43.714285714285715,0,0.014764448189189048,False
P001,2023-09-05,52,37.0,38.0,43.285714285714285,1,0.02368981725032938,False
P001,2023-09-06,57,52.0,42.0,45.285714285714285,2,0.02819156657882287,False
P001,2023-09-07,37,57.0,34.0,47.42857142857143,3,0.03358569043974659,False
P001,2023-09-08,41,37.0,35.0,47.857142857142854,4,0.023817174485677883,False
P001,2023-09-09,58,41.0,67.0,48.714285714285715,5,0.01878227429723549,False
P001,2023-09-10,65,58.0,50.0,47.42857142857143,6,0.01645362915316401,False
P001,2023-09-11,38,65.0,37.0,49.57142857142857,0,0.018615695495731933,False
P001,2023-09-12,41,38.0,52.0,49.714285714285715,1,0.015545088727599726,False
P001,2023-09-13,46,41.0,57.0,48.142857142857146,2,0.02202234019141771,False
P001,2023-09-14,45,46.0,37.0,46.57142857142857,3,0.015768430156167284,False
P001,2023-09-15,41,45.0,41.0,47.714285714285715,4,0.012434619749797602,False
P001,2023-09-16,56,41.0,58.0,47.714285714285715,5,0.014749440508567935,False
P001,2023-09-17,50,56.0,65.0,47.42857142857143,6,0.01967372540287097,False
P001,2023-09-18,41,50.0,38.0,45.285714285714285,0,0.016723719202938546,False
P001,2023-09-19,41,41.0,41.0,45.714285714285715,1,0.009391241980491493,False
P001,2023-09-20,44,41.0,46.0,45.714285714285715,2,0.009145615765122695,False
P001,2023-09-21,40,44.0,45.0,45.42857142857143,3,0.014714982714619148,False
P001,2023-09-22,45,40.0,41.0,44.714285714285715,4,0.011048666565903776,False
P001,2023-09-23,62,45.0,56.0,45.285714285714285,5,0.014177643821428271,False
P001,2023-09-24,57,62.0,50.0,46.142857142857146,6,0.011681321318390666,False
P001,2023-09-25,44,57.0,41.0,47.142857142857146,0,0.01133626295079352,False
P001,2023-09-26,43,44.0,41.0,47.57142857142857,1,0.01044143665322151,False
P001,2023-09-27,43,43.0,44.0,47.857142857142854,2,0.012104362312277187,False
P001,2023-09-28,39,43.0,40.0,47.714285714285715,3,0.01377763686822609,False
P001,2023-09-29,44,39.0,45.0,47.57142857142857,4,0.010395601646139327,False
P001,2023-09-30,56,44.0,62.0,47.42857142857143,5,0.010692354270268942,False
P001,2023-10-01,67,56.0,57.0,46.57142857142857,6,0.014705641237653829,False
P001,2023-10-02,51,67.0,44.0,48.0,0,0.015623609041338115,False
P001,2023-10-03,45,51.0,43.0,49.0,1,0.012911312270250417,False
P001,2023-10-04,39,45.0,43.0,49.285714285714285,2,0.012879303080266885,False
P001,2023-10-05,37,39.0,39.0,48.714285714285715,3,0.017074471857543374,False
P001,2023-10-06,49,37.0,44.0,48.42857142857143,4,0.013716179243679178,False
P001,2023-10-07,58,49.0,56.0,49.142857142857146,5,0.009300623025528507,False
P001,2023-10-08,59,58.0,67.0,49.42857142857143,6,0.01724759469358016,False
P001,2023-10-09,34,59.0,51.0,48.285714285714285,0,0.016635432517588793,False
P001,2023-10-10,47,34.0,45.0,45.857142857142854,1,0.018498462966524666,False
P001,2023-10-11,45,47.0,39.0,46.142857142857146,2,0.013670754330355448,False
P001,2023-10-12,37,45.0,37.0,47.0,3,0.012690610227558036,False
P001,2023-10-13,40,37.0,49.0,47.0,4,0.01373313513967869,False
P001,2023-10-14,58,40.0,58.0,45.714285714285715,5,0.011854074470872247,False
P001,2023-10-15,57,58.0,59.0,45.714285714285715,6,0.014399518129859776,False
P001,2023-10-16,41,57.0,34.0,45.42857142857143,0,0.01825903026014517,False
P001,2023-10-17,42,41.0,47.0,46.42857142857143,1,0.014843565943641664,False
P001,2023-10-18,42,42.0,45.0,45.714285714285715,2,0.008004374177805505,False
P001,2023-10-19,44,42.0,37.0,45.285714285714285,3,0.012977226531958486,False
P001,2023-10-20,50,44.0,40.0,46.285714285714285,4,0.013678326882294612,False
P001,2023-10-21,44,50.0,58.0,47.714285714285715,5,0.021911781745400656,False
P001,2023-10-22,56,44.0,57.0,45.714285714285715,6,0.020008825919085,False
P001,2023-10-23,44,56.0,41.0,45.57142857142857,0,0.011805360801255948,False
P001,2023-10-24,44,44.0,42.0,46.0,1,0.010477053433289437,False
P001,2023-10-25,41,44.0,42.0,46.285714285714285,2,0.00928459987150374,False
P001,2023-10-26,34,41.0,44.0,46.142857142857146,3,0.01318189251519282,False
P001,2023-10-27,45,34.0,50.0,44.714285714285715,4,0.0205875726678582,False
P001,2023-10-28,66,45.0,44.0,44.0,5,0.03010549561468583,False
P001,2023-10-29,49,66.0,56.0,47.142857142857146,6,0.024849005437764315,False
P001,2023-10-30,47,49.0,44.0,46.142857142857146,0,0.019238867203939067,False
P001,2023-10-31,41,47.0,44.0,46.57142857142857,1,0.012496987515950856,False
P001,2023-11-01,43,41.0,41.0,46.142857142857146,2,0.009537582005491938,False
P001,2023-11-02,38,43.0,34.0,46.42857142857143,3,0.012105470619332509,False
P001,2023-11-03,41,38.0,45.0,47.0,4,0.010010125538365167,False
P001,2023-11-04,64,41.0,66.0,46.42857142857143,5,0.017300237882989372,False
P001,2023-11-05,60,64.0,49.0,46.142857142857146,6,0.01700324246663524,False
P001,2023-11-06,52,60.0,47.0,47.714285714285715,0,0.01294489894250427,False
P001,2023-11-07,49,52.0,41.0,48.42857142857143,1,0.014049487173642248,False
P001,2023-11-08,45,49.0,43.0,49.57142857142857,2,0.013696401332793285,False
P001,2023-11-09,52,45.0,38.0,49.857142857142854,3,0.01451379287470951,False
P001,2023-11-10,45,52.0,41.0,51.857142857142854,4,0.0132041068385113,False
P001,2023-11-11,61,45.0,64.0,52.42857142857143,5,0.01843408500380691,False
P001,2023-11-12,56,61.0,60.0,52.0,6,0.01432239926441117,False
P001,2023-11-13,43,56.0,52.0,51.42857142857143,0,0.016853701397947084,False
P001,2023-11-14,40,43.0,49.0,50.142857142857146,1,0.010547114380115161,False
P001,2023-11-15,48,40.0,45.0,48.857142857142854,2,0.010815605825213374,False
P001,2023-11-16,37,48.0,52.0,49.285714285714285,3,0.014104812972896725,False
P001,2023-11-17,47,37.0,45.0,47.142857142857146,4,0.012674295814868269,False
P001,2023-11-18,56,47.0,61.0,47.42857142857143,5,0.00999907252861313,False
P001,2023-11-19,63,56.0,56.0,46.714285714285715,6,0.010534907293291696,False
P001,2023-11-20,47,63.0,43.0,47.714285714285715,0,0.013278890413259803,False
P001,2023-11-21,52,47.0,40.0,48.285714285714285,1,0.012639992684192016,False
P001,2023-11-22,47,52.0,48.0,50.0,2,0.015316157585499316,False
P001,2023-11-23,35,47.0,37.0,49.857142857142854,3,0.021699779510481403,False
P001,2023-11-24,43,35.0,47.0,49.57142857142857,4,0.018807254135604863,False
P001,2023-11-25,51,43.0,56.0,49.0,5,0.016575712151825538,False
P001,2023-11-26,55,51.0,63.0,48.285714285714285,6,0.012543274291757847,False
P001,2023-11-27,51,55.0,47.0,47.142857142857146,0,0.015312387640467407,False
P001,2023-11-28,46,51.0,52.0,47.714285714285715,1,0.02188525129788923,False
P001,2023-11-29,40,46.0,47.0,46.857142857142854,2,0.01431816775162057,False
P001,2023-11-30,38,40.0,35.0,45.857142857142854,3,0.011196042231600704,False
P001,2023-12-01,44,38.0,43.0,46.285714285714285,4,0.010919609237536465,False
P001,2023-12-02,51,44.0,51.0,46.42857142857143,5,0.012263988724211802,False
P001,2023-12-03,54,51.0,55.0,46.42857142857143,6,0.014948224114523673,False
P001,2023-12-04,45,54.0,51.0,46.285714285714285,0,0.015682754808187628,False
P001,2023-12-05,49,45.0,46.0,45.42857142857143,1,0.013364162575538038,False
P001,2023-12-06,46,49.0,40.0,45.857142857142854,2,0.015236944466371864,False
P001,2023-12-07,32,46.0,38.0,46.714285714285715,3,0.01688803490830613,False
P001,2023-12-08,45,32.0,44.0,45.857142857142854,4,0.019065920177702676,False
P001,2023-12-09,58,45.0,51.0,46.0,5,0.009315845303381757,False
P001,2023-12-10,59,58.0,54.0,47.0,6,0.010193951696391434,False
P001,2023-12-11,52,59.0,45.0,47.714285714285715,0,0.012486283744280801,False
P001,2023-12-12,33,52.0,49.0,48.714285714285715,1,0.023350654861111948,False
P001,2023-12-13,41,33.0,46.0,46.42857142857143,2,0.016548403670219924,False
P001,2023-12-14,46,41.0,32.0,45.714285714285715,3,0.01934392964848989,False
P001,2023-12-15,36,46.0,45.0,47.714285714285715,4,0.018464831644585632,False
P001,2023-12-16,65,36.0,58.0,46.42857142857143,5,0.023129193130560933,False
P001,2023-12-17,59,65.0,59.0,47.42857142857143,6,0.020532996107076117,False
P001,2023-12-18,48,59.0,52.0,47.42857142857143,0,0.017893104343815486,False
P001,2023-12-19,41,48.0,33.0,46.857142857142854,1,0.024086365686114185,False
P001,2023-12-20,48,41.0,41.0,48.0,2,0.012224347284251704,False
P001,2023-12-21,49,48.0,46.0,49.0,3,0.01575466226364787,False
P001,2023-12-22,45,49.0,36.0,49.42857142857143,4,0.016927233078218397,False
P001,2023-12-23,59,45.0,65.0,50.714285714285715,5,0.015251484253668282,False
P001,2023-12-24,59,59.0,59.0,49.857142857142854,6,0.013775514738830794,False
P001,2023-12-25,39,59.0,48.0,49.857142857142854,0,0.0138890707862054,False
P001,2023-12-26,43,39.0,41.0,48.57142857142857,1,0.013627847089466077,False
P001,2023-12-27,43,43.0,48.0,48.857142857142854,2,0.014050290349101963,False
P001,2023-12-28,46,43.0,49.0,48.142857142857146,3,0.015922114928946542,False
P001,2023-12-29,49,46.0,45.0,47.714285714285715,4,0.01217736226342144,False
P001,2023-12-30,52,49.0,59.0,48.285714285714285,5,0.013460841576105078,False
P001,2023-12-31,57,52.0,59.0,47.285714285714285,6,0.01419130675190435,False
P001,2024-01-01,51,57.0,39.0,47.0,0,0.018328649273189255,False
P001,2024-01-02,40,51.0,43.0,48.714285714285715,1,0.012886428177570871,False
P001,2024-01-03,40,40.0,43.0,48.285714285714285,2,0.014581951189871475,False
P001,2024-01-04,45,40.0,46.0,47.857142857142854,3,0.014803158170339175,False
P001,2024-01-05,48,45.0,49.0,47.714285714285715,4,0.012574282064319741,False
P001,2024-01-06,58,48.0,52.0,47.57142857142857,5,0.010668265907977065,False
P001,2024-01-07,64,58.0,57.0,48.42857142857143,6,0.010037333232815025,False
P001,2024-01-08,48,64.0,51.0,49.42857142857143,0,0.016936907546929416,False
P001,2024-01-09,48,48.0,40.0,49.0,1,0.012911481873565615,False
P001,2024-01-10,47,48.0,40.0,50.142857142857146,2,0.014013957263799948,False
P001,2024-01-11,55,47.0,45.0,51.142857142857146,3,0.01908869491883795,False
P001,2024-01-12,43,55.0,48.0,52.57142857142857,4,0.017333297740774235,False
P001,2024-01-13,48,43.0,58.0,51.857142857142854,5,0.020499579772474012,False
P001,2024-01-14,66,48.0,64.0,50.42857142857143,6,0.026632991658782395,False
P001,2024-01-15,42,66.0,48.0,50.714285714285715,0,0.015018647709641888,False
P001,2024-01-16,44,42.0,48.0,49.857142857142854,1,0.010015173742632716,False
P001,2024-01-17,50,44.0,47.0,49.285714285714285,2,0.010319727514828934,False
P001,2024-01-18,36,50.0,55.0,49.714285714285715,3,0.018309582443969692,False
P001,2024-01-19,38,36.0,43.0,47.0,4,0.012627671748282818,False
P001,2024-01-20,50,38.0,48.0,46.285714285714285,5,0.014908393897802828,False
P001,2024-01-21,54,50.0,66.0,46.57142857142857,6,0.01879798119447666,False
P001,2024-01-22,46,54.0,42.0,44.857142857142854,0,0.013983148173167353,False
P001,2024-01-23,46,46.0,44.0,45.42857142857143,1,0.010208008786247304,False
P001,2024-01-24,45,46.0,50.0,45.714285714285715,2,0.016444124530450067,False
P001,2024-01-25,37,45.0,36.0,45.0,3,0.012406038735494632,False
P001,2024-01-26,32,37.0,38.0,45.142857142857146,4,0.015242985854109345,False
P001,2024-01-27,58,32.0,50.0,44.285714285714285,5,0.017383837856211146,False
P001,2024-01-28,56,58.0,54.0,45.42857142857143,6,0.010782552301129032,False
P001,2024-01-29,46,56.0,46.0,45.714285714285715,0,0.01218934881994383,False
P001,2024-01-30,47,46.0,46.0,45.714285714285715,1,0.010783926144507728,False
P001,2024-01-31,45,47.0,45.0,45.857142857142854,2,0.014660967212863783,False
P001,2024-02-01,48,45.0,37.0,45.857142857142854,3,0.014003185165199914,False
P001,2024-02-02,45,48.0,32.0,47.42857142857143,4,0.019937199599216953,False
P001,2024-02-03,61,45.0,58.0,49.285714285714285,5,0.012348974074704745,False
P001,2024-02-04,54,61.0,56.0,49.714285714285715,6,0.016004056799576262,False
P001,2024-02-05,43,54.0,46.0,49.42857142857143,0,0.01730989760013851,False
P001,2024-02-06,45,43.0,47.0,49.0,1,0.010698377887457353,False
P001,2024-02-07,48,45.0,45.0,48.714285714285715,2,0.009203615785669137,False
P001,2024-02-08,42,48.0,48.0,49.142857142857146,3,0.010832157555712625,False
P001,2024-02-09,47,42.0,45.0,48.285714285714285,4,0.012511815586590497,False
P001,2024-02-10,57,47.0,61.0,48.57142857142857,5,0.009471979390427045,False
P001,2024-02-11,57,57.0,54.0,48.0,6,0.011256006183106371,False
P001,2024-02-12,48,57.0,43.0,48.42857142857143,0,0.013810891762097866,False
P001,2024-02-13,34,48.0,45.0,49.142857142857146,1,0.017644421896797147,False
P001,2024-02-14,38,34.0,48.0,47.57142857142857,2,0.019255698941128226,False
P001,2024-02-15,37,38.0,42.0,46.142857142857146,3,0.011753789915738484,False
P001,2024-02-16,32,37.0,47.0,45.42857142857143,4,0.015073606771811496,False
P001,2024-02-17,55,32.0,57.0,43.285714285714285,5,0.015615722457883249,False
P001,2024-02-18,62,55.0,57.0,43.0,6,0.017050913911999435,False
P001,2024-02-19,43,62.0,48.0,43.714285714285715,0,0.02114299375384023,False
P001,2024-02-20,45,43.0,34.0,43.0,1,0.01730189059458149,False
P001,2024-02-21,50,45.0,38.0,44.57142857142857,2,0.02188254991306037,False
P001,2024-02-22,51,50.0,37.0,46.285714285714285,3,0.01929166514586155,False
P001,2024-02-23,44,51.0,32.0,48.285714285714285,4,0.02054757933482413,False
P001,2024-02-24,65,44.0,55.0,50.0,5,0.011699271129686007,False
P001,2024-02-25,59,65.0,62.0,51.42857142857143,6,0.012595170683003995,False
P001,2024-02-26,40,59.0,43.0,51.0,0,0.016793589006368008,False
P001,2024-02-27,41,40.0,45.0,50.57142857142857,1,0.014911605587459197,False
P001,2024-02-28,37,41.0,50.0,50.0,2,0.01758623522009753,False
P001,2024-02-29,40,37.0,51.0,48.142857142857146,3,0.016691766655198306,False
P001,2024-03-01,42,40.0,44.0,46.57142857142857,4,0.009248975911617182,False
P001,2024-03-02,62,42.0,65.0,46.285714285714285,5,0.014074259824975344,False
P001,2024-03-03,67,62.0,59.0,45.857142857142854,6,0.019063282422029294,False
P001,2024-03-04,37,67.0,40.0,47.0,0,0.018655575501491762,False
P001,2024-03-05,46,37.0,41.0,46.57142857142857,1,0.014608751782739909,False
P001,2024-03-06,39,46.0,37.0,47.285714285714285,2,0.014704105770465891,False
P001,2024-03-07,47,39.0,40.0,47.57142857142857,3,0.015528742980938471,False
P001,2024-03-08,44,47.0,42.0,48.57142857142857,4,0.010430671785592436,False
P001,2024-03-09,49,44.0,62.0,48.857142857142854,5,0.016707928577983942,False
P001,2024-03-10,63,49.0,67.0,47.0,6,0.022070327137575934,False
P001,2024-03-11,41,63.0,37.0,46.42857142857143,0,0.013916828278722287,False
P001,2024-03-12,42,41.0,46.0,47.0,1,0.013669807596911682,False
P001,2024-03-13,39,42.0,39.0,46.42857142857143,2,0.010298989497517152,False
P001,2024-03-14,41,39.0,47.0,46.42857142857143,3,0.013168716949286851,False
P001,2024-03-15,47,41.0,44.0,45.57142857142857,4,0.013231348929799843,False
P001,2024-03-16,57,47.0,49.0,46.0,5,0.009169152457420697,False
P001,2024-03-17,60,57.0,63.0,47.142857142857146,6,0.015269272076447538,False
P001,2024-03-18,46,60.0,41.0,46.714285714285715,0,0.013050591359395037,False
P001,2024-03-19,51,46.0,42.0,47.42857142857143,1,0.012479013491560777,False
P001,2024-03-20,43,51.0,39.0,48.714285714285715,2,0.017245700329998483,False
P001,2024-03-21,37,43.0,41.0,49.285714285714285,3,0.015259483774977711,False
P001,2024-03-22,50,37.0,47.0,48.714285714285715,4,0.01608193367367181,False
P001,2024-03-23,57,50.0,57.0,49.142857142857146,5,0.009989446197401691,False
P001,2024-03-24,64,57.0,60.0,49.142857142857146,6,0.01111925624307795,False
P001,2024-03-25,46,64.0,46.0,49.714285714285715,0,0.009957687225621114,False
P001,2024-03-26,44,46.0,51.0,49.714285714285715,1,0.012752988077319113,False
P001,2024-03-27,46,44.0,43.0,48.714285714285715,2,0.009804293789756214,False
P001,2024-03-28,54,46.0,37.0,49.142857142857146,3,0.016017625269112403,False
P001,2024-03-29,55,54.0,50.0,51.57142857142857,4,0.026453595633701466,False
P001,2024-03-30,59,55.0,57.0,52.285714285714285,5,0.020283009158920035,False
P001,2024-03-31,59,59.0,64.0,52.57142857142857,6,0.013205121765075,False
P001,2024-04-01,50,59.0,46.0,51.857142857142854,0,0.015305095305925515,False
P001,2024-04-02,40,50.0,44.0,52.42857142857143,1,0.016741608996923167,False
P001,2024-04-03,46,40.0,46.0,51.857142857142854,2,0.016580008316790344,False
P001,2024-04-04,44,46.0,54.0,51.857142857142854,3,0.022356242937239784,False
P001,2024-04-05,46,44.0,55.0,50.42857142857143,4,0.01604338806218154,False
P001,2024-04-06,54,46.0,59.0,49.142857142857146,5,0.01125725369524706,False
P001,2024-04-07,51,54.0,59.0,48.42857142857143,6,0.016546681543141907,False
P001,2024-04-08,34,51.0,50.0,47.285714285714285,0,0.019604774208864043,False
P001,2024-04-09,39,34.0,40.0,45.0,1,0.011592096845253393,False
P001,2024-04-10,42,39.0,46.0,44.857142857142854,2,0.010026881396858723,False
P001,2024-04-11,43,42.0,44.0,44.285714285714285,3,0.014725371393201953,False
P001,2024-04-12,54,43.0,46.0,44.142857142857146,4,0.026231553807644036,False
P001,2024-04-13,64,54.0,54.0,45.285714285714285,5,0.024122959932100004,False
P001,2024-04-14,54,64.0,51.0,46.714285714285715,6,0.015267738196767628,False
P001,2024-04-15,46,54.0,34.0,47.142857142857146,0,0.018998110428967173,False
P001,2024-04-16,43,46.0,39.0,48.857142857142854,1,0.013740351214548979,False
P001,2024-04-17,43,43.0,42.0,49.42857142857143,2,0.012078733389205603,False
P001,2024-04-18,46,43.0,43.0,49.57142857142857,3,0.016023281219953084,False
P001,2024-04-19,48,46.0,54.0,50.0,4,0.015320835280111545,False
P001,2024-04-20,57,48.0,64.0,49.142857142857146,5,0.013764602607150053,False
P001,2024-04-21,64,57.0,54.0,48.142857142857146,6,0.010633466362029803,False
P001,2024-04-22,39,64.0,46.0,49.57142857142857,0,0.014086791671204699,False
P001,2024-04-23,45,39.0,43.0,48.57142857142857,1,0.013961967893091506,False
P001,2024-04-24,58,45.0,43.0,48.857142857142854,2,0.024150410441349312,False
P001,2024-04-25,46,58.0,46.0,51.0,3,0.023186802510135385,False
P001,2024-04-26,52,46.0,48.0,51.0,4,0.017064908578026325,False
P001,2024-04-27,59,52.0,57.0,51.57142857142857,5,0.016007393642536626,False
P001,2024-04-28,62,59.0,64.0,51.857142857142854,6,0.013526539646805908,False
P001,2024-04-29,45,62.0,39.0,51.57142857142857,0,0.019921402672275202,False
P001,2024-04-30,44,45.0,45.0,52.42857142857143,1,0.019428775861164833,False
P001,2024-05-01,41,44.0,58.0,52.285714285714285,2,0.026798309092761714,False
P001,2024-05-02,47,41.0,46.0,49.857142857142854,3,0.013394653662047238,False
P001,2024-05-03,41,47.0,52.0,50.0,4,0.019080165154922942,False
P001,2024-05-04,62,41.0,59.0,48.42857142857143,5,0.014069164646330776,False
P001,2024-05-05,64,62.0,62.0,48.857142857142854,6,0.015604361820974683,False
P001,2024-05-06,47,64.0,45.0,49.142857142857146,0,0.010902626171725271,False
P001,2024-05-07,43,47.0,44.0,49.42857142857143,1,0.011257215078240486,False
P001,2024-05-08,47,43.0,41.0,49.285714285714285,2,0.011356703885624956,False
P001,2024-05-09,43,47.0,47.0,50.142857142857146,3,0.012216196721861458,False
P001,2024-05-10,50,43.0,41.0,49.57142857142857,4,0.014701097794180837,False
P001,2024-05-11,50,50.0,62.0,50.857142857142854,5,0.01999766228817638,False
P001,2024-05-12,57,50.0,64.0,49.142857142857146,6,0.013878381347983559,False
P001,2024-05-13,35,57.0,47.0,48.142857142857146,0,0.014654254945881528,False
P001,2024-05-14,38,35.0,43.0,46.42857142857143,1,0.013259799819013934,False
P001,2024-05-15,52,38.0,47.0,45.714285714285715,2,0.020289141013405187,False
P001,2024-05-16,49,52.0,43.0,46.42857142857143,3,0.019238169992949118,False
P001,2024-05-17,41,49.0,50.0,47.285714285714285,4,0.020096939528980562,False
P001,2024-05-18,52,41.0,50.0,46.0,5,0.012963543445131029,False
P001,2024-05-19,44,52.0,57.0,46.285714285714285,6,0.02151386233776268,False
P001,2024-05-20,42,44.0,35.0,44.42857142857143,0,0.023806359856980777,False
P001,2024-05-21,57,42.0,38.0,45.42857142857143,1,0.02357300315190585,False
P001,2024-05-22,47,57.0,52.0,48.142857142857146,2,0.027503931554246085,False
P001,2024-05-23,42,47.0,49.0,47.42857142857143,3,0.01621295401583491,False
P001,2024-05-24,47,42.0,41.0,46.42857142857143,4,0.012837408420427038,False
P001,2024-05-25,51,47.0,52.0,47.285714285714285,5,0.01538506550298469,False
P001,2024-05-26,58,51.0,44.0,47.142857142857146,6,0.029963099606686333,False
P001,2024-05-27,46,58.0,42.0,49.142857142857146,0,0.014310649202024388,False
P001,2024-05-28,45,46.0,57.0,49.714285714285715,1,0.020288745530896702,False
P001,2024-05-29,49,45.0,47.0,48.0,2,0.011290864384937904,False
P001,2024-05-30,47,49.0,42.0,48.285714285714285,3,0.015160155341379994,False
P001,2024-05-31,49,47.0,47.0,49.0,4,0.01161463986121398,False
P001,2024-06-01,56,49.0,51.0,49.285714285714285,5,0.013780015787950082,False
P001,2024-06-02,64,56.0,58.0,50.0,6,0.013082004683829414,False
P001,2024-06-03,53,64.0,46.0,50.857142857142854,0,0.016731362653271138,False
P001,2024-06-04,40,53.0,45.0,51.857142857142854,1,0.01573758383325074,False
P001,2024-06-05,41,40.0,49.0,51.142857142857146,2,0.015357242142518652,False
P001,2024-06-06,52,41.0,47.0,50.0,3,0.01583726165596452,False
P001,2024-06-07,44,52.0,49.0,50.714285714285715,4,0.01492212010110435,False
P001,2024-06-08,66,44.0,56.0,50.0,5,0.01248289704010309,False
P001,2024-06-09,57,66.0,64.0,51.42857142857143,6,0.012526940218460448,False
P001,2024-06-10,53,57.0,53.0,50.42857142857143,0,0.019557078408654872,False
P001,2024-06-11,46,53.0,40.0,50.42857142857143,1,0.015979926536587582,False
P001,2024-06-12,47,46.0,41.0,51.285714285714285,2,0.01577259394606164,False
P001,2024-06-13,53,47.0,52.0,52.142857142857146,3,0.018188758235377626,False
P001,2024-06-14,43,53.0,44.0,52.285714285714285,4,0.012107284733991286,False
P001,2024-06-15,55,43.0,66.0,52.142857142857146,5,0.019855555361009327,False
P001,2024-06-16,57,55.0,57.0,50.57142857142857,6,0.015190345345624695,False
P001,2024-06-17,48,57.0,53.0,50.57142857142857,0,0.015584086396300443,False
P001,2024-06-18,38,48.0,46.0,49.857142857142854,1,0.014903014099986105,False
P001,2024-06-19,49,38.0,47.0,48.714285714285715,2,0.011260634706946635,False
P001,2024-06-20,43,49.0,53.0,49.0,3,0.014472823463932125,False
P001,2024-06-21,51,43.0,43.0,47.57142857142857,4,0.013486898066422535,False
P001,2024-06-22,47,51.0,55.0,48.714285714285715,5,0.017544710631270295,False
P001,2024-06-23,55,47.0,57.0,47.57142857142857,6,0.013974780992027614,False
P001,2024-06-24,37,55.0,48.0,47.285714285714285,0,0.013739719657789118,False
P001,2024-06-25,41,37.0,38.0,45.714285714285715,1,0.009944696918470072,False
P001,2024-06-26,47,41.0,49.0,46.142857142857146,2,0.01369390958488571,False
P001,2024-06-27,45,47.0,43.0,45.857142857142854,3,0.016235689715307665,False
P001,2024-06-28,44,45.0,51.0,46.142857142857146,4,0.01804522150044077,False
P001,2024-06-29,59,44.0,47.0,45.142857142857146,5,0.0153105380860867,False
P001,2024-06-30,60,59.0,55.0,46.857142857142854,6,0.010419436428135427,False
P001,2024-07-01,40,60.0,37.0,47.57142857142857,0,0.014442165074668622,False
P001,2024-07-02,490,40.0,41.0,48.0,1,0.9576132754093646,True
P001,2024-07-03,49,490.0,47.0,112.14285714285714,2,1.015992057346772,True
P001,2024-07-04,47,49.0,45.0,112.42857142857143,3,0.33424512696175857,True
P001,2024-07-05,48,47.0,44.0,112.71428571428571,4,0.32732587457311807,True
P001,2024-07-06,61,48.0,59.0,113.28571428571429,5,0.3323618186165146,True
P001,2024-07-07,70,61.0,60.0,113.57142857142857,6,0.33762207803177136,True
P001,2024-07-08,45,70.0,40.0,115.0,0,0.3482085389511814,True
P001,2024-07-09,44,45.0,490.0,115.71428571428571,1,1.0186793255631745,True
P001,2024-07-10,42,44.0,49.0,52.0,2,0.016850502159930277,False
P001,2024-07-11,40,42.0,47.0,51.0,3,0.019637796193784144,False
P001,2024-07-12,39,40.0,48.0,50.0,4,0.0191246244014522,False
P001,2024-07-13,55,39.0,61.0,48.714285714285715,5,0.016536732569108266,False
P001,2024-07-14,59,55.0,70.0,47.857142857142854,6,0.02025420978095073,False
P001,2024-07-15,47,59.0,45.0,46.285714285714285,0,0.013843147226480293,False
P001,2024-07-16,46,47.0,44.0,46.57142857142857,1,0.010265005628218988,False
P001,2024-07-17,42,46.0,42.0,46.857142857142854,2,0.01206746248411186,False
P001,2024-07-18,50,42.0,40.0,46.857142857142854,3,0.013504593589167646,False
P001,2024-07-19,49,50.0,39.0,48.285714285714285,4,0.017371418985006888,False
P001,2024-07-20,59,49.0,55.0,49.714285714285715,5,0.010454316961080328,False
P001,2024-07-21,56,59.0,59.0,50.285714285714285,6,0.012441436430256518,False
P001,2024-07-22,48,56.0,47.0,49.857142857142854,0,0.013557593623184778,False
P001,2024-07-23,47,48.0,46.0,50.0,1,0.013776699619809906,False
P001,2024-07-24,38,47.0,42.0,50.142857142857146,2,0.01466154829732862,False
P001,2024-07-25,45,38.0,50.0,49.57142857142857,3,0.014652352936668712,False
P001,2024-07-26,47,45.0,49.0,48.857142857142854,4,0.011366985698839207,False
P001,2024-07-27,55,47.0,59.0,48.57142857142857,5,0.008992517157011628,False
P001,2024-07-28,61,55.0,56.0,48.0,6,0.010431368821675393,False
P001,2024-07-29,38,61.0,48.0,48.714285714285715,0,0.013796521789318197,False
P001,2024-07-30,52,38.0,47.0,47.285714285714285,1,0.023275989923277434,False
P001,2024-07-31,52,52.0,38.0,48.0,2,0.02154626988819843,False
P001,2024-08-01,45,52.0,45.0,50.0,3,0.01398273849769902,False
P001,2024-08-02,48,45.0,47.0,50.0,4,0.012587009353090945,False
P001,2024-08-03,48,48.0,55.0,50.142857142857146,5,0.01686637192086782,False
P001,2024-08-04,54,48.0,61.0,49.142857142857146,6,0.01488104358250959,False
P001,2024-08-05,44,54.0,38.0,48.142857142857146,0,0.014288920092706109,False
P001,2024-08-06,40,44.0,52.0,49.0,1,0.013507042660014536,False
P001,2024-08-07,49,40.0,52.0,47.285714285714285,2,0.016952799289384146,False
P001,2024-08-08,56,49.0,45.0,46.857142857142854,3,0.02218132703788652,False
P001,2024-08-09,40,56.0,48.0,48.42857142857143,4,0.023182575415692363,False
P001,2024-08-10,56,40.0,48.0,47.285714285714285,5,0.01800526513157767,False
P001,2024-08-11,61,56.0,54.0,48.42857142857143,6,0.010447162958364804,False
P001,2024-08-12,54,61.0,44.0,49.42857142857143,0,0.015225653204704787,False
P001,2024-08-13,40,54.0,40.0,50.857142857142854,1,0.01781099648147036,False
P001,2024-08-14,47,40.0,49.0,50.857142857142854,2,0.01411118883405595,False
P001,2024-08-15,55,47.0,56.0,50.57142857142857,3,0.024765725002704936,False
P001,2024-08-16,38,55.0,40.0,50.42857142857143,4,0.019124680822017383,False
P001,2024-08-17,54,38.0,56.0,50.142857142857146,5,0.01920739771408092,False
P001,2024-08-18,58,54.0,61.0,49.857142857142854,6,0.014869223534795495,False
P001,2024-08-19,43,58.0,54.0,49.42857142857143,0,0.01812492149453557,False
P001,2024-08-20,50,43.0,40.0,47.857142857142854,1,0.014466986506864565,False
P001,2024-08-21,47,50.0,47.0,49.285714285714285,2,0.01257946095194407,False
P001,2024-08-22,37,47.0,55.0,49.285714285714285,3,0.016395076520785,False
P001,2024-08-23,49,37.0,38.0,46.714285714285715,4,0.01756104088154859,False
P001,2024-08-24,57,49.0,54.0,48.285714285714285,5,0.010050881275410314,False
P001,2024-08-25,66,57.0,58.0,48.714285714285715,6,0.010233147103260577,False
P001,2024-08-26,43,66.0,43.0,49.857142857142854,0,0.013788018050926559,False
P001,2024-08-27,43,43.0,50.0,49.857142857142854,1,0.009492463088218444,False
P001,2024-08-28,49,43.0,47.0,48.857142857142854,2,0.008642101832631493,False
P001,2024-08-29,50,49.0,37.0,49.142857142857146,3,0.01596218252906942,False
P001,2024-08-30,48,50.0,49.0,51.0,4,0.014929968327133194,False
P001,2024-08-31,52,48.0,57.0,50.857142857142854,5,0.01630885586571883,False
P001,2024-09-03,47,,43.0,,1,,False
P001,2024-09-04,39,47.0,49.0,,2,,False
P001,2024-09-05,48,39.0,50.0,,3,,False
P001,2024-09-06,42,48.0,48.0,,4,,False
P001,2024-09-07,54,42.0,52.0,,5,,False
P001,2024-09-08,64,54.0,,,6,,False
P001,2024-09-09,47,64.0,,,0,,False
P001,2024-09-10,43,47.0,47.0,48.714285714285715,1,0.012046752221140395,False
P001,2024-09-11,53,43.0,39.0,48.142857142857146,2,0.016652123190569402,False
P001,2024-09-12,44,53.0,48.0,50.142857142857146,3,0.013991884098071377,False
P001,2024-09-13,46,44.0,42.0,49.57142857142857,4,0.01035491979553625,False
P001,2024-09-14,62,46.0,54.0,50.142857142857146,5,0.012656332698821392,False
P001,2024-09-15,57,62.0,64.0,51.285714285714285,6,0.01109680703051615,False
P001,2024-09-16,49,57.0,47.0,50.285714285714285,0,0.013613850995272991,False
P001,2024-09-17,44,49.0,43.0,50.57142857142857,1,0.013505824981106942,False
P001,2024-09-18,44,44.0,53.0,50.714285714285715,2,0.017416215806626036,False
P001,2024-09-19,53,44.0,44.0,49.42857142857143,3,0.013704749683101678,False
P001,2024-09-20,41,53.0,46.0,50.714285714285715,4,0.013063063581630535,False
P001,2024-09-21,48,41.0,62.0,50.0,5,0.01895129279730588,False
P001,2024-09-22,68,48.0,57.0,48.0,6,0.02423563935911929,False
P001,2024-09-23,59,68.0,49.0,49.57142857142857,0,0.026555920719812644,False
P001,2024-09-24,44,59.0,44.0,51.0,1,0.02195903726826935,False
P001,2024-09-25,37,44.0,44.0,51.0,2,0.016570937416915732,False
P001,2024-09-26,45,37.0,53.0,50.0,3,0.01791874585904663,False
P001,2024-09-27,45,45.0,41.0,48.857142857142854,4,0.008952991704587026,False
P001,2024-09-28,59,45.0,48.0,49.42857142857143,5,0.018718023203144106,False
P001,2024-09-29,55,59.0,68.0,51.0,6,0.01633164116621579,False
P001,2024-09-30,49,55.0,59.0,49.142857142857146,0,0.023157228043986074,False
P001,2024-10-01,49,49.0,44.0,47.714285714285715,1,0.013146297615151292,False
P001,2024-10-02,39,49.0,37.0,48.42857142857143,2,0.016163002598595207,False
P001,2024-10-03,50,39.0,45.0,48.714285714285715,3,0.015023333584626564,False
P001,2024-10-04,57,50.0,45.0,49.42857142857143,4,0.024597217526174598,False
P001,2024-10-05,61,57.0,59.0,51.142857142857146,5,0.021356089443380057,False
P001,2024-10-06,59,61.0,55.0,51.42857142857143,6,0.017271657460160218,False
P001,2024-10-07,46,59.0,49.0,52.0,0,0.01570308895836795,False
P001,2024-10-08,50,46.0,49.0,51.57142857142857,1,0.020756150211668663,False
P001,2024-10-09,38,50.0,39.0,51.714285714285715,2,0.022400377454592984,False
P001,2024-10-10,47,38.0,50.0,51.57142857142857,3,0.018550432131739736,False
P001,2024-10-11,45,47.0,57.0,51.142857142857146,4,0.018900522751682552,False
P001,2024-10-12,70,45.0,61.0,49.42857142857143,5,0.020660532180560652,False
P001,2024-10-13,60,70.0,59.0,50.714285714285715,6,0.02335230242801526,False
P001,2024-10-14,55,60.0,46.0,50.857142857142854,0,0.015912609832786605,False
P001,2024-10-15,41,55.0,50.0,52.142857142857146,1,0.023030301188510134,False
P001,2024-10-16,49,41.0,38.0,50.857142857142854,2,0.019612321127887664,False
P001,2024-10-17,48,49.0,47.0,52.42857142857143,3,0.02083623298039045,False
P001,2024-10-18,42,48.0,45.0,52.57142857142857,4,0.015925331468900555,False
P001,2024-10-19,61,42.0,70.0,52.142857142857146,5,0.022903516226020305,False
P001,2024-10-20,67,61.0,60.0,50.857142857142854,6,0.017984618364497437,False
P001,2024-10-21,45,67.0,55.0,51.857142857142854,0,0.026228292144670474,False
P001,2024-10-22,38,45.0,41.0,50.42857142857143,1,0.01823054326406299,False
P001,2024-10-23,47,38.0,49.0,50.0,2,0.013121033775383959,False
P001,2024-10-24,42,47.0,48.0,49.714285714285715,3,0.011555498178588443,False
P001,2024-10-25,45,42.0,42.0,48.857142857142854,4,0.010496454797812688,False
P001,2024-10-26,60,45.0,61.0,49.285714285714285,5,0.011672552431113963,False
P001,2024-10-27,52,60.0,67.0,49.142857142857146,6,0.019319437367965566,False
P001,2024-10-28,39,52.0,45.0,47.0,0,0.014460700858886502,False
P001,2024-10-29,49,39.0,38.0,46.142857142857146,1,0.016974649633578396,False
P001,2024-10-30,44,49.0,47.0,47.714285714285715,2,0.015774102553234158,False
P001,2024-10-31,34,44.0,42.0,47.285714285714285,3,0.014285811440100677,False
P001,2024-11-01,53,34.0,45.0,46.142857142857146,4,0.021744622469987783,False
P001,2024-11-02,66,53.0,60.0,47.285714285714285,5,0.023946768089790363,False
P001,2024-11-03,62,66.0,52.0,48.142857142857146,6,0.02071067331874562,False
P001,2024-11-04,47,62.0,39.0,49.57142857142857,0,0.016494760422759696,False
P001,2024-11-05,60,47.0,49.0,50.714285714285715,1,0.03449645181398191,False
P001,2024-11-06,59,60.0,44.0,52.285714285714285,2,0.04408841805758866,False
P001,2024-11-07,72,59.0,34.0,54.42857142857143,3,0.07258614370383862,False
P001,2024-11-08,63,72.0,53.0,59.857142857142854,4,0.09130372131445967,False
P001,2024-11-09,79,63.0,66.0,61.285714285714285,5,0.09229165964857036,False
P001,2024-11-10,78,79.0,62.0,63.142857142857146,6,0.1005742935055122,False
P001,2024-11-11,71,78.0,47.0,65.42857142857143,0,0.11464628046249312,False
P001,2024-11-12,72,71.0,60.0,68.85714285714286,1,0.1437651745160799,False
P001,2024-11-13,76,72.0,59.0,70.57142857142857,2,0.16405269600650904,False
P001,2024-11-14,69,76.0,72.0,73.0,3,0.17876391379458398,False
P001,2024-11-15,45,69.0,63.0,72.57142857142857,4,0.14823138584940118,False
P001,2024-11-16,58,45.0,79.0,70.0,5,0.12788077334765405,False
P001,2024-11-17,65,58.0,78.0,67.0,6,0.10867525629836199,False
P001,2024-11-18,54,65.0,71.0,65.14285714285714,0,0.10830390987825486,False
P001,2024-11-19,45,54.0,72.0,62.714285714285715,1,0.10217809951536547,False
P001,2024-11-20,45,45.0,76.0,58.857142857142854,2,0.08520240593112918,False
P001,2024-11-21,48,45.0,69.0,54.42857142857143,3,0.050983172149164,False
P001,2024-11-22,46,48.0,45.0,51.42857142857143,4,0.01473601061014658,False
P001,2024-11-23,66,46.0,58.0,51.57142857142857,5,0.016049330781185485,False
P001,2024-11-24,50,66.0,65.0,52.714285714285715,6,0.024014673265516727,False
P001,2024-11-25,43,50.0,54.0,50.57142857142857,0,0.023142829845701055,False
P001,2024-11-26,43,43.0,45.0,49.0,1,0.010995136926530594,False
P001,2024-11-27,35,43.0,45.0,48.714285714285715,2,0.016545460447916206,False
P001,2024-11-28,42,35.0,48.0,47.285714285714285,3,0.014560898472143188,False
P001,2024-11-29,42,42.0,46.0,46.42857142857143,4,0.0114642579090577,False
P001,2024-11-30,60,42.0,66.0,45.857142857142854,5,0.015249867540135516,False
P001,2024-12-01,67,60.0,50.0,45.0,6,0.02226359353996226,False
P001,2024-12-02,46,67.0,43.0,47.42857142857143,0,0.01592906968053174,False
P001,2024-12-03,42,46.0,43.0,47.857142857142854,1,0.009996348915335053,False
P001,2024-12-04,47,42.0,35.0,47.714285714285715,2,0.019247515040704436,False
P001,2024-12-05,52,47.0,42.0,49.42857142857143,3,0.013367557385770445,False
P001,2024-12-06,42,52.0,42.0,50.857142857142854,4,0.010457171519564242,False
P001,2024-12-07,57,42.0,60.0,50.857142857142854,5,0.01648878870326017,False
P001,2024-12-08,64,57.0,67.0,50.42857142857143,6,0.018487444822444653,False
P001,2024-12-09,46,64.0,46.0,50.0,0,0.01019567892074569,False
P001,2024-12-10,50,46.0,42.0,50.0,1,0.014180313893930341,False
P001,2024-12-11,47,50.0,47.0,51.142857142857146,2,0.01603726733186251,False
P001,2024-12-12,51,47.0,52.0,51.142857142857146,3,0.017113073468913477,False
P001,2024-12-13,42,51.0,42.0,51.0,4,0.010856445152439017,False
P001,2024-12-14,61,42.0,57.0,51.0,5,0.014924973796579954,False
P001,2024-12-15,60,61.0,64.0,51.57142857142857,6,0.010746952316306516,False
P001,2024-12-16,41,60.0,46.0,51.0,0,0.014162384907786485,False
P001,2024-12-17,39,41.0,50.0,50.285714285714285,1,0.01185352986649851,False
P001,2024-12-18,51,39.0,47.0,48.714285714285715,2,0.011551634769486252,False
P001,2024-12-19,45,51.0,51.0,49.285714285714285,3,0.013660043486479454,False
P001,2024-12-20,42,45.0,42.0,48.42857142857143,4,0.009712988199620713,False
P001,2024-12-21,61,42.0,61.0,48.42857142857143,5,0.012593845290510126,False
P001,2024-12-22,67,61.0,60.0,48.42857142857143,6,0.01371655008318276,False
P001,2024-12-23,36,67.0,41.0,49.42857142857143,0,0.018073272440743485,False
P001,2024-12-24,40,36.0,39.0,48.714285714285715,1,0.01751016825293883,False
P001,2024-12-25,43,40.0,51.0,48.857142857142854,2,0.014996854009539012,False
P001,2024-12-26,55,43.0,45.0,47.714285714285715,3,0.017896588133600892,False
P001,2024-12-27,49,55.0,42.0,49.142857142857146,4,0.02298424076509237,False
P001,2024-12-28,65,49.0,61.0,50.142857142857146,5,0.017821506772916516,False
P001,2024-12-29,56,65.0,67.0,50.714285714285715,6,0.014801534644602793,False
P001,2024-12-30,42,56.0,36.0,49.142857142857146,0,0.017289116377390105,False
P001,2024-12-31,50,42.0,40.0,50.0,1,0.01703947304187541,False
P002,2023-01-01,34,,,,6,,False
P002,2023-01-02,27,34.0,,,0,,False
P002,2023-01-03,24,27.0,,,1,,False
P002,2023-01-04,26,24.0,,,2,,False
P002,2023-01-05,26,26.0,,,3,,False
P002,2023-01-06,28,26.0,,,4,,False
P002,2023-01-07,37,28.0,,,5,,False
P002,2023-01-08,27,37.0,34.0,28.857142857142858,6,0.001781241860330984,False
P002,2023-01-09,16,27.0,27.0,27.857142857142858,0,0.003216535626493774,False
P002,2023-01-10,29,16.0,24.0,26.285714285714285,1,0.0034365193071493895,False
P002,2023-01-11,30,29.0,26.0,27.0,2,0.001758803679476004,False
P002,2023-01-12,21,30.0,26.0,27.571428571428573,3,0.0020454068198075023,False
P002,2023-01-13,18,21.0,28.0,26.857142857142858,4,0.0028689684985288575,False
P002,2023-01-14,34,18.0,37.0,25.428571428571427,5,0.003448192279230159,False
P002,2023-01-15,38,34.0,27.0,25.0,6,0.0033901533221172182,False
P002,2023-01-16,32,38.0,16.0,26.571428571428573,0,0.0031991705196241526,False
P002,2023-01-17,27,32.0,29.0,28.857142857142858,1,0.0014402032649536542,False
P002,2023-01-18,24,27.0,30.0,28.571428571428573,2,0.0014249198371692271,False
P002,2023-01-19,22,24.0,21.0,27.714285714285715,3,0.0018397840268151492,False
P002,2023-01-20,25,22.0,18.0,27.857142857142858,4,0.0024372242427020624,False
P002,2023-01-21,33,25.0,34.0,28.857142857142858,5,0.0013277804243707237,False
P002,2023-01-22,30,33.0,38.0,28.714285714285715,6,0.0019113692807767205,False
P002,2023-01-23,34,30.0,32.0,27.571428571428573,0,0.002269306632309531,False
P002,2023-01-24,33,34.0,27.0,27.857142857142858,1,0.0023013037396776856,False
P002,2023-01-25,30,33.0,24.0,28.714285714285715,2,0.0013973656213107691,False
P002,2023-01-26,22,30.0,22.0,29.571428571428573,3,0.0016389801001364369,False
P002,2023-01-27,29,22.0,25.0,29.571428571428573,4,0.0013765323755914097,False
P002,2023-01-28,37,29.0,33.0,30.142857142857142,5,0.0017300106100848836,False
P002,2023-01-29,36,37.0,30.0,30.714285714285715,6,0.001746121307662692,False
P002,2023-01-30,31,36.0,34.0,31.571428571428573,0,0.0020483725830414898,False
P002,2023-01-31,28,31.0,33.0,31.142857142857142,1,0.0015620109948020894,False
P002,2023-02-01,29,28.0,30.0,30.428571428571427,2,0.0013446899471683195,False
P002,2023-02-02,28,29.0,22.0,30.285714285714285,3,0.0017340299492267799,False
P002,2023-02-03,27,28.0,29.0,31.142857142857142,4,0.0013984448544192489,False
P002,2023-02-04,27,27.0,37.0,30.857142857142858,5,0.0019732368646708893,False
P002,2023-02-05,35,27.0,36.0,29.428571428571427,6,0.0019982774233846994,False
P002,2023-02-06,23,35.0,31.0,29.285714285714285,0,0.00175191936121711,False
P002,2023-02-07,21,23.0,28.0,28.142857142857142,1,0.00228310693311884,False
P002,2023-02-08,32,21.0,29.0,27.142857142857142,2,0.002101262958674715,False
P002,2023-02-09,33,32.0,28.0,27.571428571428573,3,0.002024237720151363,False
P002,2023-02-10,31,33.0,27.0,28.285714285714285,4,0.0022419850147389346,False
P002,2023-02-11,36,31.0,27.0,28.857142857142858,5,0.0020944244918562624,False
P002,2023-02-12,40,36.0,35.0,30.142857142857142,6,0.0013754818481014224,False
P002,2023-02-13,26,40.0,23.0,30.857142857142858,0,0.0019835562934414812,False
P002,2023-02-14,27,26.0,21.0,31.285714285714285,1,0.0025494683389909755,False
P002,2023-02-15,22,27.0,32.0,32.142857142857146,2,0.0018630234121291716,False
P002,2023-02-16,28,22.0,33.0,30.714285714285715,3,0.0016295024358166487,False
P002,2023-02-17,26,28.0,31.0,30.0,4,0.0014717403118133872,False
P002,2023-02-18,29,26.0,36.0,29.285714285714285,5,0.0013270780700411686,False
P002,2023-02-19,35,29.0,40.0,28.285714285714285,6,0.001961109000354875,False
P002,2023-02-20,26,35.0,26.0,27.571428571428573,0,0.0018387903223094138,False
P002,2023-02-21,33,26.0,27.0,27.571428571428573,1,0.0017272061121003709,False
P002,2023-02-22,30,33.0,22.0,28.428571428571427,2,0.0013400840352023563,False
P002,2023-02-23,26,30.0,28.0,29.571428571428573,3,0.0016799690340569104,False
P002,2023-02-24,27,26.0,26.0,29.285714285714285,4,0.0009422507458524436,False
P002,2023-02-25,35,27.0,29.0,29.428571428571427,5,0.001664388599319026,False
P002,2023-02-26,34,35.0,35.0,30.285714285714285,6,0.001566312286156364,False
P002,2023-02-27,22,34.0,26.0,30.142857142857142,0,0.001750087025444685,False
P002,2023-02-28,26,22.0,33.0,29.571428571428573,1,0.0020880107875853446,False
P002,2023-03-01,23,26.0,30.0,28.571428571428573,2,0.0014170507968709982,False
P002,2023-03-02,21,23.0,26.0,27.571428571428573,3,0.0017286882102263436,False
P002,2023-03-03,28,21.0,27.0,26.857142857142858,4,0.0015777152839686211,False
P002,2023-03-04,37,28.0,35.0,27.0,5,0.0016172999591828794,False
P002,2023-03-05,28,37.0,34.0,27.285714285714285,6,0.0019440385770648117,False
P002,2023-03-06,26,28.0,22.0,26.428571428571427,0,0.0026615792998658863,False
P002,2023-03-07,30,26.0,26.0,27.0,1,0.0014329444888356976,False
P002,2023-03-08,31,30.0,23.0,27.571428571428573,2,0.0012375111145581995,False
P002,2023-03-09,30,31.0,21.0,28.714285714285715,3,0.0018852152533562886,False
P002,2023-03-10,27,30.0,28.0,30.0,4,0.0010705409231194177,False
P002,2023-03-11,32,27.0,37.0,29.857142857142858,5,0.0014271459152735662,False
P002,2023-03-12,31,32.0,28.0,29.142857142857142,6,0.0022658323729262083,False
P002,2023-03-13,28,31.0,26.0,29.571428571428573,0,0.0016281183960199519,False
P002,2023-03-14,28,28.0,30.0,29.857142857142858,1,0.0013109463372761442,False
P002,2023-03-15,32,28.0,31.0,29.571428571428573,2,0.001820453685174891,False
P002,2023-03-16,31,32.0,30.0,29.714285714285715,3,0.0016990592808498101,False
P002,2023-03-17,26,31.0,27.0,29.857142857142858,4,0.001222310640672996,False
P002,2023-03-18,30,26.0,32.0,29.714285714285715,5,0.0015465645397128,False
P002,2023-03-19,34,30.0,31.0,29.428571428571427,6,0.0018458946149364607,False
P002,2023-03-20,27,34.0,28.0,29.857142857142858,0,0.001443136803877109,False
P002,2023-03-21,26,27.0,28.0,29.714285714285715,1,0.0014437819119789215,False
P002,2023-03-22,24,26.0,32.0,29.428571428571427,2,0.0014490951501868446,False
P002,2023-03-23,28,24.0,31.0,28.285714285714285,3,0.0020079481984465923,False
P002,2023-03-24,25,28.0,26.0,27.857142857142858,4,0.0013461797314192688,False
P002,2023-03-25,33,25.0,30.0,27.714285714285715,5,0.001488980455390316,False
P002,2023-03-26,37,33.0,34.0,28.142857142857142,6,0.00148590525848962,False
P002,2023-03-27,25,37.0,27.0,28.571428571428573,0,0.0015212747231710677,False
P002,2023-03-28,28,25.0,26.0,28.285714285714285,1,0.0014259298425933254,False
P002,2023-03-29,28,28.0,24.0,28.571428571428573,2,0.0016219716793641245,False
P002,2023-03-30,22,28.0,28.0,29.142857142857142,3,0.001634019687566797,False
P002,2023-03-31,25,22.0,25.0,28.285714285714285,4,0.0012995136692976156,False
P002,2023-04-01,41,25.0,33.0,28.285714285714285,5,0.0018398018658904408,False
P002,2023-04-02,31,41.0,37.0,29.428571428571427,6,0.001528953593731197,False
P002,2023-04-03,18,31.0,25.0,28.571428571428573,0,0.0024043111597159073,False
P002,2023-04-04,19,18.0,28.0,27.571428571428573,1,0.0029189866183840073,False
P002,2023-04-05,27,19.0,28.0,26.285714285714285,2,0.0024363523201245503,False
P002,2023-04-06,27,27.0,22.0,26.142857142857142,3,0.002425844948820249,False
P002,2023-04-07,26,27.0,25.0,26.857142857142858,4,0.0017328332768422668,False
P002,2023-04-08,41,26.0,41.0,27.0,5,0.0022567789574426587,False
P002,2023-04-09,25,41.0,31.0,27.0,6,0.002792186199456171,False
P002,2023-04-10,29,25.0,18.0,26.142857142857142,0,0.0034565550993191307,False
P002,2023-04-11,33,29.0,19.0,27.714285714285715,1,0.002607753897147606,False
P002,2023-04-12,23,33.0,27.0,29.714285714285715,2,0.001745493860804119,False
P002,2023-04-13,26,23.0,27.0,29.142857142857142,3,0.001766412012347739,False
P002,2023-04-14,24,26.0,26.0,29.0,4,0.0011001797655377226,False
P002,2023-04-15,32,24.0,41.0,28.714285714285715,5,0.0018834821394077372,False
P002,2023-04-16,35,32.0,25.0,27.428571428571427,6,0.0025069433612149783,False
P002,2023-04-17,33,35.0,29.0,28.857142857142858,0,0.001483872542567203,False
P002,2023-04-18,34,33.0,33.0,29.428571428571427,1,0.0022935696094701693,False
P002,2023-04-19,26,34.0,23.0,29.571428571428573,2,0.0017562733421621255,False
P002,2023-04-20,35,26.0,26.0,30.0,3,0.002150477314152644,False
P002,2023-04-21,27,35.0,24.0,31.285714285714285,4,0.0014191252012416185,False
P002,2023-04-22,43,27.0,32.0,31.714285714285715,5,0.0021712117908389466,False
P002,2023-04-23,36,43.0,35.0,33.285714285714285,6,0.001702111550086411,False
P002,2023-04-24,28,36.0,33.0,33.42857142857143,0,0.0015677316222098996,False
P002,2023-04-25,29,28.0,34.0,32.714285714285715,1,0.0015252399498491141,False
P002,2023-04-26,40,29.0,26.0,32.0,2,0.002830530317150921,False
P002,2023-04-27,31,40.0,35.0,34.0,3,0.0021261794970259575,False
P002,2023-04-28,25,31.0,27.0,33.42857142857143,4,0.0017269007512599418,False
P002,2023-04-29,40,25.0,43.0,33.142857142857146,5,0.0016052847777263638,False
P002,2023-04-30,35,40.0,36.0,32.714285714285715,6,0.001846549551656208,False
P002,2023-05-01,25,35.0,28.0,32.57142857142857,0,0.0015840201076370564,False
P002,2023-05-02,31,25.0,29.0,32.142857142857146,1,0.0013658971388296518,False
P002,2023-05-03,28,31.0,40.0,32.42857142857143,2,0.002493424965464347,False
P002,2023-05-04,29,28.0,31.0,30.714285714285715,3,0.001397545845082626,False
P002,2023-05-05,28,29.0,25.0,30.428571428571427,4,0.0012416165974733166,False
P002,2023-05-06,38,28.0,40.0,30.857142857142858,5,0.0017825812319215116,False
P002,2023-05-07,38,38.0,35.0,30.571428571428573,6,0.001085001446252065,False
P002,2023-05-08,20,38.0,25.0,31.0,0,0.002143583862265861,False
P002,2023-05-09,30,20.0,31.0,30.285714285714285,1,0.00201522674106904,False
P002,2023-05-10,24,30.0,28.0,30.142857142857142,2,0.001457465046399339,False
P002,2023-05-11,22,24.0,29.0,29.571428571428573,3,0.0017370807751219922,False
P002,2023-05-12,27,22.0,28.0,28.571428571428573,4,0.0011393853076166703,False
P002,2023-05-13,37,27.0,38.0,28.428571428571427,5,0.001223259206030838,False
P002,2023-05-14,34,37.0,38.0,28.285714285714285,6,0.001443909771737669,False
P002,2023-05-15,31,34.0,20.0,27.714285714285715,0,0.0023157080862474346,False
P002,2023-05-16,22,31.0,30.0,29.285714285714285,1,0.0018929952991447977,False
P002,2023-05-17,26,22.0,24.0,28.142857142857142,2,0.0022802422954523297,False
P002,2023-05-18,25,26.0,22.0,28.428571428571427,3,0.001763598228276777,False
P002,2023-05-19,28,25.0,27.0,28.857142857142858,4,0.0010640765636618355,False
P002,2023-05-20,38,28.0,37.0,29.0,5,0.00123509316185613,False
P002,2023-05-21,33,38.0,34.0,29.142857142857142,6,0.0013189524985146416,False
P002,2023-05-22,31,33.0,31.0,29.0,0,0.001417737576369162,False
P002,2023-05-23,28,31.0,22.0,29.0,1,0.0021092882953495005,False
P002,2023-05-24,20,28.0,26.0,29.857142857142858,2,0.0018554288505333437,False
P002,2023-05-25,20,20.0,25.0,29.0,3,0.00177995805838447,False
P002,2023-05-26,28,20.0,28.0,28.285714285714285,4,0.0013033093492941764,False
P002,2023-05-27,36,28.0,38.0,28.285714285714285,5,0.0012754505528195632,False
P002,2023-05-28,36,36.0,33.0,28.0,6,0.001520272400905823,False
P002,2023-05-29,28,36.0,31.0,28.428571428571427,0,0.0014389543427572615,False
P002,2023-05-30,29,28.0,28.0,28.0,1,0.0013230540557602425,False
P002,2023-05-31,32,29.0,20.0,28.142857142857142,2,0.0015042123542137612,False
P002,2023-06-01,24,32.0,20.0,29.857142857142858,3,0.0016107624014044257,False
P002,2023-06-02,23,24.0,28.0,30.428571428571427,4,0.0016455753327571817,False
P002,2023-06-03,32,23.0,36.0,29.714285714285715,5,0.0014213979087176487,False
P002,2023-06-04,38,32.0,36.0,29.142857142857142,6,0.0015959214862078061,False
P002,2023-06-05,33,38.0,28.0,29.428571428571427,0,0.0017669242375947976,False
P002,2023-06-06,26,33.0,29.0,30.142857142857142,1,0.001493415003438272,False
P002,2023-06-07,18,26.0,32.0,29.714285714285715,2,0.002038976691025448,False
P002,2023-06-08,21,18.0,24.0,27.714285714285715,3,0.002076989729940767,False
P002,2023-06-09,25,21.0,23.0,27.285714285714285,4,0.0016291907407673001,False
P002,2023-06-10,35,25.0,32.0,27.571428571428573,5,0.0014821087510526834,False
P002,2023-06-11,35,35.0,38.0,28.0,6,0.00144165476812546,False
P002,2023-06-12,28,35.0,33.0,27.571428571428573,0,0.001842933497709183,False
P002,2023-06-13,27,28.0,26.0,26.857142857142858,1,0.0016187338517612033,False
P002,2023-06-14,32,27.0,18.0,27.0,2,0.002154738598283271,False
P002,2023-06-15,26,32.0,21.0,29.0,3,0.0014330033044279264,False
P002,2023-06-16,25,26.0,25.0,29.714285714285715,4,0.0011185808640822449,False
P002,2023-06-17,39,25.0,35.0,29.714285714285715,5,0.0014035701099672738,False
P002,2023-06-18,31,39.0,35.0,30.285714285714285,6,0.0013942906831963646,False
P002,2023-06-19,30,31.0,28.0,29.714285714285715,0,0.0014520927907844701,False
P002,2023-06-20,29,30.0,27.0,30.0,1,0.0013608947015854174,False
P002,2023-06-21,28,29.0,32.0,30.285714285714285,2,0.001325284146328475,False
P002,2023-06-22,35,28.0,26.0,29.714285714285715,3,0.001973725939317013,False
P002,2023-06-23,26,35.0,25.0,31.0,4,0.0013751084847735354,False
P002,2023-06-24,45,26.0,39.0,31.142857142857142,5,0.0020696651520242066,False
P002,2023-06-25,36,45.0,31.0,32.0,6,0.0021726505317590213,False
P002,2023-06-26,23,36.0,30.0,32.714285714285715,0,0.0016728389328109403,False
P002,2023-06-27,29,23.0,29.0,31.714285714285715,1,0.001458971724424172,False
P002,2023-06-28,24,29.0,28.0,31.714285714285715,2,0.001480194099875376,False
P002,2023-06-29,26,24.0,35.0,31.142857142857142,3,0.001766053808565726,False
P002,2023-06-30,30,26.0,26.0,29.857142857142858,4,0.0012395715793582257,False
P002,2023-07-01,40,30.0,45.0,30.428571428571427,5,0.0022916756380522477,False
P002,2023-07-02,35,40.0,36.0,29.714285714285715,6,0.0013530334138396989,False
P002,2023-07-03,33,35.0,23.0,29.571428571428573,0,0.001970083769662974,False
P002,2023-07-04,33,33.0,29.0,31.0,1,0.0018550755160249102,False
P002,2023-07-05,34,33.0,24.0,31.571428571428573,2,0.0022950484751318935,False
P002,2023-07-06,31,34.0,26.0,33.0,3,0.0018205451664918253,False
P002,2023-07-07,34,31.0,30.0,33.714285714285715,4,0.00133175447681646,False
P002,2023-07-08,30,34.0,40.0,34.285714285714285,5,0.002212437943584381,False
P002,2023-07-09,36,30.0,35.0,32.857142857142854,6,0.0027178081034784575,False
P002,2023-07-10,25,36.0,33.0,33.0,0,0.001592723913798404,False
P002,2023-07-11,29,25.0,33.0,31.857142857142858,1,0.0013989182951721997,False
P002,2023-07-12,27,29.0,34.0,31.285714285714285,2,0.0016940058389802054,False
P002,2023-07-13,28,27.0,31.0,30.285714285714285,3,0.0014231243932260511,False
P002,2023-07-14,36,28.0,34.0,29.857142857142858,4,0.002948300662492854,False
P002,2023-07-15,37,36.0,30.0,30.142857142857142,5,0.0028373630565424247,False
P002,2023-07-16,39,37.0,36.0,31.142857142857142,6,0.0012600454860005402,False
P002,2023-07-17,28,39.0,25.0,31.571428571428573,0,0.001559528621610393,False
P002,2023-07-18,29,28.0,29.0,32.0,1,0.001260798378004735,False
P002,2023-07-19,29,29.0,27.0,32.0,2,0.0016292477457935835,False
P002,2023-07-20,31,29.0,28.0,32.285714285714285,3,0.0012508146707311133,False
P002,2023-07-21,34,31.0,36.0,32.714285714285715,4,0.0015539893058820523,False
P002,2023-07-22,44,34.0,37.0,32.42857142857143,5,0.001877203649570705,False
P002,2023-07-23,39,44.0,39.0,33.42857142857143,6,0.0014850797680530487,False
P002,2023-07-24,31,39.0,28.0,33.42857142857143,0,0.00138302744760964,False
P002,2023-07-25,24,31.0,29.0,33.857142857142854,1,0.002071007948883337,False
P002,2023-07-26,29,24.0,29.0,33.142857142857146,2,0.0020101778948560084,False
P002,2023-07-27,33,29.0,31.0,33.142857142857146,3,0.0010737357872641295,False
P002,2023-07-28,33,33.0,34.0,33.42857142857143,4,0.0013591114675393957,False
P002,2023-07-29,39,33.0,44.0,33.285714285714285,5,0.0019297777107316482,False
P002,2023-07-30,41,39.0,39.0,32.57142857142857,6,0.0014812356973860931,False
P002,2023-07-31,31,41.0,31.0,32.857142857142854,0,0.001271992362045103,False
P002,2023-08-01,34,31.0,24.0,32.857142857142854,1,0.0020380500067657785,False
P002,2023-08-02,30,34.0,29.0,34.285714285714285,2,0.0011573480781930262,False
P002,2023-08-03,28,30.0,33.0,34.42857142857143,3,0.001410850908693902,False
P002,2023-08-04,31,28.0,33.0,33.714285714285715,4,0.0014266898500741483,False
P002,2023-08-05,26,31.0,39.0,33.42857142857143,5,0.0026855654645086434,False
P002,2023-08-06,40,26.0,41.0,31.571428571428573,6,0.0028938249877435056,False
P002,2023-08-07,15,40.0,31.0,31.428571428571427,0,0.00312614968176513,False
P002,2023-08-08,22,15.0,34.0,29.142857142857142,1,0.003092994638185435,False
P002,2023-08-09,31,22.0,30.0,27.428571428571427,2,0.001983671809802088,False
P002,2023-08-10,31,31.0,28.0,27.571428571428573,3,0.0018951811918745652,False
P002,2023-08-11,25,31.0,31.0,28.0,4,0.0019697103176760343,False
P002,2023-08-12,35,25.0,26.0,27.142857142857142,5,0.0021213794043993387,False
P002,2023-08-13,44,35.0,40.0,28.428571428571427,6,0.0026000756028353713,False
P002,2023-08-14,28,44.0,15.0,29.0,0,0.003544236805843604,False
P002,2023-08-15,38,28.0,22.0,30.857142857142858,1,0.0028018263119733086,False
P002,2023-08-16,30,38.0,31.0,33.142857142857146,2,0.0017719753752546905,False
P002,2023-08-17,31,30.0,31.0,33.0,3,0.0010321201205009901,False
P002,2023-08-18,36,31.0,25.0,33.0,4,0.0019758845530282766,False
P002,2023-08-19,39,36.0,35.0,34.57142857142857,5,0.0017417885033343705,False
P002,2023-08-20,34,39.0,44.0,35.142857142857146,6,0.002483856060512361,False
P002,2023-08-21,29,34.0,28.0,33.714285714285715,0,0.001797832648064129,False
P002,2023-08-22,30,29.0,38.0,33.857142857142854,1,0.0016649648836970937,False
P002,2023-08-23,24,30.0,30.0,32.714285714285715,2,0.0014659229120781987,False
P002,2023-08-24,29,24.0,31.0,31.857142857142858,3,0.0013784871381078187,False
P002,2023-08-25,27,29.0,36.0,31.571428571428573,4,0.002223838846271378,False
P002,2023-08-26,42,27.0,39.0,30.285714285714285,5,0.001586896996307021,False
P002,2023-08-27,39,42.0,34.0,30.714285714285715,6,0.0016020585746102088,False
P002,2023-08-28,29,39.0,29.0,31.428571428571427,0,0.0014472442911047465,False
P002,2023-08-29,29,29.0,30.0,31.428571428571427,1,0.0012251442431113976,False
P002,2023-08-30,31,29.0,24.0,31.285714285714285,2,0.0019274885068145098,False
P002,2023-08-31,32,31.0,29.0,32.285714285714285,3,0.001103778479799269,False
P002,2023-09-01,26,32.0,27.0,32.714285714285715,4,0.0013718509716632403,False
P002,2023-09-02,34,26.0,42.0,32.57142857142857,5,0.002001346018743989,False
P002,2023-09-03,43,34.0,39.0,31.428571428571427,6,0.0019106014057434424,False
P002,2023-09-04,28,43.0,29.0,32.0,0,0.001549129707532775,False
P002,2023-09-05,24,28.0,29.0,31.857142857142858,1,0.0017777610570990365,False
P002,2023-09-06,32,24.0,31.0,31.142857142857142,2,0.0019373049266464039,False
P002,2023-09-07,32,32.0,32.0,31.285714285714285,3,0.0015227297491208804,False
P002,2023-09-08,24,32.0,26.0,31.285714285714285,4,0.0013818890264581515,False
P002,2023-09-09,40,24.0,34.0,31.0,5,0.0017611872961607138,False
P002,2023-09-10,42,40.0,43.0,31.857142857142858,6,0.0017273093478469078,False
P002,2023-09-11,32,42.0,28.0,31.714285714285715,0,0.0014931915373517354,False
P002,2023-09-12,33,32.0,24.0,32.285714285714285,1,0.0019180277167081823,False
P002,2023-09-13,25,33.0,32.0,33.57142857142857,2,0.001533435296417211,False
P002,2023-09-14,32,25.0,32.0,32.57142857142857,3,0.0013167683361660833,False
P002,2023-09-15,29,32.0,24.0,32.57142857142857,4,0.0016511393346715607,False
P002,2023-09-16,37,29.0,40.0,33.285714285714285,5,0.0017304279706484003,False
P002,2023-09-17,43,37.0,42.0,32.857142857142854,6,0.001499595613464529,False
P002,2023-09-18,36,43.0,32.0,33.0,0,0.0014257881724954252,False
P002,2023-09-19,342,36.0,33.0,33.57142857142857,1,0.08656304827053676,True
P002,2023-09-20,36,342.0,25.0,77.71428571428571,2,0.08053839819599731,True
P002,2023-09-21,30,36.0,32.0,79.28571428571429,3,0.019588414696783556,True
P002,2023-09-22,32,30.0,29.0,79.0,4,0.019899471276391995,True
P002,2023-09-23,42,32.0,37.0,79.42857142857143,5,0.019655382313274388,True
P002,2023-09-24,40,42.0,43.0,80.14285714285714,6,0.01913622126090473,True
P002,2023-09-25,31,40.0,36.0,79.71428571428571,0,0.019615255789085358,True
P002,2023-09-26,34,31.0,342.0,79.0,1,0.08024820583756188,True
P002,2023-09-27,31,34.0,36.0,35.0,2,0.001808351052534639,False
P002,2023-09-28,28,31.0,30.0,34.285714285714285,3,0.0015795184980926268,False
P002,2023-09-29,29,28.0,32.0,34.0,4,0.0016807728581411253,False
P002,2023-09-30,43,29.0,42.0,33.57142857142857,5,0.0017520761940970106,False
P002,2023-10-01,40,43.0,40.0,33.714285714285715,6,0.0012894310702972953,False
P002,2023-10-02,33,40.0,31.0,33.714285714285715,0,0.0010136298617993216,False
P002,2023-10-03,34,33.0,34.0,34.0,1,0.001219460899824372,False
P002,2023-10-04,30,34.0,31.0,34.0,2,0.0012102112611149679,False
P002,2023-10-05,35,30.0,28.0,33.857142857142854,3,0.0015560015875217613,False
P002,2023-10-06,34,35.0,29.0,34.857142857142854,4,0.0016565081554434033,False
P002,2023-10-07,36,34.0,43.0,35.57142857142857,5,0.00152050653647599,False
P002,2023-10-08,47,36.0,40.0,34.57142857142857,6,0.002135731770037636,False
P002,2023-10-09,31,47.0,33.0,35.57142857142857,0,0.0019495665578469282,False
P002,2023-10-10,27,31.0,34.0,35.285714285714285,1,0.0014845586035756885,False
P002,2023-10-11,30,27.0,30.0,34.285714285714285,2,0.0019685441156799383,False
P002,2023-10-12,30,30.0,35.0,34.285714285714285,3,0.0014272220259323313,False
P002,2023-10-13,35,30.0,34.0,33.57142857142857,4,0.001211176930980846,False
P002,2023-10-14,43,35.0,36.0,33.714285714285715,5,0.00127390327300001,False
P002,2023-10-15,43,43.0,47.0,34.714285714285715,6,0.0017186812192910264,False
P002,2023-10-16,39,43.0,31.0,34.142857142857146,0,0.0015957639169185522,False
P002,2023-10-17,38,39.0,27.0,35.285714285714285,1,0.0026763396216674578,False
P002,2023-10-18,39,38.0,30.0,36.857142857142854,2,0.0020185485181293105,False
P002,2023-10-19,40,39.0,30.0,38.142857142857146,3,0.0028877337750203283,False
P002,2023-10-20,41,40.0,35.0,39.57142857142857,4,0.0030621253368512693,False
P002,2023-10-21,40,41.0,43.0,40.42857142857143,5,0.00267618184686323,False
P002,2023-10-22,48,40.0,43.0,40.0,6,0.002992114155224977,False
P002,2023-10-23,33,48.0,39.0,40.714285714285715,0,0.00319576183562328,False
P002,2023-10-24,43,33.0,38.0,39.857142857142854,1,0.0038314024124995656,False
P002,2023-10-25,43,43.0,39.0,40.57142857142857,2,0.004549485039914819,False
P002,2023-10-26,49,43.0,40.0,41.142857142857146,3,0.005527993531437324,False
P002,2023-10-27,50,49.0,41.0,42.42857142857143,4,0.006049699432928692,False
P002,2023-10-28,56,50.0,40.0,43.714285714285715,5,0.006506330341890756,False
P002,2023-10-29,55,56.0,48.0,46.0,6,0.006144210159279354,False
P002,2023-10-30,51,55.0,33.0,47.0,0,0.005275047282504564,False
P002,2023-10-31,48,51.0,43.0,49.57142857142857,1,0.003111614344728175,False
P002,2023-11-01,52,48.0,43.0,50.285714285714285,2,0.0033895932047207423,False
P002,2023-11-02,57,52.0,49.0,51.57142857142857,3,0.003010693186217061,False
P002,2023-11-03,52,57.0,50.0,52.714285714285715,4,0.0022423730537801624,False
P002,2023-11-04,68,52.0,56.0,53.0,5,0.0023084245091496217,False
P002,2023-11-05,69,68.0,55.0,54.714285714285715,6,0.0030111644158280168,False
P002,2023-11-06,55,69.0,51.0,56.714285714285715,0,0.0025103607336308498,False
P002,2023-11-07,64,55.0,48.0,57.285714285714285,1,0.003495322764983354,False
P002,2023-11-08,64,64.0,52.0,59.57142857142857,2,0.0045208257517360155,False
P002,2023-11-09,63,64.0,57.0,61.285714285714285,3,0.003960419090546657,False
P002,2023-11-10,61,63.0,52.0,62.142857142857146,4,0.004676793675956836,False
P002,2023-11-11,71,61.0,68.0,63.42857142857143,5,0.0048352656696125625,False
P002,2023-11-12,73,71.0,69.0,63.857142857142854,6,0.004443000796115811,False
P002,2023-11-13,70,73.0,55.0,64.42857142857143,0,0.005308688111596736,False
P002,2023-11-14,65,70.0,64.0,66.57142857142857,1,0.0058048608777692134,False
P002,2023-11-15,72,65.0,64.0,66.71428571428571,2,0.005831530927258124,False
P002,2023-11-16,66,72.0,63.0,67.85714285714286,3,0.005249978074716169,False
P002,2023-11-17,71,66.0,61.0,68.28571428571429,4,0.005548816602772901,False
P002,2023-11-18,82,71.0,71.0,69.71428571428571,5,0.006245764759931267,False
P002,2023-11-19,92,82.0,73.0,71.28571428571429,6,0.007479378467189499,False
P002,2023-11-20,69,92.0,70.0,74.0,0,0.0060713207919608535,False
P002,2023-11-21,81,69.0,65.0,73.85714285714286,1,0.006533849211311299,False
P002,2023-11-22,76,81.0,72.0,76.14285714285714,2,0.00496471927071772,False
P002,2023-11-23,78,76.0,66.0,76.71428571428571,3,0.005869373138825815,False
P002,2023-11-24,77,78.0,71.0,78.42857142857143,4,0.006077464451091551,False
P002,2023-11-25,87,77.0,82.0,79.28571428571429,5,0.006520004001651089,False
P002,2023-11-26,85,87.0,92.0,80.0,6,0.006134602569986694,False
P002,2023-11-27,82,85.0,69.0,79.0,0,0.005149690371974133,False
P002,2023-11-28,75,82.0,81.0,80.85714285714286,1,0.005736012202628833,False
P002,2023-11-29,81,75.0,76.0,80.0,2,0.005651139438458718,False
P002,2023-11-30,73,81.0,78.0,80.71428571428571,3,0.006564222424507783,False
P002,2023-12-01,75,73.0,77.0,80.0,4,0.006376210553846466,False
P002,2023-12-02,79,75.0,87.0,79.71428571428571,5,0.0066187449395774586,False
P002,2023-12-03,85,79.0,85.0,78.57142857142857,6,0.006295028771489744,False
P002,2023-12-04,79,85.0,82.0,78.57142857142857,0,0.005660542693416751,False
P002,2023-12-05,72,79.0,75.0,78.14285714285714,1,0.005161579008046336,False
P002,2023-12-06,71,72.0,81.0,77.71428571428571,2,0.005884829221343303,False
P002,2023-12-07,66,71.0,73.0,76.28571428571429,3,0.005925008446354086,False
P002,2023-12-08,68,66.0,75.0,75.28571428571429,4,0.006156137881671993,False
P002,2023-12-09,71,68.0,79.0,74.28571428571429,5,0.006458398888704664,False
P002,2023-12-10,72,71.0,85.0,73.14285714285714,6,0.0075126142563422555,False
P002,2023-12-11,67,72.0,79.0,71.28571428571429,0,0.007562611036591643,False
P002,2023-12-12,70,67.0,72.0,69.57142857142857,1,0.006040089073497628,False
P002,2023-12-13,75,70.0,71.0,69.28571428571429,2,0.006020665412742736,False
P002,2023-12-14,60,75.0,66.0,69.85714285714286,3,0.005956051232956405,False
P002,2023-12-15,66,60.0,68.0,69.0,4,0.00586891108407768,False
P002,2023-12-16,69,66.0,71.0,68.71428571428571,5,0.005304316861910835,False
P002,2023-12-17,66,69.0,72.0,68.42857142857143,6,0.005853632153525,False
P002,2023-12-18,58,66.0,67.0,67.57142857142857,0,0.0058592361581204155,False
P002,2023-12-19,56,58.0,70.0,66.28571428571429,1,0.005855686123953075,False
P002,2023-12-20,54,56.0,75.0,64.28571428571429,2,0.007249825959855255,False
P002,2023-12-21,51,54.0,60.0,61.285714285714285,3,0.003911811673173024,False
P002,2023-12-22,46,51.0,66.0,60.0,4,0.004869321908846968,False
P002,2023-12-23,53,46.0,69.0,57.142857142857146,5,0.0033449561661804926,False
P002,2023-12-24,60,53.0,66.0,54.857142857142854,6,0.0034357226892498772,False
P002,2023-12-25,88888,60.0,58.0,54.0,0,26.910560237125328,True
P002,2023-12-26,44,88888.0,56.0,12744.0,1,26.994935015965844,True
P002,2023-12-27,46,44.0,54.0,12742.285714285714,2,3.032243439933093,True
P002,2023-12-28,48,46.0,51.0,12741.142857142857,3,2.7322072341218733,True
P002,2023-12-29,44,48.0,46.0,12740.714285714286,4,2.632131600168539,True
P002,2023-12-30,49,44.0,53.0,12740.42857142857,5,2.731959260866663,True
P002,2023-12-31,56,49.0,60.0,12739.857142857143,6,3.0318106893219294,True
P002,2024-01-01,39,56.0,88888.0,12739.285714285714,0,27.025120345620355,True
P002,2024-01-02,34,39.0,44.0,46.57142857142857,1,0.006459391466223758,False
P002,2024-01-03,36,34.0,46.0,45.142857142857146,2,0.006703413620999356,False
P002,2024-01-04,37,36.0,48.0,43.714285714285715,3,0.005950520100027498,False
P002,2024-01-05,37,37.0,44.0,42.142857142857146,4,0.004523231607632498,False
P002,2024-01-06,44,37.0,49.0,41.142857142857146,5,0.0035926997625677264,False
P002,2024-01-07,44,44.0,56.0,40.42857142857143,6,0.0046163202839405075,False
P002,2024-01-08,35,44.0,39.0,38.714285714285715,0,0.0021643621288803252,False
P002,2024-01-09,28,35.0,34.0,38.142857142857146,1,0.002481866577612798,False
P002,2024-01-10,0,28.0,36.0,37.285714285714285,2,0.008380416580332287,False
P002,2024-01-11,0,0.0,37.0,32.142857142857146,3,0.01028309405078328,False
P002,2024-01-12,0,0.0,37.0,26.857142857142858,4,0.010415839417004778,False
P002,2024-01-13,47,0.0,44.0,21.571428571428573,5,0.009549982877502352,False
P002,2024-01-14,45,47.0,44.0,22.0,6,0.007001592985924598,False
P002,2024-01-15,39,45.0,35.0,22.142857142857142,0,0.0066349522046154725,False
P002,2024-01-16,32,39.0,28.0,22.714285714285715,1,0.005158369649286997,False
P002,2024-01-17,28,32.0,0.0,23.285714285714285,2,0.007628649464785861,False
P002,2024-01-18,32,28.0,0.0,27.285714285714285,3,0.006879268913530037,False
P002,2024-01-19,33,32.0,0.0,31.857142857142858,4,0.007595041013134232,False
P002,2024-01-20,42,33.0,47.0,36.57142857142857,5,0.0021356817259805113,False
P002,2024-01-21,46,42.0,45.0,35.857142857142854,6,0.0016866746162205585,False
P002,2024-01-22,31,46.0,39.0,36.0,0,0.0022401050684921083,False
P002,2024-01-23,34,31.0,32.0,34.857142857142854,1,0.0012485884093325634,False
P002,2024-01-24,29,34.0,28.0,35.142857142857146,2,0.001376697959877655,False
P002,2024-01-25,35,29.0,32.0,35.285714285714285,3,0.0015712919318523553,False
P002,2024-01-26,33,35.0,33.0,35.714285714285715,4,0.0013758914408685539,False
P002,2024-01-27,39,33.0,42.0,35.714285714285715,5,0.0014585761174210148,False
P002,2024-01-28,41,39.0,46.0,35.285714285714285,6,0.0016348938381379025,False
P002,2024-01-29,32,41.0,31.0,34.57142857142857,0,0.0012080871642796995,False
P002,2024-01-30,32,32.0,34.0,34.714285714285715,1,0.0011858210127907603,False
P002,2024-01-31,40,32.0,29.0,34.42857142857143,2,0.0025755033678373385,False
P002,2024-02-01,33,40.0,35.0,36.0,3,0.0018899696150929675,False
P002,2024-02-02,32,33.0,33.0,35.714285714285715,4,0.0015002841655343806,False
P002,2024-02-03,33,32.0,39.0,35.57142857142857,5,0.0017492339273836946,False
P002,2024-02-04,38,33.0,41.0,34.714285714285715,6,0.0022253423873508644,False
P002,2024-02-05,32,38.0,32.0,34.285714285714285,0,0.0012801438014289066,False
P002,2024-02-06,30,32.0,32.0,34.285714285714285,1,0.0012779445981475693,False
P002,2024-02-07,39,30.0,40.0,34.0,2,0.002459456032527025,False
P002,2024-02-08,32,39.0,33.0,33.857142857142854,3,0.0019454595324935073,False
P002,2024-02-09,38,32.0,32.0,33.714285714285715,4,0.0015705827547472851,False
P002,2024-02-10,42,38.0,33.0,34.57142857142857,5,0.0018898459686993718,False
P002,2024-02-11,42,42.0,38.0,35.857142857142854,6,0.0018258706140505212,False
P002,2024-02-12,33,42.0,32.0,36.42857142857143,0,0.0017954561613186862,False
P002,2024-02-13,33,33.0,30.0,36.57142857142857,1,0.002028630097738135,False
P002,2024-02-14,40,33.0,39.0,37.0,2,0.0026698423472016294,False
P002,2024-02-15,24,40.0,32.0,37.142857142857146,3,0.0032007329633102584,False
P002,2024-02-16,25,24.0,38.0,36.0,4,0.0033802448057442098,False
P002,2024-02-17,40,25.0,42.0,34.142857142857146,5,0.0017622114662845117,False
P002,2024-02-18,42,40.0,42.0,33.857142857142854,6,0.0014102711644451169,False
P002,2024-02-19,36,42.0,33.0,33.857142857142854,0,0.0012805441231043993,False
P002,2024-02-20,35,36.0,33.0,34.285714285714285,1,0.001665909224573005,False
P002,2024-02-21,32,35.0,40.0,34.57142857142857,2,0.002291011201280492,False
P002,2024-02-22,37,32.0,24.0,33.42857142857143,3,0.0022160477139426906,False
P002,2024-02-23,37,37.0,25.0,35.285714285714285,4,0.0025655763695113494,False
P002,2024-02-24,43,37.0,40.0,37.0,5,0.0017498679937517896,False
P002,2024-02-25,46,43.0,42.0,37.42857142857143,6,0.0018506566525037138,False
P002,2024-02-26,35,46.0,36.0,38.0,0,0.002085808780955941,False
P002,2024-02-27,31,35.0,35.0,37.857142857142854,1,0.0021523779938091223,False
P002,2024-02-28,36,31.0,32.0,37.285714285714285,2,0.0022890062753986593,False
P002,2024-02-29,34,36.0,37.0,37.857142857142854,3,0.0021339839761866206,False
P002,2024-03-01,34,34.0,37.0,37.42857142857143,4,0.0016824546651881323,False
P002,2024-03-02,48,34.0,43.0,37.0,5,0.002497516885716557,False
P002,2024-03-03,32,48.0,46.0,37.714285714285715,6,0.0036824659733959023,False
P002,2024-03-04,28,32.0,35.0,35.714285714285715,0,0.0026699998854802466,False
P002,2024-03-05,29,28.0,31.0,34.714285714285715,1,0.0016117625247689712,False
P002,2024-03-06,32,29.0,36.0,34.42857142857143,2,0.0019424237181397414,False
P002,2024-03-07,33,32.0,34.0,33.857142857142854,3,0.0014894267902743597,False
P002,2024-03-08,28,33.0,34.0,33.714285714285715,4,0.0018422839620408833,False
P002,2024-03-09,38,28.0,48.0,32.857142857142854,5,0.002168858119053316,False
P002,2024-03-10,39,38.0,32.0,31.428571428571427,6,0.0013470278412897785,False
P002,2024-03-11,44,39.0,28.0,32.42857142857143,0,0.0029541278403878665,False
P002,2024-03-12,41,44.0,29.0,34.714285714285715,1,0.0032930958228167212,False
P002,2024-03-13,32,41.0,32.0,36.42857142857143,2,0.002128505831725361,False
P002,2024-03-14,32,32.0,33.0,36.42857142857143,3,0.001684791878641739,False
P002,2024-03-15,29,32.0,28.0,36.285714285714285,4,0.0021830986413935156,False
P002,2024-03-16,35,29.0,38.0,36.42857142857143,5,0.0020984083939615513,False
P002,2024-03-17,42,35.0,39.0,36.0,6,0.001895703259173322,False
P002,2024-03-18,30,42.0,44.0,36.42857142857143,0,0.002532998482233322,False
P002,2024-03-19,34,30.0,41.0,34.42857142857143,1,0.0020144135913267684,False
P002,2024-03-20,27,34.0,32.0,33.42857142857143,2,0.0013013962418162589,False
P002,2024-03-21,31,27.0,32.0,32.714285714285715,3,0.0010750300857657047,False
P002,2024-03-22,35,31.0,29.0,32.57142857142857,4,0.0015082900103720175,False
P002,2024-03-23,44,35.0,35.0,33.42857142857143,5,0.0014186141561587083,False
P002,2024-03-24,44,44.0,42.0,34.714285714285715,6,0.001600967309027309,False
P002,2024-03-25,29,44.0,30.0,35.0,0,0.001766646469925247,False
P002,2024-03-26,37,29.0,34.0,34.857142857142854,1,0.0018638984008502411,False
P002,2024-03-27,31,37.0,27.0,35.285714285714285,2,0.0014536698619186674,False
P002,2024-03-28,37,31.0,31.0,35.857142857142854,3,0.0017438494151565526,False
P002,2024-03-29,34,37.0,35.0,36.714285714285715,4,0.0014783174169426619,False
P002,2024-03-30,37,34.0,44.0,36.57142857142857,5,0.0016082187328782741,False
P002,2024-03-31,42,37.0,44.0,35.57142857142857,6,0.0016818338091129808,False
P002,2024-04-01,36,42.0,29.0,35.285714285714285,0,0.0015997884791541354,False
P002,2024-04-02,37,36.0,37.0,36.285714285714285,1,0.002266664648848778,False
P002,2024-04-03,34,37.0,31.0,36.285714285714285,2,0.001520961686195896,False
P002,2024-04-04,40,34.0,37.0,36.714285714285715,3,0.0025937656345812856,False
P002,2024-04-05,38,40.0,34.0,37.142857142857146,4,0.0022276861230578217,False
P002,2024-04-06,42,38.0,37.0,37.714285714285715,5,0.0020848600673857532,False
P002,2024-04-07,46,42.0,42.0,38.42857142857143,6,0.002046529392222421,False
P002,2024-04-08,42,46.0,36.0,39.0,0,0.0031195793670058094,False
P002,2024-04-09,42,42.0,37.0,39.857142857142854,1,0.0037501932171129073,False
P002,2024-04-10,29,42.0,34.0,40.57142857142857,2,0.004248183893595271,False
P002,2024-04-11,31,29.0,40.0,39.857142857142854,3,0.003890936594948704,False
P002,2024-04-12,40,31.0,38.0,38.57142857142857,4,0.0028782370715143366,False
P002,2024-04-13,39,40.0,42.0,38.857142857142854,5,0.002112658693164174,False
P002,2024-04-14,38,39.0,46.0,38.42857142857143,6,0.002746812312096166,False
P002,2024-04-15,32,38.0,42.0,37.285714285714285,0,0.0024110802810752116,False
P002,2024-04-16,36,32.0,42.0,35.857142857142854,1,0.0023844410397586384,False
P002,2024-04-17,34,36.0,29.0,35.0,2,0.0014448660522727928,False
P002,2024-04-18,32,34.0,31.0,35.714285714285715,3,0.0016794636071343727,False
P002,2024-04-19,32,32.0,40.0,35.857142857142854,4,0.002259675764224398,False
P002,2024-04-20,40,32.0,39.0,34.714285714285715,5,0.001676447391056593,False
P002,2024-04-21,40,40.0,38.0,34.857142857142854,6,0.001561802982278771,False
P002,2024-04-22,44,40.0,32.0,35.142857142857146,0,0.0025973188030062994,False
P002,2024-04-23,36,44.0,36.0,36.857142857142854,1,0.0030610023002599187,False
P002,2024-04-24,38,36.0,34.0,36.857142857142854,2,0.0018207610344754908,False
P002,2024-04-25,33,38.0,32.0,37.42857142857143,3,0.0019017876138209728,False
P002,2024-04-26,34,33.0,32.0,37.57142857142857,4,0.0017502607240390384,False
P002,2024-04-27,41,34.0,40.0,37.857142857142854,5,0.0017932315236083504,False
P002,2024-04-28,33,41.0,40.0,38.0,6,0.0029305273501765506,False
P002,2024-04-29,29,33.0,44.0,37.0,0,0.0032560356086473925,False
P002,2024-04-30,27,29.0,36.0,34.857142857142854,1,0.00152967452078517,False
P002,2024-05-01,36,27.0,38.0,33.57142857142857,2,0.0023678984805582492,False
P002,2024-05-02,42,36.0,33.0,33.285714285714285,3,0.0031259326926064935,False
P002,2024-05-03,56,42.0,34.0,34.57142857142857,4,0.0063393120547903135,False
P002,2024-05-04,60,56.0,41.0,37.714285714285715,5,0.007289679057017259,False
P002,2024-05-05,69,60.0,33.0,40.42857142857143,6,0.009157611258957308,False
P002,2024-05-06,50,69.0,29.0,45.57142857142857,0,0.007247459752923338,False
P002,2024-05-07,53,50.0,27.0,48.57142857142857,1,0.006170958324177238,False
P002,2024-05-08,43,53.0,36.0,52.285714285714285,2,0.0036050532539363923,False
P002,2024-05-09,52,43.0,42.0,53.285714285714285,3,0.003649509144169448,False
P002,2024-05-10,53,52.0,56.0,54.714285714285715,4,0.0026047630187572865,False
P002,2024-05-11,57,53.0,60.0,54.285714285714285,5,0.002477875206463287,False
P002,2024-05-12,64,57.0,69.0,53.857142857142854,6,0.0029260365027193795,False
P002,2024-05-13,52,64.0,50.0,53.142857142857146,0,0.002077007952605646,False
P002,2024-05-14,46,52.0,53.0,53.42857142857143,1,0.0024770739009875114,False
P002,2024-05-15,43,46.0,43.0,52.42857142857143,2,0.0031912438113503652,False
P002,2024-05-16,42,43.0,52.0,52.42857142857143,3,0.0036067884230343954,False
P002,2024-05-17,49,42.0,53.0,51.0,4,0.0030886394435881807,False
P002,2024-05-18,63,49.0,57.0,50.42857142857143,5,0.0028191733450254382,False
P002,2024-05-19,57,63.0,64.0,51.285714285714285,6,0.003028878120189403,False
P002,2024-05-20,49,57.0,52.0,50.285714285714285,0,0.002565020321340529,False
P002,2024-05-21,52,49.0,46.0,49.857142857142854,1,0.0027995525028950167,False
P002,2024-05-22,53,52.0,43.0,50.714285714285715,2,0.00331020862323545,False
P002,2024-05-23,57,53.0,42.0,52.142857142857146,3,0.0030732810312341877,False
P002,2024-05-24,56,57.0,49.0,54.285714285714285,4,0.002280115000042888,False
P002,2024-05-25,56,56.0,63.0,55.285714285714285,5,0.00248398772355016,False
P002,2024-05-26,71,56.0,57.0,54.285714285714285,6,0.002899690356942928,False
P002,2024-05-27,46,71.0,49.0,56.285714285714285,0,0.0022984405943454024,False
P002,2024-05-28,55,46.0,52.0,55.857142857142854,1,0.0024234261267070383,False
P002,2024-05-29,50,55.0,53.0,56.285714285714285,2,0.0020197380416233893,False
P002,2024-05-30,48,50.0,57.0,55.857142857142854,3,0.0020551702937943216,False
P002,2024-05-31,39,48.0,56.0,54.57142857142857,4,0.00342629383838552,False
P002,2024-06-01,60,39.0,56.0,52.142857142857146,5,0.003130816294542762,False
P002,2024-06-02,53,60.0,71.0,52.714285714285715,6,0.0035455554092522048,False
P002,2024-06-03,55,53.0,46.0,50.142857142857146,0,0.0031423842006726363,False
P002,2024-06-04,57,55.0,55.0,51.42857142857143,1,0.0029617404687709175,False
P002,2024-06-05,45,57.0,50.0,51.714285714285715,2,0.00314423866316502,False
P002,2024-06-06,52,45.0,48.0,51.0,3,0.0030832758802575794,False
P002,2024-06-06,66,45.0,48.0,51.0,3,0.0040357808225722335,False
P002,2024-06-07,46,59.0,39.0,52.57142857142857,4,0.003653758532441593,False
P002,2024-06-08,59,46.0,60.0,53.57142857142857,5,0.002654088840683347,False
P002,2024-06-09,66,59.0,53.0,53.42857142857143,6,0.0032102554346101755,False
P002,2024-06-10,49,66.0,55.0,55.285714285714285,0,0.0021824709337463152,False
P002,2024-06-11,59,49.0,57.0,54.42857142857143,1,0.002758565387443778,False
P002,2024-06-12,48,59.0,45.0,54.714285714285715,2,0.0028826849243027315,False
P002,2024-06-13,56,48.0,59.0,55.142857142857146,3,0.00235929021269063,False
P002,2024-06-14,50,56.0,46.0,54.714285714285715,4,0.0021634716582031597,False
P002,2024-06-15,67,50.0,59.0,55.285714285714285,5,0.002475743338271232,False
P002,2024-06-16,60,67.0,66.0,56.42857142857143,6,0.002480677905296327,False
P002,2024-06-17,49,60.0,49.0,55.57142857142857,0,0.002393972427491485,False
P002,2024-06-18,49,49.0,59.0,55.57142857142857,1,0.002672383405226031,False
P002,2024-06-19,45,49.0,48.0,54.142857142857146,2,0.002771683767169821,False
P002,2024-06-20,53,45.0,56.0,53.714285714285715,3,0.002820296043192552,False
P002,2024-06-21,53,53.0,50.0,53.285714285714285,4,0.002055697290982955,False
P002,2024-06-22,66,53.0,67.0,53.714285714285715,5,0.0026197316610379186,False
P002,2024-06-23,71,66.0,60.0,53.57142857142857,6,0.002641256341920673,False
P002,2024-06-24,59,71.0,49.0,55.142857142857146,0,0.0029751153748025843,False
P002,2024-06-25,48,59.0,49.0,56.57142857142857,1,0.0027207243425855002,False
P002,2024-06-26,52,48.0,45.0,56.42857142857143,2,0.002612719561154367,False
P002,2024-06-27,46,52.0,53.0,57.42857142857143,3,0.002321292951179565,False
P002,2024-06-28,50,46.0,53.0,56.42857142857143,4,0.002799437401360946,False
P002,2024-06-29,59,50.0,66.0,56.0,5,0.0021237023123641665,False
P002,2024-06-30,71,59.0,71.0,55.0,6,0.0031111746632309116,False
P002,2024-07-01,52,71.0,59.0,55.0,0,0.0027470936652117255,False
P002,2024-07-02,49,52.0,48.0,54.0,1,0.002606549064370282,False
P002,2024-07-03,57,49.0,52.0,54.142857142857146,2,0.0026127519961168947,False
P002,2024-07-04,38,57.0,46.0,54.857142857142854,3,0.0034542030812130704,False
P002,2024-07-05,39,38.0,50.0,53.714285714285715,4,0.00390727742078036,False
P002,2024-07-06,67,39.0,59.0,52.142857142857146,5,0.00313403520418108,False
P002,2024-07-07,63,67.0,71.0,53.285714285714285,6,0.002666286590175408,False
P002,2024-07-08,52,63.0,52.0,52.142857142857146,0,0.0022811715015958025,False
P002,2024-07-09,43,52.0,49.0,52.142857142857146,1,0.0028108362013733296,False
P002,2024-07-10,50,43.0,57.0,51.285714285714285,2,0.003911164230997474,False
P002,2024-07-11,62,50.0,38.0,50.285714285714285,3,0.0038575161632393674,False
P002,2024-07-12,55,62.0,39.0,53.714285714285715,4,0.003512518966690012,False
P002,2024-07-13,64,55.0,67.0,56.0,5,0.0022269936993510164,False
P002,2024-07-14,60,64.0,63.0,55.57142857142857,6,0.002563544004822635,False
P002,2024-07-15,49,60.0,52.0,55.142857142857146,0,0.002185317810546134,False
P002,2024-07-16,39,49.0,43.0,54.714285714285715,1,0.003931116722486665,False
P002,2024-07-17,52,39.0,50.0,54.142857142857146,2,0.0035683469621751707,False
P002,2024-07-18,56,52.0,62.0,54.42857142857143,3,0.002964804325551027,False
P002,2024-07-19,42,56.0,55.0,53.57142857142857,4,0.003242830257531946,False
P002,2024-07-20,59,42.0,64.0,51.714285714285715,5,0.003033016250283963,False
P002,2024-07-21,56,59.0,60.0,51.0,6,0.0033246954467425266,False
P002,2024-07-22,45,56.0,49.0,50.42857142857143,0,0.002758592188927214,False
P002,2024-07-23,52,45.0,39.0,49.857142857142854,1,0.0035659778233435775,False
P002,2024-07-24,39,52.0,52.0,51.714285714285715,2,0.0036081412760947994,False
P002,2024-07-25,55,39.0,56.0,49.857142857142854,3,0.003753067370973215,False
P002,2024-07-26,55,55.0,42.0,49.714285714285715,4,0.003920453855138381,False
P002,2024-07-27,62,55.0,59.0,51.57142857142857,5,0.0027149082030241928,False
P002,2024-07-28,49,62.0,56.0,52.0,6,0.0041401378654837215,False
P002,2024-07-29,46,49.0,45.0,51.0,0,0.0036290491168693775,False
P002,2024-07-30,57,46.0,52.0,51.142857142857146,1,0.0028646815463767095,False
P002,2024-07-31,35,57.0,39.0,51.857142857142854,2,0.00421291457423363,False
P002,2024-08-01,49,35.0,55.0,51.285714285714285,3,0.003717578125316763,False
P002,2024-08-02,45,49.0,55.0,50.42857142857143,4,0.0034805116493452385,False
P002,2024-08-03,69,45.0,62.0,49.0,5,0.0037025402350147596,False
P002,2024-08-04,60,69.0,49.0,50.0,6,0.004854430197888726,False
P002,2024-08-05,53,60.0,46.0,51.57142857142857,0,0.0023502263416458704,False
P002,2024-08-06,55,53.0,57.0,52.57142857142857,1,0.0025968476716159315,False
P002,2024-08-07,62,55.0,35.0,52.285714285714285,2,0.005199917830350216,False
P002,2024-08-08,50,62.0,49.0,56.142857142857146,3,0.0037836103586349596,False
P002,2024-08-09,53,50.0,45.0,56.285714285714285,4,0.002332762541653923,False
P002,2024-08-10,56,53.0,69.0,57.42857142857143,5,0.002400006858284975,False
P002,2024-08-11,70,56.0,60.0,55.57142857142857,6,0.0030122066523724706,False
P002,2024-08-12,48,70.0,53.0,57.0,0,0.002074197955328121,False
P002,2024-08-13,49,48.0,55.0,56.285714285714285,1,0.0023496908654934523,False
P002,2024-08-14,52,49.0,62.0,55.42857142857143,2,0.0036673995682187837,False
P002,2024-08-15,43,52.0,50.0,54.0,3,0.002860108547191401,False
P002,2024-08-16,53,43.0,53.0,53.0,4,0.002768888004948777,False
P002,2024-08-17,70,53.0,56.0,53.0,5,0.0025346309069696708,False
P002,2024-08-18,66,70.0,70.0,55.0,6,0.002497729223134153,False
P002,2024-08-19,43,66.0,48.0,54.42857142857143,0,0.0027048225065856935,False
P002,2024-08-20,50,43.0,49.0,53.714285714285715,1,0.0027912215941406546,False
P002,2024-08-21,56,50.0,52.0,53.857142857142854,2,0.0024959335144212813,False
P002,2024-08-22,41,56.0,43.0,54.42857142857143,3,0.0034233865747224255,False
P002,2024-08-23,46,41.0,53.0,54.142857142857146,4,0.00268756740649523,False
P002,2024-08-24,69,46.0,70.0,53.142857142857146,5,0.0031476970744097068,False
P002,2024-08-25,66,69.0,66.0,53.0,6,0.0026279823044670072,False
P002,2024-08-26,55,66.0,43.0,53.0,0,0.0029689420559402073,False
P002,2024-08-27,63,55.0,50.0,54.714285714285715,1,0.003194513390231697,False
P002,2024-08-28,55,63.0,56.0,56.57142857142857,2,0.003320047821187194,False
P002,2024-08-29,56,55.0,41.0,56.42857142857143,3,0.003404875009208564,False
P002,2024-08-30,67,56.0,46.0,58.57142857142857,4,0.004624002307431169,False
P002,2024-08-31,63,67.0,69.0,61.57142857142857,5,0.004537268875891483,False
P002,2024-09-01,60,63.0,66.0,60.714285714285715,6,0.004048710380453807,False
P002,2024-09-02,55,60.0,55.0,59.857142857142854,0,0.003684076633860993,False
P002,2024-09-03,55,55.0,63.0,59.857142857142854,1,0.0036773033341351,False
P002,2024-09-04,49,55.0,55.0,58.714285714285715,2,0.002836219556469263,False
P002,2024-09-05,46,49.0,56.0,57.857142857142854,3,0.0024118840210484126,False
P002,2024-09-06,66,46.0,67.0,56.42857142857143,4,0.0065323122749270605,False
P002,2024-09-07,66,66.0,63.0,56.285714285714285,5,0.004375656481784404,False
P002,2024-09-08,60,66.0,60.0,56.714285714285715,6,0.002930118059728244,False
P002,2024-09-09,57,60.0,55.0,56.714285714285715,0,0.0029896679868576066,False
P002,2024-09-10,52,57.0,55.0,57.0,1,0.0025112507974401122,False
P002,2024-09-11,50,52.0,49.0,56.57142857142857,2,0.0017721981286708457,False
P002,2024-09-12,56,50.0,46.0,56.714285714285715,3,0.0030316190761747997,False
P002,2024-09-13,45,56.0,66.0,58.142857142857146,4,0.004383350290281318,False
P002,2024-09-14,67,45.0,66.0,55.142857142857146,5,0.002531398255875948,False
P002,2024-09-15,76,67.0,60.0,55.285714285714285,6,0.003262390983127296,False
P002,2024-09-16,55,76.0,57.0,57.57142857142857,0,0.0029394988620509467,False
P002,2024-09-17,50,55.0,52.0,57.285714285714285,1,0.0023089828430447566,False
P002,2024-09-18,50,50.0,50.0,57.0,2,0.0019448873928581529,False
P002,2024-09-19,50,50.0,56.0,57.0,3,0.001964210265367588,False
P002,2024-09-20,52,50.0,45.0,56.142857142857146,4,0.002267391236887962,False
P002,2024-09-21,63,52.0,67.0,57.142857142857146,5,0.0022208646889454882,False
P002,2024-09-22,70,63.0,76.0,56.57142857142857,6,0.003038215548959596,False
P002,2024-09-23,43,70.0,55.0,55.714285714285715,0,0.002393638379521169,False
P002,2024-09-24,57,43.0,50.0,54.0,1,0.00264771121286215,False
P002,2024-09-25,52,57.0,50.0,55.0,2,0.0022349862007994244,False
P002,2024-09-26,56,52.0,50.0,55.285714285714285,3,0.002758814268697029,False
P002,2024-09-27,48,56.0,52.0,56.142857142857146,4,0.002711189121246358,False
P002,2024-09-28,73,48.0,63.0,55.57142857142857,5,0.002884414074819039,False
P002,2024-09-29,73,73.0,70.0,57.0,6,0.0034045551843946177,False
P002,2024-09-30,59,73.0,43.0,57.42857142857143,0,0.0038000964505151094,False
P002,2024-10-01,46,59.0,57.0,59.714285714285715,1,0.003065026259185608,False
P002,2024-10-02,59,46.0,52.0,58.142857142857146,2,0.0034527108370910374,False
P002,2024-10-03,57,59.0,56.0,59.142857142857146,3,0.003338429005302534,False
P002,2024-10-04,46,57.0,48.0,59.285714285714285,4,0.003831634603687828,False
P002,2024-10-05,67,46.0,73.0,59.0,5,0.0039395396675151045,False
P002,2024-10-06,70,67.0,73.0,58.142857142857146,6,0.002999476975622123,False
P002,2024-10-07,59,70.0,59.0,57.714285714285715,0,0.0029182784431734067,False
P002,2024-10-08,57,59.0,46.0,57.714285714285715,1,0.0030682456295242416,False
P002,2024-10-09,59,57.0,59.0,59.285714285714285,2,0.0032532591995643513,False
P002,2024-10-10,66,59.0,57.0,59.285714285714285,3,0.0038464330982668294,False
P002,2024-10-11,64,66.0,46.0,60.57142857142857,4,0.004943086678069185,False
P002,2024-10-12,55,64.0,67.0,63.142857142857146,5,0.005293501694291735,False
P002,2024-10-13,70,55.0,70.0,61.42857142857143,6,0.004861151166310384,False
P002,2024-10-14,59,70.0,59.0,61.42857142857143,0,0.00357748507585928,False
P002,2024-10-15,52,59.0,57.0,61.42857142857143,1,0.0034556376690118968,False
P002,2024-10-16,63,52.0,59.0,60.714285714285715,2,0.004087391049738312,False
P002,2024-10-17,70,63.0,66.0,61.285714285714285,3,0.005050955088447483,False
P002,2024-10-18,57,70.0,64.0,61.857142857142854,4,0.006109936987378635,False
P002,2024-10-19,78,57.0,55.0,60.857142857142854,5,0.006010574910210351,False
P002,2024-10-20,73,78.0,70.0,64.14285714285714,6,0.005155225384333138,False
P002,2024-10-21,63,73.0,59.0,64.57142857142857,0,0.004308209514675237,False
P002,2024-10-22,77,63.0,52.0,65.14285714285714,1,0.007558258851098373,False
P002,2024-10-23,67,77.0,63.0,68.71428571428571,2,0.0066059774343875015,False
P002,2024-10-24,74,67.0,70.0,69.28571428571429,3,0.005740303286610828,False
P002,2024-10-25,62,74.0,57.0,69.85714285714286,4,0.006305933999961777,False
P002,2024-10-26,97,62.0,78.0,70.57142857142857,5,0.008511539488628822,False
P002,2024-10-27,91,97.0,73.0,73.28571428571429,6,0.008441683697104992,False
P002,2024-10-28,76,91.0,63.0,75.85714285714286,0,0.005954060402934008,False
P002,2024-10-29,83,76.0,77.0,77.71428571428571,1,0.005661771758524741,False
P002,2024-10-30,73,83.0,67.0,78.57142857142857,2,0.005881733479866958,False
P002,2024-10-31,90,73.0,74.0,79.42857142857143,3,0.006738261331460349,False
P002,2024-11-01,83,90.0,62.0,81.71428571428571,4,0.00880663442496869,False
P002,2024-11-02,98,83.0,97.0,84.71428571428571,5,0.007792677973943824,False
P002,2024-11-03,98,98.0,91.0,84.85714285714286,6,0.007946559802068855,False
P002,2024-11-04,87,98.0,76.0,85.85714285714286,0,0.008386913098937706,False
P002,2024-11-05,97,87.0,83.0,87.42857142857143,1,0.009559400841460997,False
P002,2024-11-06,95,97.0,73.0,89.42857142857143,2,0.011572274362390162,False
P002,2024-11-07,99,95.0,90.0,92.57142857142857,3,0.011456823881485773,False
P002,2024-11-08,98,99.0,83.0,93.85714285714286,4,0.01181374586558966,False
P002,2024-11-09,115,98.0,98.0,96.0,5,0.010798125586447781,False
P002,2024-11-10,112,115.0,98.0,98.42857142857143,6,0.011198796330290414,False
P002,2024-11-11,116,112.0,87.0,100.42857142857143,0,0.013097110961144225,True
P002,2024-11-12,97,116.0,97.0,104.57142857142857,1,0.009992806614267503,False
P002,2024-11-13,113,97.0,95.0,104.57142857142857,2,0.011658694362765603,False
P002,2024-11-14,116,113.0,99.0,107.14285714285714,3,0.011558556986581672,False
P002,2024-11-15,105,116.0,98.0,109.57142857142857,4,0.010958652024126242,False
P002,2024-11-16,136,105.0,115.0,110.57142857142857,5,0.012240380717890156,False
P002,2024-11-17,130,136.0,112.0,113.57142857142857,6,0.011899475752497043,False
P002,2024-11-18,119,130.0,116.0,116.14285714285714,0,0.009946953180225235,False
P002,2024-11-19,115,119.0,97.0,116.57142857142857,1,0.010003219135830079,False
P002,2024-11-20,115,115.0,113.0,119.14285714285714,2,0.010270435699981992,False
P002,2024-11-21,115,115.0,116.0,119.42857142857143,3,0.010850083308691937,False
P002,2024-11-22,119,115.0,105.0,119.28571428571429,4,0.011936169540647608,False
P002,2024-11-23,137,119.0,136.0,121.28571428571429,5,0.014782497629213071,True
P002,2024-11-24,130,137.0,130.0,121.42857142857143,6,0.013983016780718411,True
P002,2024-11-25,112,130.0,119.0,121.42857142857143,0,0.011645811503952237,False
P002,2024-11-26,122,112.0,115.0,120.42857142857143,1,0.011791167029671373,False
P002,2024-11-27,122,122.0,115.0,121.42857142857143,2,0.012689516987955512,False
P002,2024-11-28,120,122.0,115.0,122.42857142857143,3,0.013304622977876338,True
P002,2024-11-29,120,120.0,119.0,123.14285714285714,4,0.014556778605181425,True
P002,2024-11-30,126,120.0,137.0,123.28571428571429,5,0.015155463893472224,True
P002,2024-12-01,122,126.0,130.0,121.71428571428571,6,0.01305231368282965,False
P002,2024-12-02,109,122.0,112.0,120.57142857142857,0,0.010613896284815924,False
P002,2024-12-03,104,109.0,122.0,120.14285714285714,1,0.011582635637855323,False
P002,2024-12-04,113,104.0,122.0,117.57142857142857,2,0.010217200860323131,False
P002,2024-12-05,109,113.0,120.0,116.28571428571429,3,0.01021494251556632,False
P002,2024-12-06,106,109.0,120.0,114.71428571428571,4,0.010627764004740506,False
P002,2024-12-07,104,106.0,126.0,112.71428571428571,5,0.01246023036667054,False
P002,2024-12-08,111,104.0,122.0,109.57142857142857,6,0.011524919813835868,False
P002,2024-12-09,111,111.0,109.0,108.0,0,0.009346997835917609,False
P002,2024-12-10,98,111.0,104.0,108.28571428571429,1,0.008520782347394649,False
P002,2024-12-11,102,98.0,113.0,107.42857142857143,2,0.010004279307633774,False
P002,2024-12-12,91,102.0,109.0,105.85714285714286,3,0.011168962397878797,False
P002,2024-12-13,105,91.0,106.0,103.28571428571429,4,0.011065340384344624,False
P002,2024-12-14,106,105.0,104.0,103.14285714285714,5,0.010952333007410917,False
P002,2024-12-15,106,106.0,111.0,103.42857142857143,6,0.010521022108379944,False
P002,2024-12-16,105,106.0,111.0,102.71428571428571,0,0.011062265818481383,False
P002,2024-12-17,98,105.0,98.0,101.85714285714286,1,0.010319479679074416,False
P002,2024-12-18,85,98.0,102.0,101.85714285714286,2,0.012258787330657744,False
P002,2024-12-19,83,85.0,91.0,99.42857142857143,3,0.012078708512097764,False
P002,2024-12-20,83,83.0,105.0,98.28571428571429,4,0.01273073207096156,False
P002,2024-12-21,98,83.0,106.0,95.14285714285714,5,0.010135427359598426,False
P002,2024-12-22,92,98.0,106.0,94.0,6,0.009927284610553554,False
P002,2024-12-23,77,92.0,105.0,92.0,0,0.012779489101639892,False
P002,2024-12-24,85,77.0,98.0,88.0,1,0.009162675977732605,False
P002,2024-12-25,76,85.0,85.0,86.14285714285714,2,0.008030576522868699,False
P002,2024-12-26,87,76.0,83.0,84.85714285714286,3,0.007870481420334838,False
P002,2024-12-27,73,87.0,83.0,85.42857142857143,4,0.008601522198893683,False
P002,2024-12-28,94,73.0,98.0,84.0,5,0.007702824805256958,False
P002,2024-12-29,84,94.0,92.0,83.42857142857143,6,0.006919512264225211,False
P002,2024-12-30,74,84.0,77.0,82.28571428571429,0,0.0058260948137128805,False
P002,2024-12-31,64,74.0,85.0,81.85714285714286,1,0.007199296942924108,False
P003,2023-01-01,0,,,,6,,False
P003,2023-01-02,0,0.0,,,0,,False
P003,2023-01-03,0,0.0,,,1,,False
P003,2023-01-04,0,0.0,,,2,,False
P003,2023-01-05,1,0.0,,,3,,False
P003,2023-01-06,0,1.0,,,4,,False
P003,2023-01-07,0,0.0,,,5,,False
P003,2023-01-08,0,0.0,0.0,0.14285714285714285,6,0.182532261547878,False
P003,2023-01-09,4,0.0,0.0,0.14285714285714285,0,0.37799042201181376,False
P003,2023-01-10,0,4.0,0.0,0.7142857142857143,1,0.5000242731023985,False
P003,2023-01-11,4,0.0,0.0,0.7142857142857143,2,0.5395652419003817,False
P003,2023-01-12,3,4.0,1.0,1.2857142857142858,3,0.9350978481770629,False
P003,2023-01-13,0,3.0,0.0,1.5714285714285714,4,0.42976616816679847,False
P003,2023-01-14,4,0.0,0.0,1.5714285714285714,5,0.46475846018192657,False
P003,2023-01-15,8,4.0,0.0,2.142857142857143,6,1.2350008918328392,False
P003,2023-01-16,0,8.0,4.0,3.2857142857142856,0,1.3220555939675598,False
P003,2023-01-17,0,0.0,0.0,2.7142857142857144,1,0.6892329196246687,False
P003,2023-01-18,7,0.0,4.0,2.7142857142857144,2,1.345337327971706,False
P003,2023-01-19,5,7.0,3.0,3.142857142857143,3,1.174293092130687,False
P003,2023-01-20,0,5.0,0.0,3.4285714285714284,4,0.7948253256359495,False
P003,2023-01-21,0,0.0,4.0,3.4285714285714284,5,1.1030765676834577,False
P003,2023-01-22,5,0.0,8.0,2.857142857142857,6,1.294414563287709,False
P003,2023-01-23,0,5.0,0.0,2.4285714285714284,0,0.46659878624699774,False
P003,2023-01-24,2,0.0,0.0,2.4285714285714284,1,0.6518013647978557,False
P003,2023-01-25,0,2.0,7.0,2.7142857142857144,2,1.055702661001046,False
P003,2023-01-26,1,0.0,5.0,1.7142857142857142,3,0.6130620858858328,False
P003,2023-01-27,5,1.0,0.0,1.1428571428571428,4,0.5991540170668357,False
P003,2023-01-28,4,5.0,0.0,1.8571428571428572,5,0.6522602796691899,False
P003,2023-01-29,3,4.0,5.0,2.4285714285714284,6,1.1381665577305289,False
P003,2023-01-30,4,3.0,0.0,2.142857142857143,0,0.6979008491732114,False
P003,2023-01-31,3,4.0,2.0,2.7142857142857144,1,1.1532207291679948,False
P003,2023-02-01,2,3.0,0.0,2.857142857142857,2,1.0470745310601743,False
P003,2023-02-02,0,2.0,1.0,3.142857142857143,3,0.9468571533130847,False
P003,2023-02-03,2,0.0,5.0,3.0,4,0.7818370770767016,False
P003,2023-02-04,0,2.0,4.0,2.5714285714285716,5,0.8487341026944012,False
P003,2023-02-05,2,0.0,3.0,2.0,6,0.8795129519492676,False
P003,2023-02-06,5,2.0,4.0,1.8571428571428572,0,0.9843873950480404,False
P003,2023-02-07,0,5.0,3.0,2.0,1,0.7830941994171307,False
P003,2023-02-08,0,0.0,2.0,1.5714285714285714,2,0.564213994087916,False
P003,2023-02-09,0,0.0,0.0,1.2857142857142858,3,0.3859863636599032,False
P003,2023-02-10,7,0.0,2.0,1.2857142857142858,4,0.9560437978431725,False
P003,2023-02-11,0,7.0,0.0,2.0,5,0.677588374573046,False
P003,2023-02-12,0,0.0,2.0,2.0,6,0.4747457933913026,False
P003,2023-02-13,5,0.0,5.0,1.7142857142857142,0,0.6234423944926542,False
P003,2023-02-14,2,5.0,0.0,1.7142857142857142,1,0.7963583885683836,False
P003,2023-02-15,0,2.0,0.0,2.0,2,0.5842994369732134,False
P003,2023-02-16,0,0.0,0.0,2.0,3,0.43810967358306874,False
P003,2023-02-17,4,0.0,7.0,2.0,4,0.9152244634691747,False
P003,2023-02-18,4,4.0,0.0,1.5714285714285714,5,0.6783424731407568,False
P003,2023-02-19,5,4.0,0.0,2.142857142857143,6,0.8609577219513325,False
P003,2023-02-20,0,5.0,5.0,2.857142857142857,0,1.0738652369519281,False
P003,2023-02-21,0,0.0,2.0,2.142857142857143,1,0.4607238095660856,False
P003,2023-02-22,0,0.0,0.0,1.8571428571428572,2,0.31260609044507215,False
P003,2023-02-23,4,0.0,0.0,1.8571428571428572,3,0.49719263947218206,False
P003,2023-02-24,0,4.0,4.0,2.4285714285714284,4,0.8269173317475292,False
P003,2023-02-25,0,0.0,4.0,1.8571428571428572,5,0.6783768741969766,False
P003,2023-02-26,3,0.0,5.0,1.2857142857142858,6,0.8152237858828706,False
P003,2023-02-27,2,3.0,0.0,1.0,0,0.8347636752511921,False
P003,2023-02-28,1,2.0,0.0,1.2857142857142858,1,0.5762564860947234,False
P003,2023-03-01,0,1.0,0.0,1.4285714285714286,2,0.42408638958421774,False
P003,2023-03-02,0,0.0,4.0,1.4285714285714286,3,0.452523810304798,False
P003,2023-03-03,0,0.0,0.0,0.8571428571428571,4,0.2821840468537592,False
P003,2023-03-04,0,0.0,0.0,0.8571428571428571,5,0.24337634873050407,False
P003,2023-03-05,0,0.0,3.0,0.8571428571428571,6,0.5002332692329607,False
P003,2023-03-06,0,0.0,2.0,0.42857142857142855,0,0.6932494602337695,False
P003,2023-03-07,4,0.0,1.0,0.14285714285714285,1,0.6373646516756118,False
P003,2023-03-08,2,4.0,0.0,0.5714285714285714,2,0.8916752301451429,False
P003,2023-03-09,5,2.0,0.0,0.8571428571428571,3,0.7786346637382081,False
P003,2023-03-10,0,5.0,0.0,1.5714285714285714,4,0.3316390362403553,False
P003,2023-03-11,0,0.0,0.0,1.5714285714285714,5,0.15211021795656496,False
P003,2023-03-12,0,0.0,0.0,1.5714285714285714,6,0.12168817436525196,False
P003,2023-03-13,0,0.0,0.0,1.5714285714285714,0,0.31440402052239785,False
P003,2023-03-14,0,0.0,4.0,1.5714285714285714,1,0.5007516908430205,False
P003,2023-03-15,0,0.0,2.0,1.0,2,0.4948456141459611,False
P003,2023-03-16,5,0.0,5.0,0.7142857142857143,3,0.8430926837017999,False
P003,2023-03-17,0,5.0,0.0,0.7142857142857143,4,0.6273729580419405,False
P003,2023-03-18,2,0.0,0.0,0.7142857142857143,5,0.4849641508501425,False
P003,2023-03-19,0,2.0,0.0,1.0,6,0.5141199821941338,False
P003,2023-03-20,0,0.0,0.0,1.0,0,0.24337634873050407,False
P003,2023-03-21,0,0.0,0.0,1.0,1,0.060844087182625996,False
P003,2023-03-22,0,0.0,0.0,1.0,2,0.3042204359131301,False
P003,2023-03-23,0,0.0,5.0,1.0,3,0.49706563685119276,False
P003,2023-03-24,7,0.0,0.0,0.2857142857142857,4,0.8195813937613583,False
P003,2023-03-25,0,7.0,2.0,1.2857142857142858,5,1.1039314651463914,False
P003,2023-03-26,0,0.0,0.0,1.0,6,0.2737983923218171,False
P003,2023-03-27,2,0.0,0.0,1.0,0,0.7444998825822482,False
P003,2023-03-28,0,2.0,0.0,1.2857142857142858,1,0.4135809846366037,False
P003,2023-03-29,5,0.0,0.0,1.2857142857142858,2,0.48792842205871656,False
P003,2023-03-30,0,5.0,0.0,2.0,3,0.6692557005575666,False
P003,2023-03-31,3,0.0,7.0,2.0,4,0.9222555399669918,False
P003,2023-04-01,0,3.0,0.0,1.4285714285714286,5,0.4842747846188161,False
P003,2023-04-02,0,0.0,0.0,1.4285714285714286,6,0.12168817436525196,False
P003,2023-04-03,1,0.0,2.0,1.4285714285714286,0,0.7206495081137009,False
P003,2023-04-04,3,1.0,0.0,1.2857142857142858,1,0.6172682591193374,False
P003,2023-04-05,0,3.0,5.0,1.7142857142857142,2,0.9768149176448565,False
P003,2023-04-06,6,0.0,0.0,1.0,3,0.3865839336965152,False
P003,2023-04-07,0,6.0,3.0,1.8571428571428572,4,0.8346854956198918,False
P003,2023-04-08,0,0.0,0.0,1.4285714285714286,5,0.21295430513919095,False
P003,2023-04-09,0,0.0,0.0,1.4285714285714286,6,0.12168817436525196,False
P003,2023-04-10,4,0.0,1.0,1.4285714285714286,0,0.6621877122893725,False
P003,2023-04-11,0,4.0,3.0,1.8571428571428572,1,0.6859783962045981,False
P003,2023-04-12,2,0.0,0.0,1.4285714285714286,2,0.40560878145059853,False
P003,2023-04-13,0,2.0,6.0,1.7142857142857142,3,0.9529148821503626,False
P003,2023-04-14,3,0.0,0.0,0.8571428571428571,4,0.4390705225274674,False
P003,2023-04-15,2,3.0,0.0,1.2857142857142858,5,0.848260825207146,False
P003,2023-04-16,0,2.0,0.0,1.5714285714285714,6,0.5425892208159687,False
P003,2023-04-17,0,0.0,4.0,1.5714285714285714,0,0.152110217956565,False
P003,2023-04-18,0,0.0,0.0,1.0,1,0.060844087182625996,False
P003,2023-04-19,4,0.0,2.0,1.0,2,0.8966909151331741,False
P003,2023-04-20,0,4.0,0.0,1.2857142857142858,3,0.505160685123205,False
P003,2023-04-21,0,0.0,3.0,1.2857142857142858,4,0.4427242069904661,False
P003,2023-04-22,0,0.0,2.0,0.8571428571428571,5,0.4050955250411767,False
P003,2023-04-23,1,0.0,0.0,0.5714285714285714,6,0.5429002519042376,False
P003,2023-04-24,0,1.0,0.0,0.7142857142857143,0,0.36833807858268497,False
P003,2023-04-25,0,0.0,0.0,0.7142857142857143,1,0.15211021795656504,False
P003,2023-04-26,6,0.0,4.0,0.7142857142857143,2,1.0417335603083921,False
P003,2023-04-27,0,6.0,0.0,1.0,3,0.6926736913322249,False
P003,2023-04-28,5,0.0,0.0,1.0,4,0.4806124060523421,False
P003,2023-04-29,0,5.0,0.0,1.7142857142857142,5,0.5085964769721822,False
P003,2023-04-30,0,0.0,1.0,1.7142857142857142,6,0.44998180875788496,False
P003,2023-05-01,5,0.0,0.0,1.5714285714285714,0,0.5824063279066932,False
P003,2023-05-02,3,5.0,0.0,2.2857142857142856,1,0.8758250469139977,False
P003,2023-05-03,4,3.0,6.0,2.7142857142857144,2,1.1267828885443596,False
P003,2023-05-04,0,4.0,0.0,2.4285714285714284,3,0.5159476562706206,False
P003,2023-05-05,0,0.0,5.0,2.4285714285714284,4,0.40934992403554366,False
P003,2023-05-06,0,0.0,0.0,1.7142857142857142,5,0.21295430513919095,False
P003,2023-05-07,0,0.0,0.0,1.7142857142857142,6,0.152110217956565,False
P003,2023-05-08,0,0.0,5.0,1.7142857142857142,0,0.3027034642349687,False
P003,2023-05-09,0,0.0,3.0,1.0,1,0.5012205597220987,False
P003,2023-05-13,0,,0.0,,5,,False
P003,2023-05-14,5,0.0,0.0,,6,,False
P003,2023-05-15,5,5.0,0.0,,0,,False
P003,2023-05-16,0,5.0,0.0,,1,,False
P003,2023-05-17,7,0.0,,,2,,False
P003,2023-05-18,2,7.0,,,3,,False
P003,2023-05-19,0,2.0,,,4,,False
P003,2023-05-20,0,0.0,0.0,2.7142857142857144,5,0.7946693563360088,False
P003,2023-05-21,0,0.0,5.0,2.7142857142857144,6,0.8938748963194826,False
P003,2023-05-22,0,0.0,5.0,2.0,0,0.32169811700232087,False
P003,2023-05-23,3,0.0,0.0,1.2857142857142858,1,0.4819310077700433,False
P003,2023-05-24,7,3.0,7.0,1.7142857142857142,2,1.8519173783876977,True
P003,2023-05-25,0,7.0,2.0,1.7142857142857142,3,1.0322889863126403,False
P003,2023-05-26,4,0.0,0.0,1.4285714285714286,4,0.3993019754598137,False
P003,2023-05-27,0,4.0,0.0,2.0,5,0.3222488066515597,False
P003,2023-05-28,3,0.0,0.0,2.0,6,0.5537231071462152,False
P003,2023-05-29,5,3.0,0.0,2.4285714285714284,0,0.7206860667980737,False
P003,2023-05-30,0,5.0,3.0,3.142857142857143,1,0.7904155998648725,False
P003,2023-05-31,0,0.0,7.0,2.7142857142857144,2,0.7413960317506366,False
P003,2023-06-01,4,0.0,0.0,1.7142857142857142,3,0.45177133216628196,False
P003,2023-06-02,3,4.0,4.0,2.2857142857142856,4,0.9547870545644344,False
P003,2023-06-03,0,3.0,0.0,2.142857142857143,5,0.42918216576531093,False
P003,2023-06-04,0,0.0,3.0,2.142857142857143,6,0.39728449676439476,False
P003,2023-06-05,0,0.0,5.0,1.7142857142857142,0,0.3027034642349687,False
P003,2023-06-06,5,0.0,0.0,1.0,1,0.555828739624751,False
P003,2023-06-07,2,5.0,0.0,1.7142857142857142,2,0.8461768353449063,False
P003,2023-06-08,5,2.0,4.0,2.0,3,1.0479543380220977,False
P003,2023-06-09,4,5.0,3.0,2.142857142857143,4,0.8058420217250918,False
P003,2023-06-10,6,4.0,0.0,2.2857142857142856,5,0.8532880430533121,False
P003,2023-06-11,6,6.0,0.0,3.142857142857143,6,1.3413475333360554,False
P003,2023-06-12,0,6.0,0.0,4.0,0,1.0855047009299712,False
P003,2023-06-13,6,0.0,5.0,4.0,1,1.4678179168046763,True
P003,2023-06-14,0,6.0,2.0,4.142857142857143,2,1.2528520774376137,False
P003,2023-06-15,0,0.0,5.0,3.857142857142857,3,1.0707479184924362,False
P003,2023-06-16,5,0.0,4.0,3.142857142857143,4,0.90657061746105,False
P003,2023-06-17,6,5.0,6.0,3.2857142857142856,5,1.114414581368298,False
P003,2023-06-18,2,6.0,6.0,3.2857142857142856,6,1.1040155593022007,False
P003,2023-06-19,0,2.0,0.0,2.7142857142857144,0,0.6724376107550041,False
P003,2023-06-20,0,0.0,6.0,2.7142857142857144,1,0.5111227711886842,False
P003,2023-06-21,0,0.0,0.0,1.8571428571428572,2,0.31260609044507215,False
P003,2023-06-22,0,0.0,0.0,1.8571428571428572,3,0.43810967358306874,False
P003,2023-06-23,0,0.0,5.0,1.8571428571428572,4,0.4701940112181696,False
P003,2023-06-24,0,0.0,6.0,1.1428571428571428,5,0.6519373585502123,False
P003,2023-06-25,0,0.0,2.0,0.2857142857142857,6,0.7967797122820062,False
P003,2023-06-26,4,0.0,0.0,0.0,0,0.38811227915794005,False
P003,2023-06-27,0,4.0,0.0,0.5714285714285714,1,0.5481199660408562,False
P003,2023-06-28,0,0.0,0.0,0.5714285714285714,2,0.18253226154787808,False
P003,2023-06-29,5,0.0,0.0,0.5714285714285714,3,0.4605832001005753,False
P003,2023-06-30,0,5.0,0.0,1.2857142857142858,4,0.2758907252388226,False
P003,2023-07-01,5,0.0,0.0,1.2857142857142858,5,0.45696897328667524,False
P003,2023-07-02,1,5.0,0.0,2.0,6,0.4756735850890098,False
P003,2023-07-03,0,1.0,4.0,2.142857142857143,0,0.6370558460622932,False
P003,2023-07-04,4,0.0,0.0,1.5714285714285714,1,0.40714727286112123,False
P003,2023-07-05,6,4.0,0.0,2.142857142857143,2,0.9514096018411852,False
P003,2023-07-06,4,6.0,5.0,3.0,3,0.9308573728023142,False
P003,2023-07-07,3,4.0,0.0,2.857142857142857,4,0.7719995569028301,False
P003,2023-07-08,3,3.0,5.0,3.2857142857142856,5,1.0863353536016933,False
P003,2023-07-09,7,3.0,1.0,3.0,6,1.209431322416036,False
P003,2023-07-10,0,7.0,0.0,3.857142857142857,0,1.126531319324446,False
P003,2023-07-11,3,0.0,4.0,3.857142857142857,1,1.1440340359405805,False
P003,2023-07-12,4,3.0,6.0,3.7142857142857144,2,1.0873879468480203,False
P003,2023-07-13,1,4.0,4.0,3.4285714285714284,3,0.8634827530996935,False
P003,2023-07-14,5,1.0,3.0,3.0,4,0.9822588103635301,False
P003,2023-07-15,0,5.0,3.0,3.2857142857142856,5,0.9384148029763605,False
P003,2023-07-16,6,0.0,7.0,2.857142857142857,6,1.2431401937670523,False
P003,2023-07-17,4,6.0,0.0,2.7142857142857144,0,0.9149069719875567,False
P003,2023-07-18,0,4.0,3.0,3.2857142857142856,1,0.7170428096475836,False
P003,2023-07-19,0,0.0,4.0,2.857142857142857,2,0.6016327120085393,False
P003,2023-07-20,0,0.0,1.0,2.2857142857142856,3,0.6525715514726047,False
P003,2023-07-21,0,0.0,5.0,2.142857142857143,4,0.3397132322808979,False
P003,2023-07-22,6,0.0,0.0,1.4285714285714286,5,0.6394294868077044,False
P003,2023-07-23,0,6.0,6.0,2.2857142857142856,6,1.2800036568217197,False
P003,2023-07-24,0,0.0,4.0,1.4285714285714286,0,0.182532261547878,False
P003,2023-07-25,4,0.0,0.0,0.8571428571428571,1,0.5119270842560353,False
P003,2023-07-26,5,4.0,0.0,1.4285714285714286,2,0.9859133814655567,False
P003,2023-07-27,3,5.0,0.0,2.142857142857143,3,0.8362448900992663,False
P003,2023-07-28,4,3.0,0.0,2.5714285714285716,4,0.8102441690601973,False
P003,2023-07-29,1,4.0,6.0,3.142857142857143,5,0.8088352663729171,False
P003,2023-07-30,4,1.0,0.0,2.4285714285714284,6,0.7466226505190969,False
P003,2023-07-31,5,4.0,0.0,3.0,0,1.0391971736473544,False
P003,2023-08-01,0,5.0,4.0,3.7142857142857144,1,0.8637627975656809,False
P003,2023-08-02,1,0.0,5.0,3.142857142857143,2,0.7344681013103538,False
P003,2023-08-03,0,1.0,3.0,2.5714285714285716,3,0.7500584987792529,False
P003,2023-08-04,0,0.0,4.0,2.142857142857143,4,0.5116652705386081,False
P003,2023-08-05,0,0.0,1.0,1.5714285714285714,5,0.4550946405906979,False
P003,2023-08-06,3,0.0,4.0,1.4285714285714286,6,0.7845973804254578,False
P003,2023-08-07,1,3.0,5.0,1.2857142857142858,0,0.95779035681079,False
P003,2023-08-08,0,1.0,0.0,0.7142857142857143,1,0.45660076609253625,False
P003,2023-08-09,3,0.0,1.0,0.7142857142857143,2,0.6572056783922805,False
P003,2023-08-10,0,3.0,0.0,1.0,3,0.4746454596948859,False
P003,2023-08-11,3,0.0,0.0,1.0,4,0.49438633879587107,False
P003,2023-08-12,5,3.0,0.0,1.4285714285714286,5,0.866312100647944,False
P003,2023-08-13,3,5.0,3.0,2.142857142857143,6,1.0379575133487928,False
P003,2023-08-14,4,3.0,1.0,2.142857142857143,0,0.7798229225945645,False
P003,2023-08-15,0,4.0,0.0,2.5714285714285716,1,0.5463823545151356,False
P003,2023-08-16,0,0.0,3.0,2.5714285714285716,2,0.5751968488568885,False
P003,2023-08-17,3,0.0,0.0,2.142857142857143,3,0.6176146948946352,False
P003,2023-08-18,1,3.0,3.0,2.5714285714285716,4,0.8392585584627625,False
P003,2023-08-19,0,1.0,5.0,2.2857142857142856,5,0.6590867584302214,False
P003,2023-08-20,0,0.0,3.0,1.5714285714285714,6,0.4738083349588857,False
P003,2023-08-21,0,0.0,4.0,1.1428571428571428,0,0.4111663176989341,False
P003,2023-08-22,0,0.0,0.0,0.5714285714285714,1,0.18253226154787802,False
P003,2023-08-23,0,0.0,0.0,0.5714285714285714,2,0.18253226154787808,False
P003,2023-08-24,0,0.0,3.0,0.5714285714285714,3,0.7488581779775912,False
P003,2023-08-25,1,0.0,1.0,0.14285714285714285,4,0.7199897208037028,False
P003,2023-08-26,0,1.0,0.0,0.14285714285714285,5,0.5401586207083404,False
P003,2023-08-27,0,0.0,0.0,0.14285714285714285,6,0.182532261547878,False
P003,2023-08-28,0,0.0,0.0,0.14285714285714285,0,0.31260609044507215,False
P003,2023-08-29,0,0.0,0.0,0.14285714285714285,1,0.34302813403638516,False
P003,2023-08-30,3,0.0,0.0,0.14285714285714285,2,0.6599110293417034,False
P003,2023-08-31,0,3.0,0.0,0.5714285714285714,3,0.5825051984579958,False
P003,2023-09-01,8,0.0,1.0,0.5714285714285714,4,1.0282371889196589,False
P003,2023-09-02,3,8.0,0.0,1.5714285714285714,5,1.364203834064178,True
P003,2023-09-03,0,3.0,0.0,2.0,6,0.4925375742453177,False
P003,2023-09-04,6,0.0,0.0,2.0,0,0.8031134055609591,False
P003,2023-09-05,4,6.0,0.0,2.857142857142857,1,0.9225751859181657,False
P003,2023-09-06,0,4.0,3.0,3.4285714285714284,2,0.7054870987920874,False
P003,2023-09-07,0,0.0,0.0,3.0,3,0.9493146477159794,False
P003,2023-09-08,5,0.0,8.0,3.0,4,1.1871687779745965,False
P003,2023-09-09,4,5.0,3.0,2.5714285714285716,5,0.8778083212661629,False
P003,2023-09-10,0,4.0,0.0,2.7142857142857144,6,0.7708531552181168,False
P003,2023-09-11,4,0.0,6.0,2.7142857142857144,0,0.9270484804908582,False
P003,2023-09-12,0,4.0,4.0,2.4285714285714284,1,0.7992631414031275,False
P003,2023-09-13,3,0.0,0.0,1.8571428571428572,2,0.5898445156330119,False
P003,2023-09-14,0,3.0,0.0,2.2857142857142856,3,0.582753862247044,False
P003,2023-09-15,0,0.0,5.0,2.2857142857142856,4,0.34482606411371086,False
P003,2023-09-16,6,0.0,4.0,1.5714285714285714,5,0.836542888254993,False
P003,2023-09-17,1,6.0,0.0,1.8571428571428572,6,0.5686000470710646,False
P003,2023-09-18,3,1.0,4.0,2.0,0,0.9371375317215799,False
P003,2023-09-19,0,3.0,0.0,1.8571428571428572,1,0.6144393885520503,False
P003,2023-09-20,0,0.0,3.0,1.8571428571428572,2,0.30803584468587464,False
P003,2023-09-21,4,0.0,0.0,1.4285714285714286,3,0.478402555766103,False
P003,2023-09-22,2,4.0,0.0,2.0,4,0.85962342442084,False
P003,2023-09-23,0,2.0,6.0,2.2857142857142856,5,0.9331353438564627,False
P003,2023-09-24,4,0.0,1.0,1.4285714285714286,6,0.717882901910734,False
P003,2023-09-25,0,4.0,3.0,1.8571428571428572,0,0.8537991483976439,False
P003,2023-09-26,0,0.0,0.0,1.4285714285714286,1,0.3346424795044431,False
P003,2023-09-27,0,0.0,0.0,1.4285714285714286,2,0.3620610798316684,False
P003,2023-09-28,0,0.0,4.0,1.4285714285714286,3,0.452523810304798,False
P003,2023-09-29,0,0.0,2.0,0.8571428571428571,4,0.574097004921436,False
P003,2023-09-30,3,0.0,0.0,0.5714285714285714,5,0.3951688671587517,False
P003,2023-10-01,0,3.0,4.0,1.0,6,0.9469086483974894,False
P003,2023-10-02,0,0.0,0.0,0.42857142857142855,0,0.33464247950444304,False
P003,2023-10-03,0,0.0,0.0,0.42857142857142855,1,0.21295430513919097,False
P003,2023-10-04,0,0.0,0.0,0.42857142857142855,2,0.2704834905663297,False
P003,2023-10-05,0,0.0,0.0,0.42857142857142855,3,0.35595403295244277,False
P003,2023-10-06,3,0.0,0.0,0.42857142857142855,4,0.5147307684085636,False
P003,2023-10-07,0,3.0,3.0,0.8571428571428571,5,0.8614553630507451,False
P003,2023-10-08,5,0.0,0.0,0.42857142857142855,6,0.720682083833182,False
P003,2023-10-09,1,5.0,0.0,1.1428571428571428,0,0.714778016283411,False
P003,2023-10-10,0,1.0,0.0,1.2857142857142858,1,0.46743433209158847,False
P003,2023-10-11,2,0.0,0.0,1.2857142857142858,2,0.3529864886222583,False
P003,2023-10-12,3,2.0,0.0,1.5714285714285714,3,0.9646818718540491,False
P003,2023-10-13,5,3.0,3.0,2.0,4,1.0592236622712692,False
P003,2023-10-14,3,5.0,0.0,2.2857142857142856,5,0.7918012658126392,False
P003,2023-10-15,6,3.0,5.0,2.7142857142857144,6,1.3461820972328666,False
P003,2023-10-16,2,6.0,1.0,2.857142857142857,0,1.0944429578189587,False
P003,2023-10-17,3,2.0,0.0,3.0,1,0.9986917317289651,False
P003,2023-10-18,0,3.0,2.0,3.4285714285714284,2,0.8589817511272999,False
P003,2023-10-19,3,0.0,3.0,3.142857142857143,3,1.0404205945120746,False
P003,2023-10-20,6,3.0,5.0,3.142857142857143,4,1.1373411134731177,False
P003,2023-10-21,5,6.0,3.0,3.2857142857142856,5,1.1051320521535426,False
P003,2023-10-22,0,5.0,6.0,3.5714285714285716,6,1.0214295407995149,False
P003,2023-10-23,0,0.0,2.0,2.7142857142857144,0,0.7178889380650813,False
P003,2023-10-24,0,0.0,3.0,2.4285714285714284,1,0.4428660399055294,False
P003,2023-10-25,0,0.0,0.0,2.0,2,0.3559540329524428,False
P003,2023-10-26,0,0.0,3.0,2.0,3,0.4793484085567973,False
P003,2023-10-27,0,0.0,6.0,1.5714285714285714,4,0.6132069664524107,False
P003,2023-10-28,0,0.0,5.0,0.7142857142857143,5,0.6441875561689251,False
P003,2023-10-29,0,0.0,0.0,0.0,6,0.16049587248850708,False
P003,2023-10-30,0,0.0,0.0,0.0,0,0.32553198936112987,False
P003,2023-10-31,4,0.0,0.0,0.0,1,0.5235484283507995,False
P003,2023-11-01,0,4.0,0.0,0.5714285714285714,2,0.5551931754053238,False
P003,2023-11-02,0,0.0,0.0,0.5714285714285714,3,0.3227896750543399,False
P003,2023-11-03,0,0.0,0.0,0.5714285714285714,4,0.3430281340363852,False
P003,2023-11-04,0,0.0,0.0,0.5714285714285714,5,0.39548656668706916,False
P003,2023-11-05,0,0.0,0.0,0.5714285714285714,6,0.3620969787655714,False
P003,2023-11-06,4,0.0,0.0,0.5714285714285714,0,0.48182274019303967,False
P003,2023-11-07,1,4.0,4.0,1.1428571428571428,1,0.9811059267833437,False
P003,2023-11-08,0,1.0,0.0,0.7142857142857143,2,0.4545084331755308,False
P003,2023-11-09,6,0.0,0.0,0.7142857142857143,3,0.46205840911405505,False
P003,2023-11-10,0,6.0,0.0,1.5714285714285714,4,0.426447531982835,False
P003,2023-11-11,0,0.0,0.0,1.5714285714285714,5,0.15211021795656496,False
P003,2023-11-12,0,0.0,0.0,1.5714285714285714,6,0.12168817436525196,False
P003,2023-11-13,0,0.0,4.0,1.5714285714285714,0,0.152110217956565,False
P003,2023-11-14,7,0.0,1.0,1.0,1,0.8675171456655365,False
P003,2023-11-15,6,7.0,0.0,1.8571428571428572,2,1.3506920563247267,False
P003,2023-11-16,4,6.0,6.0,2.7142857142857144,3,1.1139199098430959,False
P003,2023-11-17,0,4.0,0.0,2.4285714285714284,4,0.5596461044683466,False
P003,2023-11-18,2,0.0,0.0,2.4285714285714284,5,0.6731913717618793,False
P003,2023-11-19,0,2.0,0.0,2.7142857142857144,6,0.4590970552812742,False
P003,2023-11-20,0,0.0,0.0,2.7142857142857144,0,0.6822098218523973,False
P003,2023-11-21,0,0.0,7.0,2.7142857142857144,1,0.5772547221288666,False
P003,2023-11-22,1,0.0,6.0,1.7142857142857142,2,0.7111457428926089,False
P003,2023-11-23,5,1.0,4.0,1.0,3,0.8234184549984347,False
P003,2023-11-24,0,5.0,0.0,1.1428571428571428,4,0.3505785173258672,False
P003,2023-11-25,1,0.0,2.0,1.1428571428571428,5,0.5834970384442905,False
P003,2023-11-26,4,1.0,0.0,1.0,6,0.7437813878231048,False
P003,2023-11-27,5,4.0,0.0,1.5714285714285714,0,0.8398267067947538,False
P003,2023-11-28,0,5.0,0.0,2.2857142857142856,1,0.37554251054470356,False
P003,2023-11-29,2,0.0,1.0,2.2857142857142856,2,0.7745396215074899,False
P003,2023-11-30,3,2.0,5.0,2.4285714285714284,3,1.0746901854152047,False
P003,2023-12-01,3,3.0,0.0,2.142857142857143,4,0.7860514797129754,False
P003,2023-12-02,0,3.0,1.0,2.5714285714285716,5,0.6411893050206314,False
P003,2023-12-03,3,0.0,4.0,2.4285714285714284,6,0.7128355478352653,False
P003,2023-12-04,0,3.0,5.0,2.2857142857142856,0,0.8360607320569701,False
P003,2023-12-05,4,0.0,0.0,1.5714285714285714,1,0.40714727286112123,False
P003,2023-12-06,0,4.0,2.0,2.142857142857143,2,0.8300979148997125,False
P003,2023-12-07,0,0.0,3.0,1.8571428571428572,3,0.4561248859230935,False
P003,2023-12-08,0,0.0,3.0,1.4285714285714286,4,0.48043166460462744,False
P003,2023-12-09,0,0.0,0.0,1.0,5,0.18253226154787808,False
P003,2023-12-10,0,0.0,3.0,1.0,6,0.45154671587612005,False
P003,2023-12-11,0,0.0,0.0,0.5714285714285714,0,0.3042204359131301,False
P003,2023-12-12,0,0.0,4.0,0.5714285714285714,1,0.726532189898212,False
P003,2023-12-13,0,0.0,0.0,0.0,2,0.394761731075698,False
P003,2023-12-14,6,0.0,0.0,0.0,3,0.7859577071734891,False
P003,2023-12-15,2,6.0,0.0,0.8571428571428571,4,1.0433509097550773,False
P003,2023-12-16,2,2.0,0.0,1.1428571428571428,5,0.8783096218265835,False
P003,2023-12-17,0,2.0,0.0,1.4285714285714286,6,0.5554623064771411,False
P003,2023-12-18,0,0.0,0.0,1.4285714285714286,0,0.3009055341576429,False
P003,2023-12-19,4,0.0,0.0,1.4285714285714286,1,0.4029134326350329,False
P003,2023-12-20,0,4.0,0.0,2.0,2,0.5989188476674645,False
P003,2023-12-21,0,0.0,6.0,2.0,3,0.5727820609045681,False
P003,2023-12-22,6,0.0,2.0,1.1428571428571428,4,0.9125655848084258,False
P003,2023-12-23,5,6.0,2.0,1.7142857142857142,5,1.0359461144812403,False
P003,2023-12-24,0,5.0,0.0,2.142857142857143,6,0.40468640387313587,False
P003,2023-12-25,2,0.0,0.0,2.142857142857143,0,0.7469032742176133,False
P003,2023-12-26,0,2.0,4.0,2.4285714285714284,1,0.8382545844088247,False
P003,2023-12-27,6,0.0,0.0,1.8571428571428572,2,0.7161166960939827,False
P003,2023-12-28,0,6.0,0.0,2.7142857142857144,3,0.7704345850731014,False
P003,2023-12-29,0,0.0,6.0,2.7142857142857144,4,0.6618271853140112,False
P003,2023-12-30,5,0.0,5.0,1.8571428571428572,5,0.6191641403385866,False
P003,2023-12-31,0,5.0,0.0,1.8571428571428572,6,0.3822090280442594,False
P003,2024-01-01,7,0.0,2.0,1.8571428571428572,0,1.1403289203674087,False
P003,2024-01-02,0,7.0,0.0,2.5714285714285716,1,0.8374381389464552,False
P003,2024-01-03,4,0.0,6.0,2.5714285714285716,2,0.9022355865091363,False
P003,2024-01-04,5,4.0,0.0,2.2857142857142856,3,0.8219521118547688,False
P003,2024-01-05,0,5.0,0.0,3.0,4,0.6255900955028431,False
P003,2024-01-06,2,0.0,5.0,3.0,5,0.7865451979735255,False
P003,2024-01-07,0,2.0,0.0,2.5714285714285716,6,0.3879236765208908,False
P003,2024-01-08,0,0.0,7.0,2.5714285714285716,0,0.8055538707979298,False
P003,2024-01-09,0,0.0,0.0,1.5714285714285714,1,0.3993019754598136,False
P003,2024-01-10,4,0.0,4.0,1.5714285714285714,2,0.8565499445261489,False
P003,2024-01-11,3,4.0,5.0,1.5714285714285714,3,1.1345400090176403,False
P003,2024-01-12,7,3.0,0.0,1.2857142857142858,4,1.0163767386970073,False
P003,2024-01-13,2,7.0,2.0,2.2857142857142856,5,1.1799135429362058,False
P003,2024-01-14,3,2.0,0.0,2.2857142857142856,6,0.901147940260772,False
P003,2024-01-15,0,3.0,0.0,2.7142857142857144,0,0.553875457339756,False
P003,2024-01-16,6,0.0,0.0,2.7142857142857144,1,1.0294708997353612,False
P003,2024-01-17,1,6.0,4.0,3.5714285714285716,2,1.0211292791272448,False
P003,2024-01-18,0,1.0,3.0,3.142857142857143,3,0.7942099665763879,False
P003,2024-01-19,2,0.0,7.0,2.7142857142857144,4,0.9748664272993393,False
P003,2024-01-20,0,2.0,2.0,2.0,5,0.7710841628982449,False
P003,2024-01-21,0,0.0,3.0,1.7142857142857142,6,0.4382734595347598,False
P003,2024-01-22,0,0.0,0.0,1.2857142857142858,0,0.3042204359131301,False
P003,2024-01-23,0,0.0,6.0,1.2857142857142858,1,0.7780264701020406,False
P003,2024-01-24,0,0.0,1.0,0.42857142857142855,2,0.4879711142925892,False
P003,2024-01-25,4,0.0,0.0,0.2857142857142857,3,0.5135499050641646,False
P003,2024-01-26,3,4.0,2.0,0.8571428571428571,4,0.9822701301763372,False
P003,2024-01-27,0,3.0,0.0,1.0,5,0.45790198624545997,False
P003,2024-01-28,0,0.0,0.0,1.0,6,0.2737983923218171,False
P003,2024-01-29,0,0.0,0.0,1.0,0,0.24337634873050407,False
P003,2024-01-30,0,0.0,0.0,1.0,1,0.060844087182625996,False
P003,2024-01-31,6,0.0,0.0,1.0,2,0.5571581637732846,False
P003,2024-02-01,0,6.0,4.0,1.8571428571428572,3,0.9169869705492644,False
P003,2024-02-02,1,0.0,3.0,1.2857142857142858,4,0.542457062280667,False
P003,2024-02-03,5,1.0,0.0,1.0,5,0.6061575971623746,False
P003,2024-02-04,2,5.0,0.0,1.7142857142857142,6,0.7820906460366727,False
P003,2024-02-05,7,2.0,0.0,2.0,0,1.028300802656951,False
P003,2024-02-06,0,7.0,0.0,3.0,1,0.8334556841920481,False
P003,2024-02-07,5,0.0,6.0,3.0,2,0.9131666939491897,False
P003,2024-02-08,4,5.0,0.0,2.857142857142857,3,0.7669008385082119,False
P003,2024-02-09,4,4.0,1.0,3.4285714285714284,4,1.0371742069376595,False
P003,2024-02-10,5,4.0,5.0,3.857142857142857,5,1.0386077403250393,False
P003,2024-02-11,3,5.0,2.0,3.857142857142857,6,1.4430419385425133,True
P003,2024-02-12,4,3.0,7.0,4.0,0,1.4787599121079813,True
P003,2024-02-13,0,4.0,0.0,3.5714285714285716,1,0.8527238811663798,False
P003,2024-02-14,3,0.0,5.0,3.5714285714285716,2,0.8756094354699023,False
P003,2024-02-15,3,3.0,4.0,3.2857142857142856,3,0.8565207521895701,False
P003,2024-02-16,0,3.0,4.0,3.142857142857143,4,0.7604099219101437,False
P003,2024-02-17,2,0.0,5.0,2.5714285714285716,5,0.7098300944007396,False
P003,2024-02-18,0,2.0,3.0,2.142857142857143,6,0.7117379225461076,False
P003,2024-02-19,5,0.0,4.0,1.7142857142857142,0,0.7073608704181049,False
P003,2024-02-20,0,5.0,0.0,1.8571428571428572,1,0.3939264598332379,False
P003,2024-02-21,0,0.0,3.0,1.8571428571428572,2,0.30803584468587464,False
P003,2024-02-22,1,0.0,3.0,1.4285714285714286,3,0.6135793865499615,False
P003,2024-02-23,0,1.0,0.0,1.1428571428571428,4,0.45130494792711834,False
P003,2024-02-24,0,0.0,2.0,1.1428571428571428,5,0.44511825051605475,False
P003,2024-02-25,0,0.0,0.0,0.8571428571428571,6,0.25176200326244613,False
P003,2024-02-26,0,0.0,5.0,0.8571428571428571,0,0.7146438117128289,False
P003,2024-02-27,2,0.0,0.0,0.14285714285714285,1,0.7637604671991289,False
P003,2024-02-28,5,2.0,0.0,0.42857142857142855,2,0.9028115213568897,False
P003,2024-02-29,0,5.0,1.0,1.1428571428571428,3,0.6540503388957841,False
P003,2024-03-01,4,0.0,0.0,1.0,4,0.45252183832476583,False
P003,2024-03-02,0,4.0,0.0,1.5714285714285714,5,0.49093736329501914,False
P003,2024-03-03,5,0.0,0.0,1.5714285714285714,6,0.6144148426053809,False
P003,2024-03-04,0,5.0,0.0,2.2857142857142856,0,0.44438253937541905,False
P003,2024-03-05,0,0.0,2.0,2.2857142857142856,1,0.4477060033423923,False
P003,2024-03-06,0,0.0,5.0,2.0,2,0.4706215821254117,False
P003,2024-03-07,2,0.0,0.0,1.2857142857142858,3,0.5875659611026525,False
P003,2024-03-08,0,2.0,4.0,1.5714285714285714,4,0.9784609482205067,False
P003,2024-03-09,0,0.0,0.0,1.0,5,0.18253226154787808,False
P003,2024-03-10,1,0.0,5.0,1.0,6,0.8072463471351972,False
P003,2024-03-11,5,1.0,0.0,0.42857142857142855,0,0.6940389067958563,False
P003,2024-03-12,0,5.0,0.0,1.1428571428571428,1,0.5896686696964377,False
P003,2024-03-13,2,0.0,0.0,1.1428571428571428,2,0.3755764507431383,False
P003,2024-03-14,3,2.0,2.0,1.4285714285714286,3,1.0519540741653917,False
P003,2024-03-15,0,3.0,0.0,1.5714285714285714,4,0.42976616816679847,False
P003,2024-03-16,5,0.0,0.0,1.5714285714285714,5,0.44941858999719314,False
P003,2024-03-17,0,5.0,1.0,2.2857142857142856,6,0.5924081582022703,False
P003,2024-03-18,5,0.0,5.0,2.142857142857143,0,0.6214061637910713,False
P003,2024-03-19,0,5.0,0.0,2.142857142857143,1,0.31414289156510006,False
P003,2024-03-20,4,0.0,2.0,2.142857142857143,2,0.940540190996947,False
P003,2024-03-21,0,4.0,3.0,2.4285714285714284,3,0.8470918840915447,False
P003,2024-03-22,0,0.0,0.0,2.0,4,0.5286263799643842,False
P003,2024-03-23,5,0.0,5.0,2.0,5,0.6472976195160065,False
P003,2024-03-24,0,5.0,0.0,2.0,6,0.3632907240075474,False
P003,2024-03-25,5,0.0,5.0,2.0,0,0.5944126530211747,False
P003,2024-03-26,5,5.0,0.0,2.0,1,0.8961369608521885,False
P003,2024-03-27,4,5.0,4.0,2.7142857142857144,2,1.1074167370483619,False
P003,2024-03-28,0,4.0,0.0,2.7142857142857144,3,0.587482738049509,False
P003,2024-03-29,4,0.0,0.0,2.7142857142857144,4,0.9589831918341863,False
P003,2024-03-30,0,4.0,5.0,3.2857142857142856,5,0.7398270417211334,False
P003,2024-03-31,0,0.0,0.0,2.5714285714285716,6,0.6701970848685932,False
P003,2024-04-01,3,0.0,5.0,2.5714285714285716,0,0.9507644182354834,False
P003,2024-04-02,1,3.0,5.0,2.2857142857142856,1,0.847650461220813,False
P003,2024-04-03,0,1.0,4.0,1.7142857142857142,2,0.6483021392602929,False
P003,2024-04-04,0,0.0,0.0,1.1428571428571428,3,0.3429981326613033,False
P003,2024-04-05,2,0.0,4.0,1.1428571428571428,4,0.857124899167491,False
P003,2024-04-06,6,2.0,0.0,0.8571428571428571,5,0.8721588196624914,False
P003,2024-04-07,0,6.0,0.0,1.7142857142857142,6,0.5540362658111936,False
P003,2024-04-08,2,0.0,3.0,1.7142857142857142,0,0.7167743543131453,False
P003,2024-04-09,0,2.0,1.0,1.5714285714285714,1,0.6102511960348445,False
P003,2024-04-10,0,0.0,0.0,1.4285714285714286,2,0.3620610798316684,False
P003,2024-04-11,6,0.0,0.0,1.4285714285714286,3,0.5026544759585796,False
P003,2024-04-12,5,6.0,2.0,2.2857142857142856,4,0.8574947314050512,False
P003,2024-04-13,0,5.0,6.0,2.7142857142857144,5,0.8731670069206023,False
P003,2024-04-14,0,0.0,0.0,1.8571428571428572,6,0.27379839232181713,False
P003,2024-04-15,0,0.0,2.0,1.8571428571428572,0,0.6419742583373065,False
P003,2024-04-16,-5,0.0,0.0,1.5714285714285714,1,2.2359192530446785,True
P003,2024-04-17,0,-5.0,0.0,0.8571428571428571,2,2.2149310746302553,True
P003,2024-04-18,0,0.0,6.0,0.8571428571428571,3,0.6655553789389955,False
P003,2024-04-19,4,0.0,5.0,0.0,4,1.3805041478541447,True
P003,2024-04-20,0,4.0,0.0,-0.14285714285714285,5,1.1955265969363853,False
P003,2024-04-21,3,0.0,0.0,-0.14285714285714285,6,0.8178655236581168,False
P003,2024-04-22,0,3.0,0.0,0.2857142857142857,0,0.7480824462489017,False
P003,2024-04-23,1,0.0,-5.0,0.2857142857142857,1,2.250185989032558,True
P003,2024-04-24,0,1.0,0.0,1.1428571428571428,2,0.4321856090293987,False
P003,2024-04-25,0,0.0,0.0,1.1428571428571428,3,0.3429981326613033,False
P003,2024-04-26,0,0.0,4.0,1.1428571428571428,4,0.5265904376829007,False
P003,2024-04-27,3,0.0,0.0,0.5714285714285714,5,0.3951688671587517,False
P003,2024-04-28,2,3.0,3.0,1.0,6,0.9599153589510501,False
P003,2024-04-29,0,2.0,0.0,0.8571428571428571,0,0.551756288947747,False
P003,2024-04-30,0,0.0,1.0,0.8571428571428571,1,0.4550946405906979,False
P003,2024-05-01,2,0.0,0.0,0.7142857142857143,2,0.5779569402452189,False
P003,2024-05-02,0,2.0,0.0,1.0,3,0.6016555203849393,False
P003,2024-05-03,0,0.0,0.0,1.0,4,0.3063127688301356,False
P003,2024-05-04,4,0.0,3.0,1.0,5,1.0370645734252144,False
P003,2024-05-05,0,4.0,2.0,1.1428571428571428,6,0.9808039475073734,False
P003,2024-05-06,0,0.0,0.0,0.8571428571428571,0,0.243376348730504,False
P003,2024-05-07,0,0.0,0.0,0.8571428571428571,1,0.12168817436525199,False
P003,2024-05-08,0,0.0,2.0,0.8571428571428571,2,0.48222590695474654,False
P003,2024-05-09,0,0.0,0.0,0.5714285714285714,3,0.3227896750543399,False
P003,2024-05-10,2,0.0,0.0,0.5714285714285714,4,0.5359969576427012,False
P003,2024-05-11,3,2.0,4.0,0.8571428571428571,5,1.0919010051873677,False
P003,2024-05-12,0,3.0,0.0,0.7142857142857143,6,0.6048443632095184,False
P003,2024-05-13,4,0.0,0.0,0.7142857142857143,0,0.5283301213752567,False
P003,2024-05-14,0,4.0,0.0,1.2857142857142858,1,0.6147214805645265,False
P003,2024-05-15,3,0.0,0.0,1.2857142857142858,2,0.49642335389364567,False
P003,2024-05-16,0,3.0,0.0,1.7142857142857142,3,0.5921655538364143,False
P003,2024-05-17,3,0.0,2.0,1.7142857142857142,4,0.9775916148413089,False
P003,2024-05-18,0,3.0,3.0,1.8571428571428572,5,0.7785663696018477,False
P003,2024-05-19,0,0.0,0.0,1.4285714285714286,6,0.12168817436525196,False
P003,2024-05-20,0,0.0,4.0,1.4285714285714286,0,0.182532261547878,False
P003,2024-05-21,0,0.0,0.0,0.8571428571428571,1,0.12168817436525199,False
P003,2024-05-22,0,0.0,3.0,0.8571428571428571,2,0.5187237537542806,False
P003,2024-05-23,4,0.0,0.0,0.42857142857142855,3,0.4733676760826183,False
P003,2024-05-24,3,4.0,3.0,1.0,4,0.9825069568632854,False
P003,2024-05-25,0,3.0,0.0,1.0,5,0.45790198624545997,False
P003,2024-05-26,7,0.0,0.0,1.0,6,0.9809184627486243,False
P003,2024-05-27,1,7.0,0.0,2.0,0,1.0226218428026244,False
P003,2024-05-28,6,1.0,0.0,2.142857142857143,1,0.7966687099211487,False
P003,2024-05-29,2,6.0,0.0,3.0,2,1.0364858754418216,False
P003,2024-05-30,4,2.0,4.0,3.2857142857142856,3,0.8882408757309884,False
P003,2024-05-31,0,4.0,3.0,3.2857142857142856,4,0.7989691867096667,False
P003,2024-06-01,5,0.0,0.0,2.857142857142857,5,1.0885715433499117,False
P003,2024-06-02,4,5.0,7.0,3.5714285714285716,6,1.0952776561638227,False
P003,2024-06-03,0,4.0,1.0,3.142857142857143,0,0.7607595655137012,False
P003,2024-06-04,0,0.0,6.0,3.0,1,0.5736282051050905,False
P003,2024-06-05,0,0.0,2.0,2.142857142857143,2,0.5246814603532897,False
P003,2024-06-06,2,0.0,4.0,1.8571428571428572,3,0.8486763447848045,False
P003,2024-06-07,0,2.0,0.0,1.5714285714285714,4,0.5472427381159163,False
P003,2024-06-08,4,0.0,5.0,1.5714285714285714,5,0.7026211893890064,False
P003,2024-06-09,2,4.0,4.0,1.4285714285714286,6,1.0863967981728764,False
P003,2024-06-10,2,2.0,0.0,1.1428571428571428,0,0.7584582929552556,False
P003,2024-06-11,0,2.0,0.0,1.4285714285714286,1,0.41442900171289815,False
P003,2024-06-12,5,0.0,0.0,1.4285714285714286,2,0.5506860303843877,False
P003,2024-06-13,5,5.0,2.0,2.142857142857143,3,0.9397753253547222,False
P003,2024-06-14,0,5.0,0.0,2.5714285714285716,4,0.5942787528917759,False
P003,2024-06-15,6,0.0,4.0,2.5714285714285716,5,0.9601650787445031,False
P003,2024-06-16,0,6.0,2.0,2.857142857142857,6,1.1096984962893082,False
P003,2024-06-17,5,0.0,2.0,2.5714285714285716,0,1.1596881416316323,False
P003,2024-06-18,0,5.0,0.0,3.0,1,0.7025041540171807,False
P003,2024-06-19,0,0.0,5.0,3.0,2,0.5908493706096014,False
P003,2024-06-20,0,0.0,5.0,2.2857142857142856,3,0.44540377006299153,False
P003,2024-06-21,0,0.0,0.0,1.5714285714285714,4,0.4989537607656948,False
P003,2024-06-22,0,0.0,6.0,1.5714285714285714,5,0.6975059180052641,False
P003,2024-06-23,3,0.0,0.0,0.7142857142857143,6,0.5716780638826274,False
P003,2024-06-24,0,3.0,5.0,1.1428571428571428,0,1.001374591502173,False
P003,2024-06-25,0,0.0,0.0,0.42857142857142855,1,0.21295430513919097,False
P003,2024-06-26,1,0.0,0.0,0.42857142857142855,2,0.48954684857361785,False
P003,2024-06-27,6,1.0,0.0,0.5714285714285714,3,0.6343819516850406,False
P003,2024-06-28,0,6.0,0.0,1.4285714285714286,4,0.4176996032595096,False
P003,2024-06-29,2,0.0,0.0,1.4285714285714286,5,0.8485248136411181,False
P003,2024-06-30,0,2.0,3.0,1.7142857142857142,6,0.7296481560210698,False
P003,2024-07-01,5,0.0,0.0,1.2857142857142858,0,0.5756071444821259,False
P003,2024-07-02,0,5.0,0.0,2.0,1,0.3318048551534801,False
P003,2024-07-03,8,0.0,1.0,2.0,2,1.1705334775962535,False
P003,2024-07-04,5,8.0,6.0,3.0,3,1.2825838753870225,False
P003,2024-07-05,4,5.0,0.0,2.857142857142857,4,0.7007284270888086,False
P003,2024-07-06,7,4.0,2.0,3.4285714285714284,5,1.319881873555,False
P003,2024-07-07,4,7.0,0.0,4.142857142857143,6,1.677102670308092,True
P003,2024-07-08,0,4.0,5.0,4.714285714285714,0,1.7887087491178328,True
P003,2024-07-09,3,0.0,0.0,4.0,1,1.3906809946645062,True
P003,2024-07-10,5,3.0,8.0,4.428571428571429,2,1.6481751041368262,True
P003,2024-07-11,5,5.0,5.0,4.0,3,1.1515520549666607,False
P003,2024-07-12,0,5.0,4.0,4.0,4,1.0408862290064642,False
P003,2024-07-13,0,0.0,7.0,3.4285714285714284,5,1.2027401201103693,False
P003,2024-07-14,4,0.0,4.0,2.4285714285714284,6,0.8142543838899625,False
P003,2024-07-15,0,4.0,0.0,2.4285714285714284,0,0.4842814802600948,False
P003,2024-07-16,0,0.0,3.0,2.4285714285714284,1,0.4428660399055294,False
P003,2024-07-17,0,0.0,5.0,2.0,2,0.4706215821254117,False
P003,2024-07-18,5,0.0,5.0,1.2857142857142858,3,0.7704906830872508,False
P003,2024-07-19,0,5.0,0.0,1.2857142857142858,4,0.2758907252388226,False
P003,2024-07-20,0,0.0,0.0,1.2857142857142858,5,0.2737983923218171,False
P003,2024-07-21,0,0.0,4.0,1.2857142857142858,6,0.6037370122953764,False
P003,2024-07-22,7,0.0,0.0,0.7142857142857143,0,0.9565514125707401,False
P003,2024-07-23,3,7.0,0.0,1.7142857142857142,1,1.101595398651244,False
P003,2024-07-24,0,3.0,0.0,2.142857142857143,2,0.5407865954461232,False
P003,2024-07-25,0,0.0,5.0,2.142857142857143,3,0.41859605021239454,False
P003,2024-07-26,4,0.0,0.0,1.4285714285714286,4,0.3993019754598137,False
P003,2024-07-27,0,4.0,0.0,2.0,5,0.3222488066515597,False
P003,2024-07-28,3,0.0,0.0,2.0,6,0.5537231071462152,False
P003,2024-07-29,0,3.0,7.0,2.4285714285714284,0,1.1594381171956762,False
P003,2024-07-30,2,0.0,3.0,1.4285714285714286,1,0.7107417709010613,False
P003,2024-07-31,0,2.0,0.0,1.2857142857142858,2,0.45140482956039296,False
P003,2024-08-01,6,0.0,0.0,1.2857142857142858,3,0.41296131230059707,False
P003,2024-08-02,0,6.0,4.0,2.142857142857143,4,0.8783432137590449,False
P003,2024-08-03,8,0.0,0.0,1.5714285714285714,5,1.10434453414941,False
P003,2024-08-04,2,8.0,3.0,2.7142857142857144,6,1.4296569374989563,True
P003,2024-08-05,1,2.0,0.0,2.5714285714285716,0,0.7653656316591604,False
P003,2024-08-06,0,1.0,2.0,2.7142857142857144,1,0.6877387202099026,False
P003,2024-08-07,0,0.0,0.0,2.4285714285714284,2,0.5865302083343424,False
P003,2024-08-08,5,0.0,6.0,2.4285714285714284,3,0.9346724624733398,False
P003,2024-08-09,4,5.0,0.0,2.2857142857142856,4,0.6768839409739976,False
P003,2024-08-10,0,4.0,8.0,2.857142857142857,5,1.1960873505448926,False
P003,2024-08-11,0,0.0,2.0,1.7142857142857142,6,0.4565580924849316,False
P003,2024-08-12,0,0.0,1.0,1.4285714285714286,0,0.5056529142384989,False
P003,2024-08-13,6,0.0,0.0,1.2857142857142858,1,0.6268509895450458,False
P003,2024-08-14,10,6.0,0.0,2.142857142857143,2,2.0282659960902545,True
P003,2024-08-15,5,10.0,5.0,3.5714285714285716,3,1.808839040014004,True
P003,2024-08-16,5,5.0,4.0,3.5714285714285716,4,0.9508208770055553,False
P003,2024-08-17,0,5.0,0.0,3.7142857142857144,5,1.0919222125741306,False
P003,2024-08-18,0,0.0,0.0,3.7142857142857144,6,1.3564085488916657,False
P003,2024-08-19,0,0.0,0.0,3.7142857142857144,0,1.2442620687588009,False
P003,2024-08-20,2,0.0,6.0,3.7142857142857144,1,1.0636616992015688,False
P003,2024-08-21,0,2.0,10.0,3.142857142857143,2,1.4904564907475901,True
P003,2024-08-22,0,0.0,5.0,1.7142857142857142,3,0.4976485104792981,False
P003,2024-08-23,0,0.0,5.0,1.0,4,0.5625825562472071,False
P003,2024-08-24,0,0.0,0.0,0.2857142857142857,5,0.38008275492881927,False
P003,2024-08-25,3,0.0,0.0,0.2857142857142857,6,0.5526232886171317,False
P003,2024-08-26,0,3.0,0.0,0.7142857142857143,0,0.6308207769038374,False
P003,2024-08-27,0,0.0,2.0,0.7142857142857143,1,0.5206119747302301,False
P003,2024-08-28,4,0.0,0.0,0.42857142857142855,2,0.505062855552818,False
P003,2024-08-29,0,4.0,0.0,1.0,3,0.4691147722462906,False
P003,2024-08-30,0,0.0,0.0,1.0,4,0.3063127688301356,False
P003,2024-08-31,0,0.0,0.0,1.0,5,0.18253226154787808,False
P003,2024-09-01,1,0.0,3.0,1.0,6,0.593302779895825,False
P003,2024-09-02,0,1.0,0.0,0.7142857142857143,0,0.36833807858268497,False
P003,2024-09-03,3,0.0,0.0,0.7142857142857143,1,0.6081256898920163,False
P003,2024-09-04,4,3.0,4.0,1.1428571428571428,2,1.1310316496791402,False
P003,2024-09-05,1,4.0,0.0,1.1428571428571428,3,0.6045767558026109,False
P003,2024-09-06,0,1.0,0.0,1.2857142857142858,4,0.4592307179727655,False
P003,2024-09-07,4,0.0,0.0,1.2857142857142858,5,0.46475846018192657,False
P003,2024-09-08,0,4.0,1.0,1.8571428571428572,6,0.6363530030668538,False
P003,2024-09-09,0,0.0,0.0,1.7142857142857142,0,0.3936701730236786,False
P003,2024-09-10,0,0.0,3.0,1.7142857142857142,1,0.5273283242865071,False
P003,2024-09-11,0,0.0,4.0,1.2857142857142858,2,0.5398409919098661,False
P003,2024-09-12,0,0.0,1.0,0.7142857142857143,3,0.5365797069997542,False
P003,2024-09-13,0,0.0,0.0,0.5714285714285714,4,0.3430281340363852,False
P003,2024-09-14,0,0.0,4.0,0.5714285714285714,5,0.707902034441887,False
P003,2024-09-15,0,0.0,0.0,0.0,6,0.16049587248850708,False
P003,2024-09-16,4,0.0,0.0,0.0,0,0.38811227915794005,False
P003,2024-09-17,3,4.0,0.0,0.5714285714285714,1,1.0868146692907452,False
P003,2024-09-18,0,3.0,0.0,1.0,2,0.5551998710466023,False
P003,2024-09-19,5,0.0,0.0,1.0,3,0.27921650252357455,False
P003,2024-09-20,0,5.0,0.0,1.7142857142857142,4,0.4059645541360165,False
P003,2024-09-21,0,0.0,0.0,1.7142857142857142,5,0.21295430513919095,False
P003,2024-09-22,0,0.0,0.0,1.7142857142857142,6,0.152110217956565,False
P003,2024-09-23,0,0.0,4.0,1.7142857142857142,0,0.21295430513919097,False
P003,2024-09-24,0,0.0,3.0,1.1428571428571428,1,0.5223634078821231,False
P003,2024-09-25,0,0.0,0.0,0.7142857142857143,2,0.18253226154787808,False
P003,2024-09-26,0,0.0,5.0,0.7142857142857143,3,0.5891820088115579,False
P003,2024-09-27,0,0.0,0.0,0.0,4,0.41571357301492695,False
P003,2024-09-28,0,0.0,0.0,0.0,5,0.35350612148533267,False
P003,2024-09-29,0,0.0,0.0,0.0,6,0.16049587248850708,False
P003,2024-09-30,0,0.0,0.0,0.0,0,0.32553198936112987,False
P003,2024-10-01,0,0.0,0.0,0.0,1,0.4122578757509533,False
P003,2024-10-02,0,0.0,0.0,0.0,2,0.394761731075698,False
P003,2024-10-03,0,0.0,0.0,0.0,3,0.48987327199746344,False
P003,2024-10-04,0,0.0,0.0,0.0,4,0.41571357301492695,False
P003,2024-10-05,0,0.0,0.0,0.0,5,0.35350612148533267,False
P003,2024-10-06,7,0.0,0.0,0.0,6,1.0836035860740758,False
P003,2024-10-07,0,7.0,0.0,1.0,0,1.0473721519592525,False
P003,2024-10-08,0,0.0,0.0,1.0,1,0.060844087182625996,False
P003,2024-10-09,0,0.0,0.0,1.0,2,0.3042204359131301,False
P003,2024-10-10,5,0.0,0.0,1.0,3,0.27921650252357455,False
P003,2024-10-11,5,5.0,0.0,1.7142857142857142,4,0.758393977102669,False
P003,2024-10-12,6,5.0,0.0,2.4285714285714284,5,0.8736225347533946,False
P003,2024-10-13,4,6.0,7.0,3.2857142857142856,6,1.1713939091873875,False
P003,2024-10-14,0,4.0,0.0,2.857142857142857,0,0.5352925017065242,False
P003,2024-10-15,3,0.0,0.0,2.857142857142857,1,0.7682684046063468,False
P003,2024-10-16,0,3.0,0.0,3.2857142857142856,2,0.8664473685185701,False
P003,2024-10-17,4,0.0,5.0,3.2857142857142856,3,0.8759871749273938,False
P003,2024-10-18,0,4.0,5.0,3.142857142857143,4,0.7348473817304892,False
P003,2024-10-19,0,0.0,6.0,2.4285714285714284,5,0.660461557635115,False
P003,2024-10-20,5,0.0,4.0,1.5714285714285714,6,0.7793199981825562,False
P003,2024-10-21,0,5.0,0.0,1.7142857142857142,0,0.5994561072504002,False
P003,2024-10-22,2,0.0,3.0,1.7142857142857142,1,0.7001057556837528,False
P003,2024-10-23,0,2.0,0.0,1.5714285714285714,2,0.46641892843478994,False
P003,2024-10-24,4,0.0,4.0,1.5714285714285714,3,0.8001402340876826,False
P003,2024-10-25,4,4.0,0.0,1.5714285714285714,4,0.7079068593114055,False
P003,2024-10-26,0,4.0,0.0,2.142857142857143,5,0.373067160385124,False
P003,2024-10-27,3,0.0,5.0,2.142857142857143,6,0.7631353852055743,False
P003,2024-10-28,5,3.0,0.0,1.8571428571428572,0,0.6745647523339363,False
P003,2024-10-29,6,5.0,2.0,2.5714285714285716,1,1.2311445892279846,False
P003,2024-10-30,0,6.0,0.0,3.142857142857143,2,0.7677880728840611,False
P003,2024-10-31,0,0.0,4.0,3.142857142857143,3,0.7114464129040031,False
P003,2024-11-01,3,0.0,4.0,2.5714285714285716,4,0.879685091806305,False
P003,2024-11-02,0,3.0,0.0,2.4285714285714284,5,0.44273146783004974,False
P003,2024-11-03,0,0.0,3.0,2.4285714285714284,6,0.545830798844575,False
P003,2024-11-04,0,0.0,5.0,2.0,0,0.32169811700232087,False
P003,2024-11-05,4,0.0,6.0,1.2857142857142858,1,1.0892110549086524,False
P003,2024-11-06,0,4.0,0.0,1.0,2,0.5126970377842387,False
P003,2024-11-07,5,0.0,0.0,1.0,3,0.27921650252357455,False
P003,2024-11-08,7,5.0,3.0,1.7142857142857142,4,1.2623364669741164,False
P003,2024-11-09,0,7.0,0.0,2.2857142857142856,5,0.7604306118987767,False
P003,2024-11-10,0,0.0,0.0,2.2857142857142856,6,0.5306160784196849,False
P003,2024-11-11,9,0.0,0.0,2.2857142857142856,0,1.334413800116978,False
P003,2024-11-12,0,9.0,4.0,3.5714285714285716,1,1.5268880624760672,True
P003,2024-11-13,3,0.0,0.0,3.0,2,0.8360338809359735,False
P003,2024-11-14,3,3.0,5.0,3.4285714285714284,3,0.8372998795331551,False
P003,2024-11-15,2,3.0,7.0,3.142857142857143,4,1.1439708902273664,False
P003,2024-11-16,0,2.0,0.0,2.4285714285714284,5,0.4342709590765209,False
P003,2024-11-17,3,0.0,0.0,2.4285714285714284,6,0.5770977573094678,False
P003,2024-11-18,4,3.0,9.0,2.857142857142857,0,1.7900880928959697,True
P003,2024-11-19,0,4.0,0.0,2.142857142857143,1,0.4704377753556762,False
P003,2024-11-20,5,0.0,3.0,2.142857142857143,2,0.954337158358913,False
P003,2024-11-21,2,5.0,3.0,2.4285714285714284,3,1.046442236761162,False
P003,2024-11-22,2,2.0,2.0,2.2857142857142856,4,1.0038427042010278,False
P003,2024-11-23,0,2.0,0.0,2.2857142857142856,5,0.45065540516776936,False
P003,2024-11-24,0,0.0,3.0,2.2857142857142856,6,0.4396228417622449,False
P003,2024-11-25,0,0.0,4.0,1.8571428571428572,0,0.3346424795044432,False
P003,2024-11-26,0,0.0,0.0,1.2857142857142858,1,0.27379839232181713,False
P003,2024-11-27,0,0.0,5.0,1.2857142857142858,2,0.609102351984693,False
P003,2024-11-28,3,0.0,2.0,0.5714285714285714,3,0.9073839147584511,False
P003,2024-11-29,0,3.0,2.0,0.7142857142857143,4,0.93894932805502,False
P003,2024-11-30,2,0.0,0.0,0.42857142857142855,5,0.48496415085014244,False
P003,2024-12-01,0,2.0,0.0,0.7142857142857143,6,0.5939474711865398,False
P003,2024-12-02,0,0.0,0.0,0.7142857142857143,0,0.243376348730504,False
P003,2024-12-03,0,0.0,0.0,0.7142857142857143,1,0.15211021795656504,False
P003,2024-12-04,0,0.0,0.0,0.7142857142857143,2,0.18253226154787808,False
P003,2024-12-05,10,0.0,3.0,0.7142857142857143,3,1.7315272557427477,True
P003,2024-12-06,1,10.0,0.0,1.7142857142857142,4,1.4700293643030615,True
P003,2024-12-07,3,1.0,2.0,1.8571428571428572,5,0.9320016105105827,False
P003,2024-12-08,0,3.0,0.0,2.0,6,0.4925375742453177,False
P003,2024-12-09,2,0.0,0.0,2.0,0,0.7532728879099939,False
P003,2024-12-10,0,2.0,0.0,2.2857142857142856,1,0.6617898135487664,False
P003,2024-12-11,3,0.0,0.0,2.2857142857142856,2,0.6087706530269008,False
P003,2024-12-12,0,3.0,10.0,2.7142857142857144,3,1.4705972575228452,True
P003,2024-12-13,0,0.0,1.0,1.2857142857142858,4,0.5621981124035541,False
P003,2024-12-14,0,0.0,3.0,1.1428571428571428,5,0.5200393872815329,False
P003,2024-12-15,0,0.0,0.0,0.7142857142857143,6,0.27592466543725713,False
P003,2024-12-16,0,0.0,2.0,0.7142857142857143,0,0.6042546814538999,False
P003,2024-12-17,5,0.0,0.0,0.42857142857142855,1,0.6419283562365188,False
P003,2024-12-18,3,5.0,3.0,1.1428571428571428,2,1.135582772203363,False
P003,2024-12-19,8,3.0,0.0,1.1428571428571428,3,1.2898076109344032,False
P003,2024-12-20,0,8.0,0.0,2.2857142857142856,4,0.9666889750095395,False
P003,2024-12-21,2,0.0,0.0,2.2857142857142856,5,0.6423026784499101,False
P003,2024-12-22,0,2.0,0.0,2.5714285714285716,6,0.3879236765208908,False
P003,2024-12-23,0,0.0,0.0,2.5714285714285716,0,0.674787763761376,False
P003,2024-12-24,0,0.0,5.0,2.5714285714285716,1,0.6584034325718537,False
P003,2024-12-25,0,0.0,3.0,1.8571428571428572,2,0.30803584468587464,False
P003,2024-12-26,3,0.0,8.0,1.4285714285714286,3,1.2547857227979067,False
P003,2024-12-27,0,3.0,0.0,0.7142857142857143,4,0.6008319202505964,False
P003,2024-12-28,0,0.0,2.0,0.7142857142857143,5,0.4796164576671617,False
P003,2024-12-29,5,0.0,0.0,0.42857142857142855,6,0.720682083833182,False
P003,2024-12-30,0,5.0,0.0,1.1428571428571428,0,0.607590945102696,False
P003,2024-12-31,2,0.0,0.0,1.1428571428571428,1,0.5181864656725373,False
P004,2023-01-01,81,,,,6,,False
P004,2023-01-02,53,81.0,,,0,,False
P004,2023-01-03,63,53.0,,,1,,False
P004,2023-01-04,57,63.0,,,2,,False
P004,2023-01-05,71,57.0,,,3,,False
P004,2023-01-06,60,71.0,,,4,,False
P004,2023-01-07,67,60.0,,,5,,False
P004,2023-01-08,83,67.0,81.0,64.57142857142857,6,0.46981996830084977,False
P004,2023-01-09,71,83.0,53.0,64.85714285714286,0,0.7937047569215234,False
P004,2023-01-10,69,71.0,63.0,67.42857142857143,1,0.8306497681116152,False
P004,2023-01-11,70,69.0,57.0,68.28571428571429,2,0.7086561241461575,False
P004,2023-01-12,53,70.0,71.0,70.14285714285714,3,0.6808122121126245,False
P004,2023-01-13,65,53.0,60.0,67.57142857142857,4,0.5116110312470618,False
P004,2023-01-14,76,65.0,67.0,68.28571428571429,5,0.6061637050669464,False
P004,2023-01-15,82,76.0,83.0,69.57142857142857,6,0.5391925136450035,False
P004,2023-01-16,52,82.0,71.0,69.42857142857143,0,0.7518357660919804,False
P004,2023-01-17,55,52.0,69.0,66.71428571428571,1,0.3664678132349145,False
P004,2023-01-18,55,55.0,70.0,64.71428571428571,2,0.4845230217782814,False
P004,2023-01-19,64,55.0,53.0,62.57142857142857,3,0.3534617260090146,False
P004,2023-01-20,64,64.0,65.0,64.14285714285714,4,0.4145911889385797,False
P004,2023-01-21,82,64.0,76.0,64.0,5,0.33118273595739717,False
P004,2023-01-22,72,82.0,82.0,64.85714285714286,6,0.3529550830764177,False
P004,2023-01-23,57,72.0,52.0,63.42857142857143,0,0.36019105883654373,False
P004,2023-01-24,54,57.0,55.0,64.14285714285714,1,0.4338105380331303,False
P004,2023-01-25,64,54.0,55.0,64.0,2,0.4074707143391791,False
P004,2023-01-26,66,64.0,64.0,65.28571428571429,3,0.5279704707049653,False
P004,2023-01-27,65,66.0,64.0,65.57142857142857,4,0.43310975854405614,False
P004,2023-01-28,75,65.0,82.0,65.71428571428571,5,0.3989796126016209,False
P004,2023-01-29,63,75.0,72.0,64.71428571428571,6,0.462766204955679,False
P004,2023-01-30,48,63.0,57.0,63.42857142857143,0,0.44081967039243575,False
P004,2023-01-31,67,48.0,54.0,62.142857142857146,1,0.4405005802465555,False
P004,2023-02-01,56,67.0,64.0,64.0,2,0.4286978243976486,False
P004,2023-02-02,54,56.0,66.0,62.857142857142854,3,0.48370040635341394,False
P004,2023-02-03,68,54.0,65.0,61.142857142857146,4,0.4857392890590738,False
P004,2023-02-04,87,68.0,75.0,61.57142857142857,5,0.5125020881789639,False
P004,2023-02-05,79,87.0,63.0,63.285714285714285,6,0.7205975013523267,False
P004,2023-02-06,56,79.0,48.0,65.57142857142857,0,0.44745200897699383,False
P004,2023-02-07,57,56.0,67.0,66.71428571428571,1,0.3399882063302524,False
P004,2023-02-08,59,57.0,56.0,65.28571428571429,2,0.35914006202894583,False
P004,2023-02-09,68,59.0,54.0,65.71428571428571,3,0.39345455788226025,False
P004,2023-02-10,61,68.0,68.0,67.71428571428571,4,0.4962098114904833,False
P004,2023-02-11,83,61.0,87.0,66.71428571428571,5,0.5789061958538748,False
P004,2023-02-12,86,83.0,79.0,66.14285714285714,6,0.5157383799140396,False
P004,2023-02-13,51,86.0,56.0,67.14285714285714,0,0.38871906566992065,False
P004,2023-02-14,62,51.0,57.0,66.42857142857143,1,0.4933621907514964,False
P004,2023-02-15,56,62.0,59.0,67.14285714285714,2,0.41739568914712616,False
P004,2023-02-16,43,56.0,68.0,66.71428571428571,3,0.6759256023567365,False
P004,2023-02-17,45,43.0,61.0,63.142857142857146,4,0.4644767062113554,False
P004,2023-02-18,72,45.0,83.0,60.857142857142854,5,0.46599096486272923,False
P004,2023-02-19,82,72.0,86.0,59.285714285714285,6,0.4253475180127282,False
P004,2023-02-20,58,82.0,51.0,58.714285714285715,0,0.37498729838003647,False
P004,2023-02-21,59,58.0,62.0,59.714285714285715,1,0.508462955701115,False
P004,2023-02-22,69,59.0,56.0,59.285714285714285,2,0.5033529026763126,False
P004,2023-02-23,50,69.0,43.0,61.142857142857146,3,0.5320262468062503,False
P004,2023-02-24,57,50.0,45.0,62.142857142857146,4,0.4160865338469968,False
P004,2023-02-25,80,57.0,72.0,63.857142857142854,5,0.331245570085933,False
P004,2023-02-26,74,80.0,82.0,65.0,6,0.3222713251667523,False
P004,2023-02-27,57,74.0,58.0,63.857142857142854,0,0.3801370135465942,False
P004,2023-02-28,48,57.0,59.0,63.714285714285715,1,0.47423830128619454,False
P004,2023-03-01,66,48.0,69.0,62.142857142857146,2,0.6239880449957569,False
P004,2023-03-02,53,66.0,50.0,61.714285714285715,3,0.49611066699093787,False
P004,2023-03-03,69,53.0,57.0,62.142857142857146,4,0.464294275821033,False
P004,2023-03-04,78,69.0,80.0,63.857142857142854,5,0.36932709867560254,False
P004,2023-03-05,84,78.0,74.0,63.57142857142857,6,0.3586345786872918,False
P004,2023-03-06,56,84.0,57.0,65.0,0,0.3181032945304253,False
P004,2023-03-07,57,56.0,48.0,64.85714285714286,1,0.4581157183843471,False
P004,2023-03-08,53,57.0,66.0,66.14285714285714,2,0.47334163480623115,False
P004,2023-03-09,57,53.0,53.0,64.28571428571429,3,0.3881608429920571,False
P004,2023-03-10,59,57.0,69.0,64.85714285714286,4,0.5203530396131909,False
P004,2023-03-11,73,59.0,78.0,63.42857142857143,5,0.3941934582654986,False
P004,2023-03-12,77,73.0,84.0,62.714285714285715,6,0.34029725273574335,False
P004,2023-03-13,53,77.0,56.0,61.714285714285715,0,0.3228884695392535,False
P004,2023-03-14,70,53.0,57.0,61.285714285714285,1,0.46123396653183335,False
P004,2023-03-15,56,70.0,53.0,63.142857142857146,2,0.43813256611281864,False
P004,2023-03-16,66,56.0,57.0,63.57142857142857,3,0.3773388881275304,False
P004,2023-03-17,55,66.0,59.0,64.85714285714286,4,0.6052608931201644,False
P004,2023-03-18,79,55.0,73.0,64.28571428571429,5,0.3322417893816449,False
P004,2023-03-19,69,79.0,77.0,65.14285714285714,6,0.38069149647854533,False
P004,2023-03-20,53,69.0,53.0,64.0,0,0.4149228648953063,False
P004,2023-03-21,57,53.0,70.0,64.0,1,0.31748235734177777,False
P004,2023-03-22,66,57.0,56.0,62.142857142857146,2,0.3752022201853181,False
P004,2023-03-23,57,66.0,66.0,63.57142857142857,3,0.5388190371186221,False
P004,2023-03-24,64,57.0,55.0,62.285714285714285,4,0.46304247834800566,False
P004,2023-03-25,81,64.0,79.0,63.57142857142857,5,0.3265594713828854,False
P004,2023-03-26,87,81.0,69.0,63.857142857142854,6,0.5002278906670559,False
P004,2023-03-27,55,87.0,53.0,66.42857142857143,0,0.38613621576630547,False
P004,2023-03-28,70,55.0,57.0,66.71428571428571,1,0.5047971399344864,False
P004,2023-03-29,53,70.0,66.0,68.57142857142857,2,0.5462103314457841,False
P004,2023-03-30,51,53.0,57.0,66.71428571428571,3,0.4192263186303341,False
P004,2023-03-31,48,51.0,64.0,65.85714285714286,4,0.5068092660247364,False
P004,2023-04-01,90,48.0,81.0,63.57142857142857,5,0.7864993168489576,False
P004,2023-04-02,81,90.0,87.0,64.85714285714286,6,0.705400739595342,False
P004,2023-04-03,53,81.0,55.0,64.0,0,0.3012623543086034,False
P004,2023-04-04,63,53.0,70.0,63.714285714285715,1,0.39355506860502387,False
P004,2023-04-05,59,63.0,53.0,62.714285714285715,2,0.31286623250826684,False
P004,2023-04-06,67,59.0,51.0,63.57142857142857,3,0.39563292347658124,False
P004,2023-04-07,46,67.0,48.0,65.85714285714286,4,0.689831773391172,False
P004,2023-04-08,75,46.0,90.0,65.57142857142857,5,0.7182242315601004,False
P004,2023-04-09,73,75.0,81.0,63.42857142857143,6,0.3145177998394369,False
P004,2023-04-10,43,73.0,53.0,62.285714285714285,0,0.4254624723956195,False
P004,2023-04-11,61,43.0,63.0,60.857142857142854,1,0.526852043435703,False
P004,2023-04-11,72,43.0,63.0,60.857142857142854,1,0.594784663893501,False
P004,2023-04-12,53,66.5,59.0,61.357142857142854,2,0.37445754329919395,False
P004,2023-04-13,59,53.0,67.0,60.5,3,0.5283484593370948,False
P004,2023-04-14,69,59.0,46.0,59.357142857142854,4,0.6605902877771554,False
P004,2023-04-15,74,69.0,75.0,62.642857142857146,5,0.44438830754050257,False
P004,2023-04-16,73,74.0,73.0,62.5,6,0.39361725514636425,False
P004,2023-04-17,55,73.0,43.0,62.5,0,0.4646345331245184,False
P004,2023-04-18,61,55.0,66.5,64.21428571428571,1,0.31308928567065897,False
P004,2023-04-19,51,61.0,53.0,63.42857142857143,2,0.36431301620084106,False
P004,2023-04-20,51,51.0,59.0,63.142857142857146,3,0.39952483316034043,False
P004,2023-04-21,61,51.0,69.0,62.0,4,0.5071108922481843,False
P004,2023-04-22,78,61.0,74.0,60.857142857142854,5,0.33679727785515107,False
P004,2023-04-23,63,78.0,73.0,61.42857142857143,6,0.4320342558337633,False
P004,2023-04-24,47,63.0,55.0,60.0,0,0.3819325582007799,False
P004,2023-04-25,63,47.0,61.0,58.857142857142854,1,0.45824446873450897,False
P004,2023-04-26,57,63.0,51.0,59.142857142857146,2,0.2925899987137037,False
P004,2023-04-27,50,57.0,51.0,60.0,3,0.253356438859848,False
P004,2023-04-28,53,50.0,61.0,59.857142857142854,4,0.4163328527942296,False
P004,2023-04-29,75,53.0,78.0,58.714285714285715,5,0.28672009442420265,False
P004,2023-04-30,79,75.0,63.0,58.285714285714285,6,0.5475071573938195,False
P004,2023-05-01,46,79.0,47.0,60.57142857142857,0,0.46919419210211977,False
P004,2023-05-02,49,46.0,63.0,60.42857142857143,1,0.3875549845079949,False
P004,2023-05-03,56,49.0,57.0,58.42857142857143,2,0.28307599793751537,False
P004,2023-05-04,53,56.0,50.0,58.285714285714285,3,0.24862152891153136,False
P004,2023-05-05,57,53.0,53.0,58.714285714285715,4,0.39196917703622175,False
P004,2023-05-06,67,57.0,75.0,59.285714285714285,5,0.40919678393740755,False
P004,2023-05-07,77,67.0,79.0,58.142857142857146,6,0.3609613246104849,False
P004,2023-05-08,60,77.0,46.0,57.857142857142854,0,0.32386106259637804,False
P004,2023-05-09,57,60.0,49.0,59.857142857142854,1,0.35130799910654253,False
P004,2023-05-10,54,57.0,56.0,61.0,2,0.31116782415219735,False
P004,2023-05-11,53,54.0,53.0,60.714285714285715,3,0.25586564859088895,False
P004,2023-05-12,48,53.0,57.0,60.714285714285715,4,0.38190498967962966,False
P004,2023-05-13,74,48.0,67.0,59.42857142857143,5,0.3488683226746988,False
P004,2023-05-14,82,74.0,77.0,60.42857142857143,6,0.32910163234409706,False
P004,2023-05-15,53,82.0,60.0,61.142857142857146,0,0.35889117485462146,False
P004,2023-05-16,48,53.0,57.0,60.142857142857146,1,0.39171494218810043,False
P004,2023-05-17,50,48.0,54.0,58.857142857142854,2,0.2963042638657304,False
P004,2023-05-18,54,50.0,53.0,58.285714285714285,3,0.30248881899054286,False
P004,2023-05-19,51,54.0,48.0,58.42857142857143,4,0.3484098833293275,False
P004,2023-05-20,77,51.0,74.0,58.857142857142854,5,0.27804509021297463,False
P004,2023-05-21,77,77.0,82.0,59.285714285714285,6,0.3147820114631211,False
P004,2023-05-22,58,77.0,53.0,58.57142857142857,0,0.3298653920012806,False
P004,2023-05-23,61,58.0,48.0,59.285714285714285,1,0.40224896838750696,False
P004,2023-05-24,59,61.0,50.0,61.142857142857146,2,0.32352946930140275,False
P004,2023-05-25,47,59.0,54.0,62.42857142857143,3,0.40410316807495344,False
P004,2023-05-26,47,47.0,51.0,61.42857142857143,4,0.37508248040479275,False
P004,2023-05-27,73,47.0,77.0,60.857142857142854,5,0.3545615548203477,False
P004,2023-05-28,71,73.0,77.0,60.285714285714285,6,0.35745066416024923,False
P004,2023-05-29,46,71.0,58.0,59.42857142857143,0,0.3194425474704765,False
P004,2023-05-30,50,46.0,61.0,57.714285714285715,1,0.37074480221053213,False
P004,2023-05-31,50,50.0,59.0,56.142857142857146,2,0.36507073518192956,False
P004,2023-06-01,48,50.0,47.0,54.857142857142854,3,0.30562160793332105,False
P004,2023-06-02,51,48.0,47.0,55.0,4,0.29449017804573774,False
P004,2023-06-03,80,51.0,73.0,55.57142857142857,5,0.33902902884131103,False
P004,2023-06-04,74,80.0,71.0,56.57142857142857,6,0.43523859529079106,False
P004,2023-06-05,67,74.0,46.0,57.0,0,0.49515890444129057,False
P004,2023-06-06,53,67.0,50.0,60.0,1,0.537628920928449,False
P004,2023-06-07,50,53.0,50.0,60.42857142857143,2,0.34293644046373906,False
P004,2023-06-08,52,50.0,48.0,60.42857142857143,3,0.33611990578211315,False
P004,2023-06-09,54,52.0,51.0,61.0,4,0.3378892827661479,False
P004,2023-06-10,76,54.0,80.0,61.42857142857143,5,0.33153523374615046,False
P004,2023-06-11,85,76.0,74.0,60.857142857142854,6,0.3667221458706226,False
P004,2023-06-12,47,85.0,67.0,62.42857142857143,0,0.5923328730181556,False
P004,2023-06-13,57,47.0,53.0,59.57142857142857,1,0.5157121590974318,False
P004,2023-06-14,53,57.0,50.0,60.142857142857146,2,0.3186829888694872,False
P004,2023-06-15,42,53.0,52.0,60.57142857142857,3,0.38331262453545817,False
P004,2023-06-16,56,42.0,54.0,59.142857142857146,4,0.4437725399454024,False
P004,2023-06-17,80,56.0,76.0,59.42857142857143,5,0.31908915907542046,False
P004,2023-06-18,67,80.0,85.0,60.0,6,0.4956000158985393,False
P004,2023-06-19,51,67.0,47.0,57.42857142857143,0,0.3538702819427521,False
P004,2023-06-20,41,51.0,57.0,58.0,1,0.46563616522736895,False
P004,2023-06-21,44,41.0,53.0,55.714285714285715,2,0.3594710916639534,False
P004,2023-06-22,58,44.0,42.0,54.42857142857143,3,0.5829785472110045,False
P004,2023-06-23,49,58.0,56.0,56.714285714285715,4,0.4690643346385251,False
P004,2023-06-24,66,49.0,80.0,55.714285714285715,5,0.4270145076992254,False
P004,2023-06-25,74,66.0,67.0,53.714285714285715,6,0.43023317908869585,False
P004,2023-06-26,48,74.0,51.0,54.714285714285715,0,0.3673247159776514,False
P004,2023-06-27,48,48.0,41.0,54.285714285714285,1,0.3459671160449328,False
P004,2023-06-28,56,48.0,44.0,55.285714285714285,2,0.47563888143525607,False
P004,2023-06-29,44,56.0,58.0,57.0,3,0.4471118258221166,False
P004,2023-06-30,46,44.0,49.0,55.0,4,0.3459661830186692,False
P004,2023-07-01,73,46.0,66.0,54.57142857142857,5,0.3344435157058613,False
P004,2023-07-02,78,73.0,74.0,55.57142857142857,6,0.4024045282711751,False
P004,2023-07-03,58,78.0,48.0,56.142857142857146,0,0.27794388953209703,False
P004,2023-07-04,47,58.0,48.0,57.57142857142857,1,0.3859350654042328,False
P004,2023-07-05,56,47.0,56.0,57.42857142857143,2,0.2814283410478367,False
P004,2023-07-06,46,56.0,44.0,57.42857142857143,3,0.3067184985521159,False
P004,2023-07-07,62,46.0,46.0,57.714285714285715,4,0.5160207755632331,False
P004,2023-07-08,65,62.0,73.0,60.0,5,0.5226239071751804,False
P004,2023-07-09,80,65.0,78.0,58.857142857142854,6,0.40764269162165884,False
P004,2023-07-10,47,80.0,58.0,59.142857142857146,0,0.43388008063488687,False
P004,2023-07-11,63,47.0,47.0,57.57142857142857,1,0.5246800092957778,False
P004,2023-07-12,54,63.0,56.0,59.857142857142854,2,0.2878623749170299,False
P004,2023-07-13,44,54.0,46.0,59.57142857142857,3,0.3296478119781282,False
P004,2023-07-14,47,44.0,62.0,59.285714285714285,4,0.4275834059402917,False
P004,2023-07-15,76,47.0,65.0,57.142857142857146,5,0.3555540641811491,False
P004,2023-07-16,78,76.0,80.0,58.714285714285715,6,0.30927780336223526,False
P004,2023-07-17,50,78.0,47.0,58.42857142857143,0,0.38418537633877425,False
P004,2023-07-18,50,50.0,63.0,58.857142857142854,1,0.37381293674726057,False
P004,2023-07-19,55,50.0,54.0,57.0,2,0.25875873416376705,False
P004,2023-07-20,51,55.0,44.0,57.142857142857146,3,0.3167319669322798,False
P004,2023-07-21,42,51.0,47.0,58.142857142857146,4,0.4219690832174912,False
P004,2023-07-22,66,42.0,76.0,57.42857142857143,5,0.47523227340827817,False
P004,2023-07-23,72,66.0,78.0,56.0,6,0.3606193182628242,False
P004,2023-07-24,57,72.0,50.0,55.142857142857146,0,0.32248780857409237,False
P004,2023-07-25,59,57.0,50.0,56.142857142857146,1,0.4457376995238137,False
P004,2023-07-26,54,59.0,55.0,57.42857142857143,2,0.3148607287330785,False
P004,2023-07-27,51,54.0,51.0,57.285714285714285,3,0.22664325930607626,False
P004,2023-07-28,54,51.0,42.0,57.285714285714285,4,0.4088841181035832,False
P004,2023-07-29,67,54.0,66.0,59.0,5,0.4533096603441972,False
P004,2023-07-30,70,67.0,72.0,59.142857142857146,6,0.31461575525837265,False
P004,2023-07-31,45,70.0,57.0,58.857142857142854,0,0.3102836208589306,False
P004,2023-08-01,42,45.0,59.0,57.142857142857146,1,0.44351146627089005,False
P004,2023-08-02,51,42.0,54.0,54.714285714285715,2,0.3908545551728745,False
P004,2023-08-03,50,51.0,51.0,54.285714285714285,3,0.2553361779276424,False
P004,2023-08-04,53,50.0,54.0,54.142857142857146,4,0.3267863442462655,False
P004,2023-08-05,73,53.0,67.0,54.0,5,0.35252224430773066,False
P004,2023-08-06,72,73.0,70.0,54.857142857142854,6,0.3511390515447388,False
P004,2023-08-07,52,72.0,45.0,55.142857142857146,0,0.34116325199604497,False
P004,2023-08-08,49,52.0,42.0,56.142857142857146,1,0.3545598923487419,False
P004,2023-08-09,51,49.0,51.0,57.142857142857146,2,0.30376355528811727,False
P004,2023-08-10,45,51.0,50.0,57.142857142857146,3,0.28283715284564914,False
P004,2023-08-11,51,45.0,53.0,56.42857142857143,4,0.29391971694054986,False
P004,2023-08-12,74,51.0,73.0,56.142857142857146,5,0.2806858406079091,False
P004,2023-08-13,66,74.0,72.0,56.285714285714285,6,0.4149308029331701,False
P004,2023-08-14,49,66.0,52.0,55.42857142857143,0,0.338884632029545,False
P004,2023-08-15,45,49.0,49.0,55.0,1,0.3401177729906323,False
P004,2023-08-16,45,45.0,51.0,54.42857142857143,2,0.3600086315048106,False
P004,2023-08-17,42,45.0,45.0,53.57142857142857,3,0.5313570948464081,False
P004,2023-08-18,56,42.0,51.0,53.142857142857146,4,0.42325172610708844,False
P004,2023-08-19,76,56.0,74.0,53.857142857142854,5,0.36102656429913704,False
P004,2023-08-20,73,76.0,66.0,54.142857142857146,6,0.37456578126985435,False
P004,2023-08-21,60,73.0,49.0,55.142857142857146,0,0.30488504194036337,False
P004,2023-08-22,47,60.0,45.0,56.714285714285715,1,0.4299385976370032,False
P004,2023-08-23,66,47.0,45.0,57.0,2,0.6267871781337103,False
P004,2023-08-24,47,66.0,42.0,60.0,3,0.4829165605005589,False
P004,2023-08-25,50,47.0,56.0,60.714285714285715,4,0.33170963533828257,False
P004,2023-08-26,67,50.0,76.0,59.857142857142854,5,0.37188445089823224,False
P004,2023-08-27,71,67.0,73.0,58.57142857142857,6,0.2903279698284853,False
P004,2023-08-28,53,71.0,60.0,58.285714285714285,0,0.43022673490723407,False
P004,2023-08-29,47,53.0,47.0,57.285714285714285,1,0.31299474088880813,False
P004,2023-08-30,59,47.0,66.0,57.285714285714285,2,0.5422251083779951,False
P004,2023-08-31,49,59.0,47.0,56.285714285714285,3,0.30685207053182756,False
P004,2023-09-01,49,49.0,50.0,56.57142857142857,4,0.2545880897477807,False
P004,2023-09-02,63,49.0,67.0,56.42857142857143,5,0.4594874173805336,False
P004,2023-09-03,71,63.0,71.0,55.857142857142854,6,0.3380659701751288,False
P004,2023-09-04,47,71.0,53.0,55.857142857142854,0,0.3072591164206192,False
P004,2023-09-05,44,47.0,47.0,55.0,1,0.32880456758603205,False
P004,2023-09-06,43,44.0,59.0,54.57142857142857,2,0.4445910458967431,False
P004,2023-09-07,64,43.0,49.0,52.285714285714285,3,0.6064421996786538,False
P004,2023-09-08,46,64.0,49.0,54.42857142857143,4,0.6259392948197042,False
P004,2023-09-09,60,46.0,63.0,54.0,5,0.5881130187469049,False
P004,2023-09-10,64,60.0,71.0,53.57142857142857,6,0.5649071968389564,False
P004,2023-09-11,47,64.0,47.0,52.57142857142857,0,0.3601807165839788,False
P004,2023-09-12,51,47.0,44.0,52.57142857142857,1,0.3873224286970477,False
P004,2023-09-13,51,51.0,43.0,53.57142857142857,2,0.4841604856708333,False
P004,2023-09-14,51,51.0,64.0,54.714285714285715,3,0.5652414650214533,False
P004,2023-09-15,43,51.0,46.0,52.857142857142854,4,0.4241827184787458,False
P004,2023-09-16,70,43.0,60.0,52.42857142857143,5,0.5497724271479213,False
P004,2023-09-17,63,70.0,64.0,53.857142857142854,6,0.5252550494770035,False
P004,2023-09-18,43,63.0,47.0,53.714285714285715,0,0.44851400527353746,False
P004,2023-09-19,41,43.0,51.0,53.142857142857146,1,0.4587771523539773,False
P004,2023-09-20,40,41.0,51.0,51.714285714285715,2,0.461555621788048,False
P004,2023-09-21,53,40.0,51.0,50.142857142857146,3,0.6024210923136327,False
P004,2023-09-22,51,53.0,43.0,50.42857142857143,4,0.4844684691066459,False
P004,2023-09-23,74,51.0,70.0,51.57142857142857,5,0.3243038936486512,False
P004,2023-09-24,68,74.0,63.0,52.142857142857146,6,0.4403661224439831,False
P004,2023-09-25,51,68.0,43.0,52.857142857142854,0,0.3975174164523284,False
P004,2023-09-26,36,51.0,41.0,54.0,1,0.6286005618303225,False
P004,2023-09-27,52,36.0,40.0,53.285714285714285,2,0.7472394871707021,False
P004,2023-09-28,48,52.0,53.0,55.0,3,0.27172479969324553,False
P004,2023-09-29,50,48.0,51.0,54.285714285714285,4,0.22976915509859702,False
P004,2023-09-30,70,50.0,74.0,54.142857142857146,5,0.351455026357879,False
P004,2023-10-01,40,70.0,68.0,53.57142857142857,6,1.3187930759758175,True
P004,2023-10-02,24,40.0,51.0,49.57142857142857,0,1.1747001345733532,True
P004,2023-10-03,27,24.0,36.0,45.714285714285715,1,0.785231289308993,False
P004,2023-10-04,32,27.0,52.0,44.42857142857143,2,0.9386248179486802,True
P004,2023-10-05,32,32.0,48.0,41.57142857142857,3,0.7911615275808991,False
P004,2023-10-06,25,32.0,50.0,39.285714285714285,4,0.8786830411688988,True
P004,2023-10-07,40,25.0,70.0,35.714285714285715,5,1.30267496928426,True
P004,2023-10-08,41,40.0,40.0,31.428571428571427,6,0.1637203402722715,False
P004,2023-10-09,29,41.0,24.0,31.571428571428573,0,0.23509263851926518,False
P004,2023-10-10,25,29.0,27.0,32.285714285714285,1,0.26946766353500257,False
P004,2023-10-11,24,25.0,32.0,32.0,2,0.28421894452240065,False
P004,2023-10-12,27,24.0,32.0,30.857142857142858,3,0.28271982434395815,False
P004,2023-10-13,30,27.0,25.0,30.142857142857142,4,0.2450947492705035,False
P004,2023-10-14,39,30.0,40.0,30.857142857142858,5,0.16607401262388066,False
P004,2023-10-15,43,39.0,41.0,30.714285714285715,6,0.1735473672421389,False
P004,2023-10-16,34,43.0,29.0,31.0,0,0.3035299361057308,False
P004,2023-10-17,25,34.0,25.0,31.714285714285715,1,0.34146183595537016,False
P004,2023-10-18,29,25.0,24.0,31.714285714285715,2,0.20940155610666666,False
P004,2023-10-19,34,29.0,27.0,32.42857142857143,3,0.30826362506409155,False
P004,2023-10-20,28,34.0,30.0,33.42857142857143,4,0.3388773591766244,False
P004,2023-10-21,41,28.0,39.0,33.142857142857146,5,0.21317704983521418,False
P004,2023-10-22,47,41.0,43.0,33.42857142857143,6,0.23326768243378643,False
P004,2023-10-23,28,47.0,34.0,34.0,0,0.3163217294919976,False
P004,2023-10-24,34,28.0,25.0,33.142857142857146,1,0.3248694605267394,False
P004,2023-10-25,31,34.0,29.0,34.42857142857143,2,0.3326825064841031,False
P004,2023-10-26,28,31.0,34.0,34.714285714285715,3,0.3834328023147749,False
P004,2023-10-27,31,28.0,28.0,33.857142857142854,4,0.2818468519565277,False
P004,2023-10-28,44,31.0,41.0,34.285714285714285,5,0.2570645333800036,False
P004,2023-10-29,47,44.0,47.0,34.714285714285715,6,0.2660768344829575,False
P004,2023-10-30,27,47.0,28.0,34.714285714285715,0,0.2504100662909887,False
P004,2023-10-31,29,27.0,34.0,34.57142857142857,1,0.3306670881376143,False
P004,2023-11-01,29,29.0,31.0,33.857142857142854,2,0.28282228281946786,False
P004,2023-11-02,32,29.0,28.0,33.57142857142857,3,0.28545093305137803,False
P004,2023-11-03,25,32.0,31.0,34.142857142857146,4,0.3289760606199959,False
P004,2023-11-04,47,25.0,44.0,33.285714285714285,5,0.29756652415248486,False
P004,2023-11-05,44,47.0,47.0,33.714285714285715,6,0.2935531373384845,False
P004,2023-11-06,24,44.0,27.0,33.285714285714285,0,0.2396142323582897,False
P004,2023-11-07,34,24.0,29.0,32.857142857142854,1,0.34839896478082266,False
P004,2023-11-08,38,34.0,29.0,33.57142857142857,2,0.5106229826992449,False
P004,2023-11-09,32,38.0,32.0,34.857142857142854,3,0.5062946450770379,False
P004,2023-11-10,34,32.0,25.0,34.857142857142854,4,0.38843386298278687,False
P004,2023-11-11,43,34.0,47.0,36.142857142857146,5,0.44086554359659724,False
P004,2023-11-12,36,43.0,44.0,35.57142857142857,6,0.37065952563341376,False
P004,2023-11-13,21,36.0,24.0,34.42857142857143,0,0.39291760610573523,False
P004,2023-11-14,30,21.0,34.0,34.0,1,0.34666676876981734,False
P004,2023-11-15,27,30.0,38.0,33.42857142857143,2,0.4377769619691348,False
P004,2023-11-16,25,27.0,32.0,31.857142857142858,3,0.23345837451637025,False
P004,2023-11-17,29,25.0,34.0,30.857142857142858,4,0.21805849543549635,False
P004,2023-11-18,45,29.0,43.0,30.142857142857142,5,0.23727822582686145,False
P004,2023-11-19,36,45.0,36.0,30.428571428571427,6,0.24293583392890486,False
P004,2023-11-20,0,36.0,21.0,30.428571428571427,0,0.8838524427225032,True
P004,2023-11-21,0,0.0,30.0,27.428571428571427,1,1.0771659969118332,True
P004,2023-11-22,0,0.0,27.0,23.142857142857142,2,0.867307526119762,False
P004,2023-11-23,0,0.0,25.0,19.285714285714285,3,0.8774362310277878,False
P004,2023-11-24,0,0.0,29.0,15.714285714285714,4,0.9938737424807282,True
P004,2023-11-25,44,0.0,45.0,11.571428571428571,5,1.2158761193756293,True
P004,2023-11-26,46,44.0,36.0,11.428571428571429,6,0.9490841500228362,True
P004,2023-11-27,31,46.0,0.0,12.857142857142858,0,1.1336782426484289,True
P004,2023-11-28,32,31.0,0.0,17.285714285714285,1,0.9202168143949934,True
P004,2023-11-29,23,32.0,0.0,21.857142857142858,2,0.8090244476032211,False
P004,2023-11-30,32,23.0,0.0,25.142857142857142,3,0.8987965772276786,True
P004,2023-12-01,25,32.0,0.0,29.714285714285715,4,1.002026563875221,True
P004,2023-12-02,43,25.0,44.0,33.285714285714285,5,0.2683768176765997,False
P004,2023-12-03,43,43.0,46.0,33.142857142857146,6,0.25166530970949386,False
P004,2023-12-04,30,43.0,31.0,32.714285714285715,0,0.22324579183322535,False
P004,2023-12-05,29,30.0,32.0,32.57142857142857,1,0.3279261082139905,False
P004,2023-12-06,25,29.0,23.0,32.142857142857146,2,0.2809190672751168,False
P004,2023-12-07,23,25.0,32.0,32.42857142857143,3,0.24244159896736922,False
P004,2023-12-08,31,23.0,25.0,31.142857142857142,4,0.2217306316809542,False
P004,2023-12-09,42,31.0,43.0,32.0,5,0.20733564302352447,False
P004,2023-12-10,46,42.0,43.0,31.857142857142858,6,0.22173900949033687,False
P004,2023-12-11,28,46.0,30.0,32.285714285714285,0,0.22382733260446241,False
P004,2023-12-12,22,28.0,29.0,32.0,1,0.2618491512350368,False
P004,2023-12-13,31,22.0,25.0,31.0,2,0.23978499418742177,False
P004,2023-12-14,26,31.0,23.0,31.857142857142858,3,0.2028744079668113,False
P004,2023-12-15,29,26.0,31.0,32.285714285714285,4,0.20008873840930885,False
P004,2023-12-16,39,29.0,42.0,32.0,5,0.16214935728748783,False
P004,2023-12-17,47,39.0,46.0,31.571428571428573,6,0.276894963916543,False
P004,2023-12-18,24,47.0,28.0,31.714285714285715,0,0.2627134406695147,False
P004,2023-12-19,26,24.0,22.0,31.142857142857142,1,0.29582143480064216,False
P004,2023-12-20,28,26.0,31.0,31.714285714285715,2,0.2749598511933044,False
P004,2023-12-21,23,28.0,26.0,31.285714285714285,3,0.19300560890515348,False
P004,2023-12-22,29,23.0,29.0,30.857142857142858,4,0.1807966973230467,False
P004,2023-12-23,47,29.0,39.0,30.857142857142858,5,0.28702581301488406,False
P004,2023-12-24,39,47.0,47.0,32.0,6,0.34854018993584257,False
P004,2023-12-25,29,39.0,24.0,30.857142857142858,0,0.2179669444583244,False
P004,2023-12-26,17,29.0,26.0,31.571428571428573,1,0.3967060829984045,False
P004,2023-12-27,27,17.0,28.0,30.285714285714285,2,0.3668448258705589,False
P004,2023-12-28,26,27.0,23.0,30.142857142857142,3,0.16717985691311726,False
P004,2023-12-29,24,26.0,29.0,30.571428571428573,4,0.24165359207676476,False
P004,2023-12-30,45,24.0,47.0,29.857142857142858,5,0.3339110405222111,False
P004,2023-12-31,40,45.0,39.0,29.571428571428573,6,0.2887984726966052,False
P004,2024-01-01,27,40.0,29.0,29.714285714285715,0,0.20711598340331355,False
P004,2024-01-02,25,27.0,17.0,29.428571428571427,1,0.27496836910616873,False
P004,2024-01-03,20,25.0,27.0,30.571428571428573,2,0.2791410196284942,False
P004,2024-01-04,23,20.0,26.0,29.571428571428573,3,0.2424791110615773,False
P004,2024-01-05,31,23.0,24.0,29.142857142857142,4,0.24946178178186038,False
P004,2024-01-06,32,31.0,45.0,30.142857142857142,5,0.44430154913690967,False
P004,2024-01-07,38,32.0,40.0,28.285714285714285,6,0.30315588552873135,False
P004,2024-01-08,25,38.0,27.0,28.0,0,0.1975228919803332,False
P004,2024-01-09,34,25.0,25.0,27.714285714285715,1,0.36924723074213184,False
P004,2024-01-10,30,34.0,20.0,29.0,2,0.4666902323230787,False
P004,2024-01-11,25,30.0,23.0,30.428571428571427,3,0.1730447002717289,False
P004,2024-01-12,32,25.0,31.0,30.714285714285715,4,0.21503718121583204,False
P004,2024-01-13,38,32.0,32.0,30.857142857142858,5,0.4235435867321408,False
P004,2024-01-14,44,38.0,38.0,31.714285714285715,6,0.24145976267530017,False
P004,2024-01-15,21,44.0,25.0,32.57142857142857,0,0.31038209953848217,False
P004,2024-01-16,31,21.0,34.0,32.0,1,0.343854737110319,False
P004,2024-01-17,25,31.0,30.0,31.571428571428573,2,0.30393669024117187,False
P004,2024-01-18,23,25.0,25.0,30.857142857142858,3,0.17223109846267773,False
P004,2024-01-19,26,23.0,32.0,30.571428571428573,4,0.23180480684843308,False
P004,2024-01-20,41,26.0,38.0,29.714285714285715,5,0.2023844589798692,False
P004,2024-01-21,38,41.0,44.0,30.142857142857142,6,0.2514215941038461,False
P004,2024-01-22,29,38.0,21.0,29.285714285714285,0,0.2527252326653907,False
P004,2024-01-23,24,29.0,31.0,30.428571428571427,1,0.26685990857648834,False
P004,2024-01-24,29,24.0,25.0,29.428571428571427,2,0.1508338681861987,False
P004,2024-01-25,28,29.0,23.0,30.0,3,0.14442722203639852,False
P004,2024-01-26,26,28.0,26.0,30.714285714285715,4,0.23897814158051905,False
P004,2024-01-27,38,26.0,41.0,30.714285714285715,5,0.20172348240566446,False
P004,2024-01-28,40,38.0,38.0,30.285714285714285,6,0.2046842125358146,False
P004,2024-01-29,29,40.0,29.0,30.571428571428573,0,0.18873387042637924,False
P004,2024-01-30,34,29.0,24.0,30.571428571428573,1,0.28898330981915316,False
P004,2024-01-31,30,34.0,29.0,32.0,2,0.3201616499452403,False
P004,2024-02-01,30,30.0,28.0,32.142857142857146,3,0.2562849964612565,False
P004,2024-02-02,38,30.0,26.0,32.42857142857143,4,0.42276362863540945,False
P004,2024-02-03,42,38.0,38.0,34.142857142857146,5,0.4615056844845357,False
P004,2024-02-04,42,42.0,40.0,34.714285714285715,6,0.2883575804832882,False
P004,2024-02-05,29,42.0,29.0,35.0,0,0.26512305839025807,False
P004,2024-02-06,22,29.0,34.0,35.0,1,0.3661634054597591,False
P004,2024-02-07,24,22.0,30.0,33.285714285714285,2,0.3270944455913364,False
P004,2024-02-08,24,24.0,30.0,32.42857142857143,3,0.21987482034818467,False
P004,2024-02-09,29,24.0,38.0,31.571428571428573,4,0.356338073266511,False
P004,2024-02-10,39,29.0,42.0,30.285714285714285,5,0.15803286062068245,False
P004,2024-02-11,40,39.0,42.0,29.857142857142858,6,0.1419837973340312,False
P004,2024-02-12,30,40.0,29.0,29.571428571428573,0,0.20685836181622283,False
P004,2024-02-13,29,30.0,22.0,29.714285714285715,1,0.29487105968809163,False
P004,2024-02-14,25,29.0,24.0,30.714285714285715,2,0.25191644380203465,False
P004,2024-02-15,23,25.0,24.0,30.857142857142858,3,0.17521987414346263,False
P004,2024-02-16,30,23.0,29.0,30.714285714285715,4,0.18028388166296275,False
P004,2024-02-17,42,30.0,39.0,30.857142857142858,5,0.20025169214277655,False
P004,2024-02-18,33,42.0,40.0,31.285714285714285,6,0.2972826598927957,False
P004,2024-02-19,24,33.0,30.0,30.285714285714285,0,0.323753910511484,False
P004,2024-02-20,26,24.0,29.0,29.428571428571427,1,0.29650735454561905,False
P004,2024-02-21,29,26.0,25.0,29.0,2,0.1591086962940628,False
P004,2024-02-22,29,29.0,23.0,29.571428571428573,3,0.17242219402123266,False
P004,2024-02-23,27,29.0,30.0,30.428571428571427,4,0.25066037145679976,False
P004,2024-02-24,42,27.0,42.0,30.0,5,0.20521771585973472,False
P004,2024-02-25,39,42.0,33.0,30.0,6,0.30421128507708267,False
P004,2024-02-26,23,39.0,24.0,30.857142857142858,0,0.2670414405246689,False
P004,2024-02-27,192,23.0,26.0,30.714285714285715,1,6.737126752355067,True
P004,2024-02-28,25,192.0,29.0,54.42857142857143,2,5.916102952381214,True
P004,2024-02-29,25,25.0,29.0,53.857142857142854,3,1.1180191903714793,True
P004,2024-03-01,18,25.0,27.0,53.285714285714285,4,1.1983280515265684,True
P004,2024-03-02,37,18.0,42.0,52.0,5,1.2345281573752647,True
P004,2024-03-03,39,37.0,39.0,51.285714285714285,6,1.0937703077385936,True
P004,2024-03-04,24,39.0,23.0,51.285714285714285,0,1.1010901539824114,True
P004,2024-03-05,24,24.0,192.0,51.42857142857143,1,6.479147123262524,True
P004,2024-03-06,27,24.0,25.0,27.428571428571427,2,0.17688077752176518,False
P004,2024-03-07,21,27.0,25.0,27.714285714285715,3,0.22568161306165443,False
P004,2024-03-08,19,21.0,18.0,27.142857142857142,4,0.22418306477860303,False
P004,2024-03-09,37,19.0,37.0,27.285714285714285,5,0.2081748905632584,False
P004,2024-03-10,42,37.0,39.0,27.285714285714285,6,0.2307761854031803,False
P004,2024-03-11,31,42.0,24.0,27.714285714285715,0,0.2580813185953045,False
P004,2024-03-12,28,31.0,24.0,28.714285714285715,1,0.2982022830424854,False
P004,2024-03-13,19,28.0,27.0,29.285714285714285,2,0.32155209709708826,False
P004,2024-03-14,24,19.0,21.0,28.142857142857142,3,0.23314250960020627,False
P004,2024-03-15,26,24.0,19.0,28.571428571428573,4,0.24322849628744175,False
P004,2024-03-16,39,26.0,37.0,29.571428571428573,5,0.231561214262268,False
P004,2024-03-17,40,39.0,42.0,29.857142857142858,6,0.1419837973340312,False
P004,2024-03-18,21,40.0,31.0,29.571428571428573,0,0.3376345409853029,False
P004,2024-03-19,25,21.0,28.0,28.142857142857142,1,0.27795422816689563,False
P004,2024-03-20,26,25.0,19.0,27.714285714285715,2,0.23716210844815513,False
P004,2024-03-21,28,26.0,24.0,28.714285714285715,3,0.18833803984158476,False
P004,2024-03-22,21,28.0,26.0,29.285714285714285,4,0.2564848395244824,False
P004,2024-03-23,37,21.0,39.0,28.571428571428573,5,0.21327037699937995,False
P004,2024-03-24,27,37.0,40.0,28.285714285714285,6,0.354883440164308,False
P004,2024-03-25,22,27.0,21.0,26.428571428571427,0,0.2888441160234987,False
P004,2024-03-26,22,22.0,25.0,26.571428571428573,1,0.19735210060378044,False
P004,2024-03-27,20,22.0,26.0,26.142857142857142,2,0.22847886536310544,False
P004,2024-03-28,25,20.0,28.0,25.285714285714285,3,0.2462135616281389,False
P004,2024-03-29,24,25.0,21.0,24.857142857142858,4,0.16121897884177042,False
P004,2024-03-30,29,24.0,37.0,25.285714285714285,5,0.25697703473293376,False
P004,2024-03-31,39,29.0,27.0,24.142857142857142,6,0.30078858565341976,False
P004,2024-04-01,21,39.0,22.0,25.857142857142858,0,0.20774676796086008,False
P004,2024-04-02,26,21.0,22.0,25.714285714285715,1,0.2244391176479168,False
P004,2024-04-03,19,26.0,20.0,26.285714285714285,2,0.23786198538310419,False
P004,2024-04-04,24,19.0,25.0,26.142857142857142,3,0.18699775949405342,False
P004,2024-04-05,23,24.0,24.0,26.0,4,0.1585323385381686,False
P004,2024-04-06,39,23.0,29.0,25.857142857142858,5,0.2734536001329887,False
P004,2024-04-07,38,39.0,39.0,27.285714285714285,6,0.22227114781695118,False
P004,2024-04-08,23,38.0,21.0,27.142857142857142,0,0.19579975480907602,False
P004,2024-04-09,18,23.0,26.0,27.428571428571427,1,0.20568387329903945,False
P004,2024-04-10,18,18.0,19.0,26.285714285714285,2,0.24639067986318933,False
P004,2024-04-11,21,18.0,24.0,26.142857142857142,3,0.1929769181968073,False
P004,2024-04-12,24,21.0,23.0,25.714285714285715,4,0.19305759342447396,False
P004,2024-04-13,35,24.0,39.0,25.857142857142858,5,0.18012777346400838,False
P004,2024-04-14,40,35.0,38.0,25.285714285714285,6,0.2576619977538113,False
P004,2024-04-15,23,40.0,23.0,25.571428571428573,0,0.19396714389552008,False
P004,2024-04-16,20,23.0,18.0,25.571428571428573,1,0.2650401253817086,False
P004,2024-04-17,23,20.0,18.0,25.857142857142858,2,0.16413979829650488,False
P004,2024-04-18,25,23.0,21.0,26.571428571428573,3,0.21435697880132754,False
P004,2024-04-19,25,25.0,24.0,27.142857142857142,4,0.19673680834414486,False
P004,2024-04-20,45,25.0,35.0,27.285714285714285,5,0.32172865969518405,False
P004,2024-04-21,34,45.0,40.0,28.714285714285715,6,0.26288885867720013,False
P004,2024-04-22,23,34.0,23.0,27.857142857142858,0,0.20088520697147536,False
P004,2024-04-23,25,23.0,20.0,27.857142857142858,1,0.2160894998633797,False
P004,2024-04-24,23,25.0,23.0,28.571428571428573,2,0.22797454307401238,False
P004,2024-04-25,21,23.0,25.0,28.571428571428573,3,0.20097279069596521,False
P004,2024-04-26,18,21.0,25.0,28.0,4,0.2772522074482898,False
P004,2024-04-27,35,18.0,45.0,27.0,5,0.32190209379600576,False
P004,2024-04-28,32,35.0,34.0,25.571428571428573,6,0.22703000974317694,False
P004,2024-04-29,16,32.0,23.0,25.285714285714285,0,0.21112156433429674,False
P004,2024-04-30,20,16.0,25.0,24.285714285714285,1,0.23745793170692808,False
P004,2024-05-01,19,20.0,23.0,23.571428571428573,2,0.21021405916873376,False
P004,2024-05-02,25,19.0,21.0,23.0,3,0.1948183086982635,False
P004,2024-05-03,25,25.0,18.0,23.571428571428573,4,0.24411928587643486,False
P004,2024-05-04,33,25.0,35.0,24.571428571428573,5,0.23154754707269895,False
P004,2024-05-05,36,33.0,32.0,24.285714285714285,6,0.23834170849349717,False
P004,2024-05-06,16,36.0,16.0,24.857142857142858,0,0.2714194064901093,False
P004,2024-05-07,21,16.0,20.0,24.857142857142858,1,0.2516443921230151,False
P004,2024-05-08,25,21.0,19.0,25.0,2,0.18421222348068844,False
P004,2024-05-09,26,25.0,25.0,25.857142857142858,3,0.20388601919588592,False
P004,2024-05-10,20,26.0,25.0,26.0,4,0.2019303612286027,False
P004,2024-05-11,41,20.0,33.0,25.285714285714285,5,0.25471459205652025,False
P004,2024-05-12,31,41.0,36.0,26.428571428571427,6,0.2481798955438622,False
P004,2024-05-13,18,31.0,16.0,25.714285714285715,0,0.2660290625412,False
P004,2024-05-14,25,18.0,21.0,26.0,1,0.2524444265987818,False
P004,2024-05-15,29,25.0,25.0,26.571428571428573,2,0.19199820751210694,False
P004,2024-05-16,25,29.0,26.0,27.142857142857142,3,0.22211382833849855,False
P004,2024-05-17,23,25.0,20.0,27.0,4,0.1667730527357069,False
P004,2024-05-18,28,23.0,41.0,27.428571428571427,5,0.3578667352253985,False
P004,2024-05-19,29,28.0,31.0,25.571428571428573,6,0.33002214212858216,False
P004,2024-05-20,23,29.0,18.0,25.285714285714285,0,0.20950219702252787,False
P004,2024-05-21,21,23.0,25.0,26.0,1,0.1849504811599667,False
P004,2024-05-22,18,21.0,29.0,25.428571428571427,2,0.32759179123412896,False
P004,2024-05-23,23,18.0,25.0,23.857142857142858,3,0.20441338642688156,False
P004,2024-05-24,23,23.0,23.0,23.571428571428573,4,0.16677024905853768,False
P004,2024-05-25,40,23.0,28.0,23.571428571428573,5,0.3110187186869628,False
P004,2024-05-26,36,40.0,29.0,25.285714285714285,6,0.30697137195248214,False
P004,2024-05-27,27,36.0,23.0,26.285714285714285,0,0.22149862576861928,False
P004,2024-05-28,22,27.0,21.0,26.857142857142858,1,0.2201263483241675,False
P004,2024-05-29,22,22.0,18.0,27.0,2,0.2002049918378908,False
P004,2024-05-30,27,22.0,23.0,27.571428571428573,3,0.20045556800295058,False
P004,2024-05-31,18,27.0,23.0,28.142857142857142,4,0.2663217800185548,False
P004,2024-06-01,47,18.0,40.0,27.428571428571427,5,0.475884885719252,False
P004,2024-06-02,37,47.0,36.0,28.428571428571427,6,0.26574277183855,False
P004,2024-06-03,23,37.0,27.0,28.571428571428573,0,0.22098296345636165,False
P004,2024-06-04,24,23.0,22.0,28.0,1,0.19630259437461706,False
P004,2024-06-05,29,24.0,22.0,28.285714285714285,2,0.19122126599595288,False
P004,2024-06-06,25,29.0,27.0,29.285714285714285,3,0.20472444151657818,False
P004,2024-06-07,16,25.0,18.0,29.0,4,0.33695977691595236,False
P004,2024-06-08,41,16.0,47.0,28.714285714285715,5,0.43364758426964034,False
P004,2024-06-09,34,41.0,37.0,27.857142857142858,6,0.2324513571951438,False
P004,2024-06-10,22,34.0,23.0,27.428571428571427,0,0.19968878933081885,False
P004,2024-06-11,17,22.0,24.0,27.285714285714285,1,0.19801085440110097,False
P004,2024-06-12,24,17.0,29.0,26.285714285714285,2,0.3624037224732464,False
P004,2024-06-13,20,24.0,25.0,25.571428571428573,3,0.22865265804187812,False
P004,2024-06-14,22,20.0,16.0,24.857142857142858,4,0.22143684043943762,False
P004,2024-06-15,34,22.0,41.0,25.714285714285715,5,0.20140035525374317,False
P004,2024-06-16,43,34.0,34.0,24.714285714285715,6,0.33511568516184004,False
P004,2024-06-17,29,43.0,22.0,26.0,0,0.30597389807676695,False
P004,2024-06-18,22,29.0,17.0,27.0,1,0.2615057281681091,False
P004,2024-06-19,22,22.0,24.0,27.714285714285715,2,0.21384448757866595,False
P004,2024-06-20,20,22.0,20.0,27.428571428571427,3,0.25819549614796056,False
P004,2024-06-21,26,20.0,22.0,27.428571428571427,4,0.25785290430955177,False
P004,2024-06-22,34,26.0,34.0,28.0,5,0.2773976846198027,False
P004,2024-06-23,34,34.0,43.0,28.0,6,0.3283020412925376,False
P004,2024-06-24,25,34.0,29.0,26.714285714285715,0,0.267551936585296,False
P004,2024-06-25,20,25.0,22.0,26.142857142857142,1,0.19868074932681304,False
P004,2024-06-26,21,20.0,22.0,25.857142857142858,2,0.19062622060711412,False
P004,2024-06-27,15,21.0,20.0,25.714285714285715,3,0.22985599046369765,False
P004,2024-06-28,24,15.0,26.0,25.0,4,0.3210394715563742,False
P004,2024-06-29,42,24.0,34.0,24.714285714285715,5,0.26614539607403065,False
P004,2024-06-30,38,42.0,34.0,25.857142857142858,6,0.2750893389898217,False
P004,2024-07-01,27,38.0,25.0,26.428571428571427,0,0.21035709200547265,False
P004,2024-07-02,18,27.0,20.0,26.714285714285715,1,0.24964653630549255,False
P004,2024-07-03,22,18.0,21.0,26.428571428571427,2,0.21113279343899896,False
P004,2024-07-04,18,22.0,15.0,26.571428571428573,3,0.2946846124469227,False
P004,2024-07-05,20,18.0,24.0,27.0,4,0.25377485901265373,False
P004,2024-07-06,38,20.0,42.0,26.428571428571427,5,0.22400494378265598,False
P004,2024-07-07,35,38.0,38.0,25.857142857142858,6,0.21782593648126394,False
P004,2024-07-08,16,35.0,27.0,25.428571428571427,0,0.2590588995743254,False
P004,2024-07-09,16,16.0,18.0,23.857142857142858,1,0.2726325924039257,False
P004,2024-07-10,16,16.0,22.0,23.571428571428573,2,0.1916004704067164,False
P004,2024-07-11,23,16.0,18.0,22.714285714285715,3,0.1926436169265709,False
P004,2024-07-12,29,23.0,20.0,23.428571428571427,4,0.31141429848747326,False
P004,2024-07-13,40,29.0,38.0,24.714285714285715,5,0.3382842377295586,False
P004,2024-07-14,27,40.0,35.0,25.0,6,0.30363225458701304,False
P004,2024-07-15,26,27.0,16.0,23.857142857142858,0,0.2794422116457868,False
P004,2024-07-16,25,26.0,16.0,25.285714285714285,1,0.2331201668727388,False
P004,2024-07-17,15,25.0,16.0,26.571428571428573,2,0.3046971082633239,False
P004,2024-07-18,20,15.0,23.0,26.428571428571427,3,0.2511729423497296,False
P004,2024-07-19,25,20.0,29.0,26.0,4,0.3345987108579077,False
P004,2024-07-20,36,25.0,40.0,25.428571428571427,5,0.21970659627108757,False
P004,2024-07-21,29,36.0,27.0,24.857142857142858,6,0.29832141045502264,False
P004,2024-07-22,23,29.0,26.0,25.142857142857142,0,0.32758453977695207,False
P004,2024-07-23,12,23.0,25.0,24.714285714285715,1,0.22554520391722416,False
P004,2024-07-24,20,12.0,15.0,22.857142857142858,2,0.2604131204868372,False
P004,2024-07-25,25,20.0,20.0,23.571428571428573,3,0.1969857728696806,False
P004,2024-07-26,21,25.0,25.0,24.285714285714285,4,0.1927699699573484,False
P004,2024-07-27,32,21.0,36.0,23.714285714285715,5,0.15238271072007856,False
P004,2024-07-28,38,32.0,29.0,23.142857142857142,6,0.20636862657865182,False
P004,2024-07-29,24,38.0,23.0,24.428571428571427,0,0.1903342843007901,False
P004,2024-07-30,25,24.0,12.0,24.571428571428573,1,0.32065973258738545,False
P004,2024-07-31,23,25.0,20.0,26.428571428571427,2,0.19595139370303616,False
P004,2024-08-01,25,23.0,25.0,26.857142857142858,3,0.18587140205136196,False
P004,2024-08-02,23,25.0,21.0,26.857142857142858,4,0.14957681593167402,False
P004,2024-08-03,35,23.0,32.0,27.142857142857142,5,0.2758374935112096,False
P004,2024-08-04,34,35.0,38.0,27.571428571428573,6,0.24335730200444816,False
P004,2024-08-05,19,34.0,24.0,27.0,0,0.21345404338214474,False
P004,2024-08-06,16,19.0,25.0,26.285714285714285,1,0.22898642210838957,False
P004,2024-08-07,16,16.0,23.0,25.0,2,0.21243941984206968,False
P004,2024-08-08,19,16.0,25.0,24.0,3,0.24820487907584887,False
P004,2024-08-09,21,19.0,23.0,23.142857142857142,4,0.22141711959998472,False
P004,2024-08-10,39,21.0,35.0,22.857142857142858,5,0.22137448987164463,False
P004,2024-08-11,33,39.0,34.0,23.428571428571427,6,0.2421570349653189,False
P004,2024-08-12,24,33.0,19.0,23.285714285714285,0,0.25075131923012645,False
P004,2024-08-13,24,24.0,16.0,24.0,1,0.2472468662858744,False
P004,2024-08-14,19,24.0,16.0,25.142857142857142,2,0.23865711866087755,False
P004,2024-08-15,22,19.0,19.0,25.571428571428573,3,0.21534497110846873,False
P004,2024-08-16,19,22.0,21.0,26.0,4,0.22412181240485562,False
P004,2024-08-17,38,19.0,39.0,25.714285714285715,5,0.19703735397378258,False
P004,2024-08-18,36,38.0,33.0,25.571428571428573,6,0.23752164278122753,False
P004,2024-08-19,15,36.0,24.0,26.0,0,0.244703830624246,False
P004,2024-08-20,20,15.0,24.0,24.714285714285715,1,0.2408853042582308,False
P004,2024-08-21,26,20.0,19.0,24.142857142857142,2,0.22491556507865235,False
P004,2024-08-22,19,26.0,22.0,25.142857142857142,3,0.2646014642404896,False
P004,2024-08-23,21,19.0,19.0,24.714285714285715,4,0.19510031780854611,False
P004,2024-08-24,35,21.0,38.0,25.0,5,0.17428134391528333,False
P004,2024-08-25,29,35.0,36.0,24.571428571428573,6,0.21709145095102328,False
P004,2024-08-26,21,29.0,15.0,23.571428571428573,0,0.21243955277213988,False
P004,2024-08-27,14,21.0,20.0,24.428571428571427,1,0.24612154688672452,False
P004,2024-08-28,17,14.0,26.0,23.571428571428573,2,0.2796267643540532,False
P004,2024-08-29,23,17.0,19.0,22.285714285714285,3,0.16278327643984009,False
P004,2024-08-30,21,23.0,21.0,22.857142857142858,4,0.21013426217277614,False
P004,2024-08-31,32,21.0,35.0,22.857142857142858,5,0.14852852078592588,False
P004,2024-09-01,34,32.0,29.0,22.428571428571427,6,0.2032027131622522,False
P004,2024-09-02,19,34.0,21.0,23.142857142857142,0,0.22961709662937152,False
P004,2024-09-03,20,19.0,14.0,22.857142857142858,1,0.28930297660683,False
P004,2024-09-04,21,20.0,17.0,23.714285714285715,2,0.21624713900018042,False
P004,2024-09-05,16,21.0,23.0,24.285714285714285,3,0.22487292140087806,False
P004,2024-09-06,20,16.0,21.0,23.285714285714285,4,0.1947273289376796,False
P004,2024-09-07,31,20.0,32.0,23.142857142857142,5,0.2029674922561485,False
P004,2024-09-08,27,31.0,34.0,23.0,6,0.2358542800216336,False
P004,2024-09-09,16,27.0,19.0,22.0,0,0.2242087255830827,False
P004,2024-09-10,25,16.0,20.0,21.571428571428573,1,0.2709208115529672,False
P004,2024-09-11,20,25.0,21.0,22.285714285714285,2,0.2003142668155527,False
P004,2024-09-12,14,20.0,16.0,22.142857142857142,3,0.1710755172742968,False
P004,2024-09-13,13,14.0,20.0,21.857142857142858,4,0.21037437625755712,False
P004,2024-09-14,32,13.0,31.0,20.857142857142858,5,0.2629242023379653,False
P004,2024-09-15,38,32.0,27.0,21.0,6,0.2403870856293821,False
P004,2024-09-16,18,38.0,16.0,22.571428571428573,0,0.2661207573028377,False
P004,2024-09-17,24,18.0,25.0,22.857142857142858,1,0.27694027765025,False
P004,2024-09-18,20,24.0,20.0,22.714285714285715,2,0.17833159308793262,False
P004,2024-09-19,20,20.0,14.0,22.714285714285715,3,0.21079859271434467,False
P004,2024-09-20,14,20.0,13.0,23.571428571428573,4,0.2995146274066353,False
P004,2024-09-21,36,14.0,32.0,23.714285714285715,5,0.2725183565157863,False
P004,2024-09-22,31,36.0,38.0,24.285714285714285,6,0.199688549408333,False
P004,2024-09-23,22,31.0,18.0,23.285714285714285,0,0.2019101419185097,False
P004,2024-09-24,16,22.0,24.0,23.857142857142858,1,0.2242843735676014,False
P004,2024-09-25,19,16.0,20.0,22.714285714285715,2,0.1967180977267688,False
P004,2024-09-26,20,19.0,20.0,22.571428571428573,3,0.21366309301622893,False
P004,2024-09-27,18,20.0,14.0,22.571428571428573,4,0.23001530621574906,False
P004,2024-09-28,34,18.0,36.0,23.142857142857142,5,0.17794620252606796,False
P004,2024-09-29,31,34.0,31.0,22.857142857142858,6,0.24156515799852724,False
P004,2024-09-30,16,31.0,22.0,22.857142857142858,0,0.18249951990421207,False
P004,2024-10-01,25,16.0,16.0,22.0,1,0.2439284097555599,False
P004,2024-10-02,22,25.0,19.0,23.285714285714285,2,0.1957484138191182,False
P004,2024-10-03,15,22.0,20.0,23.714285714285715,3,0.20522264598063966,False
P004,2024-10-04,20,15.0,18.0,23.0,4,0.18946481639982035,False
P004,2024-10-05,29,20.0,34.0,23.285714285714285,5,0.2109362484236057,False
P004,2024-10-06,27,29.0,31.0,22.571428571428573,6,0.24352138445428723,False
P004,2024-10-07,22,27.0,16.0,22.0,0,0.2171519413289002,False
P004,2024-10-08,11,22.0,25.0,22.857142857142858,1,0.22550184283638722,False
P004,2024-10-09,21,11.0,22.0,20.857142857142858,2,0.3114161128767655,False
P004,2024-10-10,17,21.0,15.0,20.714285714285715,3,0.20027157257870645,False
P004,2024-10-11,17,17.0,20.0,21.0,4,0.19225266385943712,False
P004,2024-10-12,33,17.0,29.0,20.571428571428573,5,0.23840342471560932,False
P004,2024-10-13,34,33.0,27.0,21.142857142857142,6,0.2317922226075892,False
P004,2024-10-14,14,34.0,22.0,22.142857142857142,0,0.2280041291696157,False
P004,2024-10-15,21,14.0,11.0,21.0,1,0.3499285369491678,False
P004,2024-10-16,18,21.0,21.0,22.428571428571427,2,0.2174876858100701,False
P004,2024-10-17,13,18.0,17.0,22.0,3,0.17222811656203574,False
P004,2024-10-18,17,13.0,17.0,21.428571428571427,4,0.20555524616673893,False
P004,2024-10-19,36,17.0,33.0,21.428571428571427,5,0.1964093270501919,False
P004,2024-10-20,38,36.0,34.0,21.857142857142858,6,0.2746526331729625,False
P004,2024-10-21,20,38.0,14.0,22.428571428571427,0,0.2963899929760571,False
P004,2024-10-22,13,20.0,21.0,23.285714285714285,1,0.22083614036760726,False
P004,2024-10-23,20,13.0,18.0,22.142857142857142,2,0.2165017215664406,False
P004,2024-10-24,21,20.0,13.0,22.428571428571427,3,0.24528739690656912,False
P004,2024-10-25,20,21.0,17.0,23.571428571428573,4,0.19451062183538032,False
P004,2024-10-26,34,20.0,36.0,24.0,5,0.15128701248550253,False
P004,2024-10-27,32,34.0,38.0,23.714285714285715,6,0.2185376515868147,False
P004,2024-10-28,17,32.0,20.0,22.857142857142858,0,0.1706532352721354,False
P004,2024-10-29,15,17.0,13.0,22.428571428571427,1,0.3023298365879796,False
P004,2024-10-30,10,15.0,20.0,22.714285714285715,2,0.3666030671419339,False
P004,2024-10-31,19,10.0,21.0,21.285714285714285,3,0.3929111114053874,False
P004,2024-11-01,18,19.0,20.0,21.0,4,0.20164159915216043,False
P004,2024-11-02,33,18.0,34.0,20.714285714285715,5,0.20922362533805292,False
P004,2024-11-03,25,33.0,32.0,20.571428571428573,6,0.28082430713325496,False
P004,2024-11-04,20,25.0,17.0,19.571428571428573,0,0.260255031393981,False
P004,2024-11-05,25,20.0,15.0,20.0,1,0.27875810164742454,False
P004,2024-11-06,18,25.0,10.0,21.428571428571427,2,0.39874690595105455,False
P004,2024-11-07,17,18.0,19.0,22.571428571428573,3,0.21619195987510284,False
P004,2024-11-08,18,17.0,18.0,22.285714285714285,4,0.17286793343427256,False
P004,2024-11-09,38,18.0,33.0,22.285714285714285,5,0.21584800620787195,False
P004,2024-11-10,27,38.0,25.0,23.0,6,0.3557824088152147,False
P004,2024-11-11,18,27.0,20.0,23.285714285714285,0,0.24480893859194341,False
P004,2024-11-12,14,18.0,25.0,23.0,1,0.24856510671296447,False
P004,2024-11-13,15,14.0,18.0,21.428571428571427,2,0.27601809335772504,False
P004,2024-11-14,17,15.0,17.0,21.0,3,0.24845989609424873,False
P004,2024-11-15,22,17.0,18.0,21.0,4,0.22811677744151676,False
P004,2024-11-16,38,22.0,38.0,21.571428571428573,5,0.2680605437796483,False
P004,2024-11-17,32,38.0,27.0,21.571428571428573,6,0.2840955339329733,False
P004,2024-11-18,15,32.0,18.0,22.285714285714285,0,0.22747122812552617,False
P004,2024-11-19,27,15.0,14.0,21.857142857142858,1,0.30576578642246055,False
P004,2024-11-20,15,27.0,15.0,23.714285714285715,2,0.31473472473562125,False
P004,2024-11-21,14,15.0,17.0,23.714285714285715,3,0.23620125639089157,False
P004,2024-11-22,10,14.0,22.0,23.285714285714285,4,0.3550910884269836,False
P004,2024-11-23,36,10.0,38.0,21.571428571428573,5,0.4360607201619862,False
P004,2024-11-24,34,36.0,32.0,21.285714285714285,6,0.23769335163433394,False
P004,2024-11-25,26,34.0,15.0,21.571428571428573,0,0.3400582889684053,False
P004,2024-11-26,11,26.0,27.0,23.142857142857142,1,0.33712718990453217,False
P004,2024-11-27,22,11.0,15.0,20.857142857142858,2,0.3046033146696619,False
P004,2024-11-28,17,22.0,14.0,21.857142857142858,3,0.20496038398262031,False
P004,2024-11-29,20,17.0,10.0,22.285714285714285,4,0.36399673805983623,False
P004,2024-11-30,23,20.0,36.0,23.714285714285715,5,0.3976980272396757,False
P004,2024-12-01,36,23.0,34.0,21.857142857142858,6,0.49818235269259004,False
P004,2024-12-02,20,36.0,26.0,22.142857142857142,0,0.3098617235235058,False
P004,2024-12-03,16,20.0,11.0,21.285714285714285,1,0.3382670555262195,False
P004,2024-12-04,19,16.0,22.0,22.0,2,0.2033582970717654,False
P004,2024-12-05,13,19.0,17.0,21.571428571428573,3,0.1778917022279935,False
P004,2024-12-06,14,13.0,20.0,21.0,4,0.20743716334664306,False
P004,2024-12-07,28,14.0,23.0,20.142857142857142,5,0.35015600753828563,False
P004,2024-12-08,23,28.0,36.0,20.857142857142858,6,0.319037936525452,False
P004,2024-12-09,20,23.0,20.0,19.0,0,0.3099275528117816,False
P004,2024-12-10,21,20.0,16.0,19.0,1,0.29122597997438204,False
P004,2024-12-11,13,21.0,19.0,19.714285714285715,2,0.3680256216548854,False
P004,2024-12-12,18,13.0,13.0,18.857142857142858,3,0.39060744228146455,False
P004,2024-12-13,15,18.0,14.0,19.571428571428573,4,0.27621505772322996,False
P004,2024-12-14,31,15.0,28.0,19.714285714285715,5,0.23954874510042173,False
P004,2024-12-15,27,31.0,23.0,20.142857142857142,6,0.4384337388835455,False
P004,2024-12-16,12,27.0,20.0,20.714285714285715,0,0.2879360680153443,False
P004,2024-12-17,20,12.0,21.0,19.571428571428573,1,0.33000141218860735,False
P004,2024-12-18,16,20.0,13.0,19.428571428571427,2,0.3610737182765159,False
P004,2024-12-19,23,16.0,18.0,19.857142857142858,3,0.24892150891277848,False
P004,2024-12-20,16,23.0,15.0,20.571428571428573,4,0.2834024538161381,False
P004,2024-12-21,25,16.0,31.0,20.714285714285715,5,0.36926365051929017,False
P004,2024-12-22,34,25.0,27.0,19.857142857142858,6,0.40822197707465835,False
P004,2024-12-23,18,34.0,12.0,20.857142857142858,0,0.32969335668518507,False
P004,2024-12-24,18,18.0,20.0,21.714285714285715,1,0.27832079215277006,False
P004,2024-12-25,20,18.0,16.0,21.428571428571427,2,0.2641101856010473,False
P004,2024-12-26,13,20.0,23.0,22.0,3,0.26990672820615547,False
P004,2024-12-27,15,13.0,16.0,20.571428571428573,4,0.22985458863704747,False
P004,2024-12-28,29,15.0,25.0,20.428571428571427,5,0.26783926919558976,False
P004,2024-12-29,24,29.0,34.0,21.0,6,0.2433597369355939,False
P004,2024-12-30,14,24.0,18.0,19.571428571428573,0,0.28991911961775646,False
P004,2024-12-31,21,14.0,18.0,19.0,1,0.2858408115599139,False
